sample_id,reference_en,greedy_output,beam_output,delta_chrf
0,"several years ago here at ted, peter skillman introduced a design challenge called the marshmallow challenge.","the adoption of us have been here, a few years ago, a lot of us have been a solution for a solution for a solution for a solution for a solution for a solution for a solution for a solution for a solution.","here's a few years ago, i'm going to give you a few years ago.",-2.9249365471977598
1,"and the idea's pretty simple: teams of four have to build the tallest free-standing structure out of 20 sticks of spaghetti, one yard of tape, one yard of string and a marshmallow.","and one of the most famous bricker, one of the most famous bricker, one of the most famous bricker, one of the most famous bricker, the most famous bricker of the most famous bricker.","and one of the most famous bricks, one of the most famous bricks, one of the most famous bricks, and one of the most of the most famous bricks.",0.1434058014176678
2,the marshmallow has to be on top.,the top of the top of the top of the top.,you have to be familiar with the topics.,6.988402327942101
3,"and, though it seems really simple, it's actually pretty hard because it forces people to collaborate very quickly.","it's very simple, because it's very simple, very simple, very simple.","it's very simple, because it's very simple. it's very simple.",-0.574918472104887
4,"and so, i thought this was an interesting idea, and i incorporated it into a design workshop.",so i thought i was a creative idea that i was a creative idea of design.,"so i thought that this is a design idea of design, and i thought i was a creative idea.",10.069113473232001
5,and it was a huge success.,it was a success.,it was a success.,0.0
6,"and since then, i've conducted about 70 design workshops across the world with students and designers and architects, even the ctos of the fortune 50, and there's something about this exercise that reveals very deep lessons about the nature of collaboration, and i'd like to share some of them with you.","and i did a lot of students, and i did this technology, and i did a lot of people who are working with you, and i did this technology, and i did a lot of the work with a lot of the work with a company, and i did this technology, and i did not have a lot of the work with you, and i did this technology, and i did a","and so i've been working with you, and i've been working with a bunch of students, and i've been working with this technology, and i've been working with you, and i've been working with a bunch of students, and i've been working with this technology, and i've been working with you about a bunch of students to share with a",1.90047555765101
7,"so, normally, most people begin by orienting themselves to the task.","so most people start to get people, and they start to get to this task.","so, most people start to get people, and they begin to be creative.",2.898491530354807
8,"they talk about it, they figure out what it's going to look like, they jockey for power.","and you know how they're going to be able to be able to hear, and they're going to be able to be able to hear about how they're going to be able to be able to be able to hear.","and you know how they're going to be able to be able to hear, and they're going to hear about how they're going to be able to be able to be able to be able to hear.",0.43318529621124213
9,"then they spend some time planning, organizing, they sketch and they lay out spaghetti.","and then they're going to spend time, and then they're going to keep the time.","and then they're going to spend time, and then they're going to keep them.",-1.8761279755864742
10,they spend the majority of their time assembling the sticks into ever-growing structures.,most of us spend most of them in our time.,most of us spend most of them in our time.,0.0
11,"and then finally, just as they're running out of time, someone takes out the marshmallow, and then they gingerly put it on top, and then they stand back, and -- ta-da! -- they admire their work.","and then they're going to go back to the top, and then they're going to the top, and then they're going to go to the top, and then they're going to the top, and then they're going to go to the top, and then they're going to the top of them.","and then they're going to go back to the top of them, and then they're going to the top of them, and then they're going to the top, and then they're going to get them, and then they're going to get them, and then they're going to get them, and then they're going to get them, and then they",-0.14920708990429787
12,"but what really happens, most of the time, is that the ""ta-da"" turns into an ""uh-oh,"" because the weight of the marshmallow causes the entire structure to buckle and to collapse.","but the fact is that most of the fact that most of the fact that most of the fact, the fact is that most of the fact that is that most of the fact, is the fact that is the fact that most of the fact that is the fact that most of the fact that is the fact that is the fact that most of the fact that is the fact that is the fact that is","but what's happening is that most of the fact that's happening in the fact that's happening, because most of the fact that's happening in the fact that's happening in the fact that's happening.",7.545992304693325
13,"so there are a number of people who have a lot more ""uh-oh"" moments than others, and among the worst are recent graduates of business school.","so there's a lot of people who have a lot of different kind of the people who have a lot of the best efforts, and they have a lot of the best efforts.","so there's a lot of people who have a little bit more creative commons, and there's a lot of people who have a lot of people who have more.",1.7377212139746874
14,"they lie, they cheat, they get distracted and they produce really lame structures.","they are really, they are really, they are, they are really crazy, they are really crazy, they are really crazy, they are really crazy.","they're really excited, they're really excited, they're really excited, they're really crazy.",2.2270379394879534
15,"and of course there are teams that have a lot more ""ta-da"" structures, and among the best are recent graduates of kindergarten.","and of course, there are a mathematicians that are a mathematicians that are a mathematician, and of the wrong spot.","and of course, there's a mathematicians that's a mathematicians that are a mathematicians, and of course.",-3.380011706754619
16,and it's pretty amazing.,and that's really cool.,and that's a wonderful thing.,5.69665453884879
17,"as peter tells us, not only do they produce the tallest structures, but they're the most interesting structures of them all.","but it's also not just as a lot of them, it's also the most peaceful ones.","but it's not just as much as much as a result, it's not just as much as much as much as much as much as much as they's.",-5.85203326107764
18,so the question you want to ask is: how come? why? what is it about them?,"so what is it that the question is, how do you think about?","so what's the question is, how do you think about it?",-7.318564194490591
19,"and peter likes to say that none of the kids spend any time trying to be ceo of spaghetti, inc. right?","and we say that it's not a lot of children, ""the value of us to do what we say, ""the value.""","it's not about what we say, ""well, it's going to spend time to spend time to spend a time to spend time.""",4.752930849117011
20,they don't spend time jockeying for power.,and no time in the power of power.,they don't spend time in power.,35.75140778097318
21,but there's another reason as well.,but there's another reason.,but there's another reason.,0.0
22,"and the reason is that business students are trained to find the single right plan, right?","well, the reason is that the best example of the best job is that the students are right now.","well, the reason is that it's one of the best job.",-15.834062689070937
23,and then they execute on it.,then they get the skeleton on the nerve.,and then they're doing it.,17.468427507862827
24,"and then what happens is, when they put the marshmallow on the top, they run out of time and what happens?","what happens when they do it happens, and what happens when they do they're going on the top, and what happens, and what happens?","and what happens when they do it happens, what happens, and what happens when they's happening?",-4.740772843988097
25,it's a crisis.,it's the crisis.,it's the crisis.,0.0
26,sound familiar? right.,it looks like a lot more money. right?,isn't it. right?,-0.42415575060093147
27,"what kindergarteners do differently is that they start with the marshmallow, and they build prototypes, successive prototypes, always keeping the marshmallow on top, so they have multiple times to fix when they build prototypes along the way.","so what they're doing is that they're doing is a different way, and they're doing the building a different way to the building, and they're doing the building a different way, and they're doing the building the building the building the building the building.","and what they're doing is that they're looking at the same way, and so they're looking at a different way, and they're looking at a different way, and they're looking at the topics, and they're looking at a different way.",0.39797414514675467
28,designers recognize this type of collaboration as the essence of the iterative process.,so they know that kind of hard to be able to make these kinds of activity.,so they know this kind of hard to be able to discover this kind of activity.,1.0816917395935626
29,"and with each version, kids get instant feedback about what works and what doesn't work.","and what they did was doing is, and what they didn't work about them.","and what they did is, and what they didn't work.",-5.013244334409297
30,"so the capacity to play in prototype is really essential, but let's look at how different teams perform.","so the difference is, but the difference is the difference in the model of the model of the model.","so the difference is, but the difference in the model works on the model.",0.6316210042945727
31,"so the average for most people is around 20 inches; business schools students, about half of that; lawyers, a little better, but not much better than that, kindergarteners, better than most adults.","so most of the best students, most of the best students, most of the best students are the best students, but most of the best students, most of the best talented, most of the best talented, most people are better than that's.","so most of the best students, most of the best students, most of the best students, most of the best students, most of the best students are the best students, but most of the best talents, most of the best talents, most of the best talents.",-9.057719436675612
32,who does the very best?,is the best part of the best?,is the best part of the best?,0.0
33,"architects and engineers, thankfully.","they're like, ""theon!""","the engineers, they're walking around.",29.750703250654396
34,thirty-nine inches is the tallest structure i've seen.,i saw the longest-old son.,i saw the largest camera that i saw.,1.222417137095503
35,and why is it? because they understand triangles and self-reinforcing geometrical patterns are the key to building stable structures.,and why is the building that we build the building that we build the building that we are the building.,"and why is the building that we build this structure of india, and why is the structure of india?",5.41382520138551
36,"so ceos, a little bit better than average, but here's where it gets interesting.","so, the good thing here is, but the best example of the best thing.","so, the good thing here is, but they're going to be a little bit better than the best.",21.68730295287064
37,"if you put you put an executive admin. on the team, they get significantly better.","if you put them on the team, you're going to get a completely different measure the website.","if you put them on the team, you're going to get a completely different place.",-0.5228223888650234
38,"it's incredible. you know, you look around, you go, ""oh, that team's going to win.""","you know, it's amazing, you know, you know, you know, you know, you know, it's amazing, you know, you know, you know, you know, it's amazing.","you know, it's amazing, you know, you know, you know, you know, you know, it's amazing, you know, you know, you know, you know, it's amazing.",0.0
39,you can just tell beforehand. and why is that?,we can say that's happening. right?,we couldn't say that's happening.,-1.3433440593903612
40,because they have special skills of facilitation.,they have a special battlefield skills.,because they have a special battlefield skills.,14.969136739977344
41,"they manage the process, they understand the process.","they're doing it, they're wrong.","they're thinking, they're doing it.",0.9681575591921714
42,and any team who manages and pays close attention to work will significantly improve the team's performance.,and he's going to work to work with a team of work and he's going to work with a team.,"and he's going to work with a team of working on work, and he's going to work with a team.",0.39122520841022634
43,specialized skills and facilitation skills are the combination that leads to strong success.,"the skills, the skills that are the skills that are the skills that are the skills, and the skills that are the skills that are the skills.","the skills is the skills, the skills of the skills, the skills, the skills of the skills, the skills, the skills that the skills, the skills of the skills that are the skills that are the skills of the skills.",-3.053420124347369
44,"if you have 10 teams that typically perform, you'll get maybe six or so that have standing structures.","if you have 10 or you're going to have a 10-year-old, you're going to get a drug, you're going to get a drug.",if you have 10 or you're going to have 10 or maybe you're going to do something like this.,2.354517157550845
45,and i tried something interesting.,and i tried something like a little bit.,and i tried something that i tried to be something.,2.855051499817229
46,"i thought, let's up the ante, once.","i thought, i'd say, ""how do not do it.","i thought, i didn't do a different way.",-0.4367803283332421
47,"so i offered a 10,000 dollar prize of software to the winning team.",so i took 10 dollars a prize winner of the new software.,so it's a prize winner of a prize winner.,-19.734654768500054
48,so what do you think happened to these design students?,so what happened to the students?,so what's happened? so what happened?,-26.217699553600863
49,what was the result?,what was the result?,what was the result?,0.0
50,here's what happened: not one team had a standing structure.,so what happened is that's exactly what happened in one of the equation.,here's what happened in one of the project.,9.235384185392363
51,"if anyone had built, say, a one inch structure, they would have taken home the prize.","if anybody, one guy, one guy, it's a single egg, it's a single egg.","if anybody, it's one guy, it's one guy, it's one guy.",-1.3127548147732089
52,"so, isn't that interesting? that high stakes have a strong impact.","so, it's a powerful force, right.","so, it's a powerful effect.",-1.1442749905752017
53,we did the exercise again with the same students.,we did the same students with the same students.,we've done with the same students.,-9.974887625642879
54,what do you think happened then?,what happened when the uni?,what happened? what happened?,-4.168256343247755
55,so now they understand the value of prototyping.,so now they're trying to understand the first paradigm.,so now they're trying to understand the first model.,0.7473560363894123
56,so the same team went from being the very worst to being among the very best.,so the difference of the difference are better than the best.,so the difference of the difference are better than the best.,0.0
57,they produced the tallest structures in the least amount of time.,they've been looking at the time.,they've been looking at the time.,0.0
58,so there's deep lessons for us about the nature of incentives and success.,so there's a lot of incentives about the nature.,so there's a sense of the nature of the nature of the nature of the nature of the nature of the nature of the nature of the nature.,-25.2638324732916
59,"so, you might ask: why would anyone actually spend time writing a marshmallow challenge?","so, why would you ask a lot of time, why do you ask them?","so, why do you ask a lot of time, why do you ask them?",-5.909100396152473
60,"and the reason is, i help create digital tools and processes to help teams build cars and video games and visual effects.","and the reason why i'm involved in the world, and i'm involved in the world and help build a digital fabrication.",and the reason why i'm going to help build the difference in new york and help build a digital fabrication.,2.7461064981861973
61,and what the marshmallow challenge does is it helps them identify the hidden assumptions.,"and what we're interested in the national security, and what we're doing is that they're doing is the value of the value of the value of the value of the value of the value of the value of the value of the value of the value of the value of the value of the value of the value of the value of the value of the value.",and what we're doing is that they're going to help protect them to help protect their own success.,6.245053590806293
62,"because, frankly, every project has its own marshmallow, doesn't it?","because it's a whole project, it's a day, because it's a day.","because, it's a short time, because it's all of it's a day.",-2.2906625976880406
63,"the challenge provides a shared experience, a common language, a common stance to build the right prototype.","the challenge, the challenge is not going to be a language, the right thing.","the challenge, the challenge is not going to make a language of the right thing.",-1.0297632740491593
64,"and so, this is the value of the experience, of this so simple exercise.","so this experiment is the value of this experiment, this experiment.","and so, this is the value of the value of the value of this experiment.",13.443133534770269
65,and those of you who are interested may want to go to marshmallowchallenge.com.,"i'm going to show you some of you, and i'm going to go to visit the ""theist.""","i'm going to show you some of you, and i don't want you to visit them.",-0.974263527440268
66,it's a blog that you can look at how to build the marshmallows.,you can look at the u.s.s.s.s.,you can see how it works.,-11.355215186746745
67,there's step-by-step instructions on this.,and there's a step of two steps.,and there's a step of a step.,-1.4475733818905212
68,there are crazy examples from around the world of how people tweak and adjust the system.,and there's a crazy system that people are doing the world.,and there's a crazy system that's a crazy system.,-12.889600039078378
69,there's world records that are on this as well.,there's also a world of the world.,there's a world that's a world.,2.268558008021781
70,"and the fundamental lesson, i believe, is that design truly is a contact sport.","and the fact, i think the fact is the fact that science is the science is a mathematician physics.","i think, is a mathematician physics, is a mathematician physics.",-9.180776401884497
71,"it demands that we bring all of our senses to the task, and that we apply the very best of our thinking, our feeling and our doing to the challenge that we have at hand.","and if we have a better endeavor that we have a better endeavor, we have a better endeavor, we have to do, and we have a better understand our own choices.","and if we have the challenge we have a better endeavor that we have a better endeavor, we have a better endeavor, and we have a better endeavor.",2.270386307868563
72,"and sometimes, a little prototype of this experience is all that it takes to turn us from an ""uh-oh"" moment to a ""ta-da"" moment.","sometimes, sometimes, ""what's a little bit of the first thing to me, or ""i'm going to be a little bit of this is a little bit of this experiment.""","and sometimes it's a little bit of this experiment, and sometimes it's a little bit, ""i'm going to be a little bit of the first thing.""",0.221863575731021
73,and that can make a big difference.,so we can change the results.,so we can change a big change.,5.139805555558972
74,thank you very much.,thank you very much.,thank you very much.,0.0
75,let's pretend right here we have a machine.,"let's show you a little bit, there's a little bit of the party.","let's see here, let's go there.",2.5518460944525536
76,"a big machine, a cool, ted-ish machine, and it's a time machine.","and it's a big machine, and it's a big machine.","it's a big machine, and it's a big machine.",-0.36781323400697374
77,and everyone in this room has to get into it.,and all of these are inside of them inside of them inside.,"and all of them, it's inside them inside.",-0.6879076699701514
78,"and you can go backwards, you can go forwards; you cannot stay where you are.","you can't get to control, where you can't get to go to the future.","and if you can't go to the future, you can't get your future.",-2.8632735387223107
79,"and i wonder what you'd choose, because i've been asking my friends this question a lot lately and they all want to go back.","and if i asked me, i asked them to the last question, i asked them to the last question, i asked them, and i asked them to the last question.","and if i asked my friends, i asked me, i asked them, i asked them, i asked them, i asked them to the question.",2.871517520060266
80,"i don't know. they want to go back before there were automobiles or twitter or ""american idol.""",i don't know they're not going to be a week ago.,i don't know whether they're not going to twitter or twitter or twitter.,13.614667309519252
81,i don't know.,i don't know.,i don't know.,0.0
82,"i'm convinced that there's some sort of pull to nostalgia, to wishful thinking.","i'm a kind of days, there's a kind of days of a kind of a kind of a kind of a kind of a kind of a kind of a kind of a kind of a kind of a kind of a kind of a kind of a kind of a kind of a kind of a kind of a kind of a kind of a kind of a kind of a kind of a","i'm a kind of days, there's a kind of days, and i'm a kind of a kind of dubai.",4.575040059755837
83,and i understand that.,and i understand that.,and i understand that.,0.0
84,"i'm not part of that crowd, i have to say.","i'm not part of the group of the group, i'm not going to say.","i'm not part of the group, i'm not going to say.",2.5534644667653907
85,"i don't want to go back, and it's not because i'm adventurous.",i don't want to be happy -- i don't want to be happy.,i don't want to be happy -- i don't want to be happy.,0.0
86,"it's because possibilities on this planet, they don't go back, they go forward.","they're not going to go to the future, because of the planet, they're not going to the future.","they're not going to go to the future, because they're not going to the future.",-9.067263063522223
87,"so i want to get in the machine, and i want to go forward.","so i want to go back to the future, and i want to go to go.","so if i want to go back to the future, i want to go back.",-12.639265344484237
88,"this is the greatest time there's ever been on this planet by any measure that you wish to choose: health, wealth, mobility, opportunity, declining rates of disease ...","and the greatest advantage of the planet, this planet, the planet, the greatest risk of the planet, the greatest risk of the planet, the planet, the planet, the greatest risk of the planet.","pm: this is the greatest risk of the planet, and the planet, the greatest risk of this planet, the planet, and the greatest risk of the planet.",4.580767899954221
89,there's never been a time like this.,there was no time ago.,there was no time ago.,0.0
90,"my great-grandparents died, all of them, by the time they were 60.","when they were in the front of the monkeys, they were in the monkeys, they were sleeping.","when they were young, they were young, they were young.",-4.706560638648966
91,my grandparents pushed that number to 70.,they took the number two years to this.,they went to this number two years.,1.9532638077978355
92,my parents are closing in on 80.,they took two boat two boat two boat.,they took the boat two boat two boat two boat.,0.3440245580607595
93,so there better be a nine at the beginning of my death number.,so there's a short number of days in the early stages.,"so, there's a short number of days.",-7.281272821802567
94,"but it's not even about people like us, because this is a bigger deal than that.",but it's not a lot of people like that.,but it's not a lot of people like that.,0.0
95,a kid born in new delhi today can expect to live as long as the richest man in the world did 100 years ago.,in the world war ii has been killed in new york times a child in new york times a living in new york times.,in the world war ii has been killed in new york times a child in new york times.,-1.1891737107837983
96,"think about that, it's an incredible fact.",think about it's amazing. it's amazing.,think about it. it's amazing.,1.4387961595988088
97,and why is it true?,why is this real real real?,why is this real real?,1.261758008352185
98,smallpox. smallpox killed billions of people on this planet.,the planet of the planet is probably billions of people on the planet.,"on the planet, the planet on the planet. this planet.",-22.616544411268887
99,it reshaped the demography of the globe in a way that no war ever has.,it's not a war to do the world war.,it can't do the world war. it can't do the war.,0.811800708608704
100,it's gone. it's vanished.,it's been taken.,it's changed.,3.8559955798448904
101,we vanquished it. puff.,we are acting.,we are acting.,0.0
102,"in the rich world, diseases that threatened millions of us just a generation ago no longer exist, hardly.","now, the majority of us have been a global human diseases, the world.","now, in the world, it's not about 75 million years ago.",-2.052879159473651
103,"diphtheria, rubella, polio ...","children, baby, baby, baby, baby, baby.","babies, children's like kids.",2.3102091786951684
104,does anyone even know what those things are?,is anybody who knows that?,is anybody who knows that's one of you know?,2.6603013564585254
105,"vaccines, modern medicine, our ability to feed billions of people, those are triumphs of the scientific method.","we are able to deal with these types of individuals, we're dealing with our own biotechnology, and we're dealing with our own biotechnology.","we're talking about medicine, and we're dealing with these creatures.",-2.1597930467461595
106,"and to my mind, the scientific method -- trying stuff out, seeing if it works, changing it when it doesn't -- is one of the great accomplishments of humanity.","and in the way, if it works, it's the most important to see if it works, it works, it works, it works, it works, it works, it works, it works.","and in fact, if it's one of the most important thing, it works, it's the most important to see if it works.",6.450724348178024
107,so that's the good news.,so the good news is your news.,so the good news is the good news.,6.15463032076412
108,"unfortunately, that's all the good news because there are some other problems, and they've been mentioned many times.","luckily, there's some other problems, because there are some of the news.","luckily, there's a few times, because there's a few times, there's a lot of problems.",-12.072129795118464
109,"and one of them is that despite all our accomplishments, a billion people go to bed hungry in this world every day.","and the world is that every day, all of them, all the world, all the world, all of them, all of them, all the world.","and the world is that every day, every day, every day, every day, every day, every day, every day, every day, every day, all the world.",-6.166379498124506
110,"that number's rising, and it's rising really rapidly, and it's disgraceful.","and that's very quickly, very quickly, very quickly.","and that's very quickly, very quickly, very quickly.",0.0
111,"and not only that, we've used our imagination to thoroughly trash this globe.","we've been designed to build this world, not just the world.","it's not just the world, it's not just the hope.",-5.883589673935624
112,"potable water, arable land, rainforests, oil, gas: they're going away, and they're going away soon, and unless we innovate our way out of this mess, we're going away too.","we'll go back to the ice shelter, and what we're going to the water, and we're going to go, and we're going to go, and we're going to the water, and we're going to go back to the water, and we're going to the water.","and what we're going to do, we're going to launch, we're going to launch, we're going to go back, and we're going to cover the ice shelter, and we're going to go back.",-0.8690444149701655
113,so the question is: can we do that? and i think we can.,"so, i think we can do that?",so the question is we can we do that?,24.11963624050989
114,i think it's clear that we can make food that will feed billions of people without raping the land that they live on.,i think we can't be able to get people to be able to get a billion people to be able to get away from the future.,"i think we can't be able to get a billion people, and i think we can're not going to get people.",1.0526425762931524
115,i think we can power this world with energy that doesn't also destroy it.,i think we can't be the same time in the world.,i don't think we can't think we can't be the same time in the world.,1.0922666270821288
116,"i really do believe that, and, no, it ain't wishful thinking.","i believe that, i believe me.","i believe that, i believe me.",0.0
117,but here's the thing that keeps me up at night -- one of the things that keeps me up at night: we've never needed progress in science more than we need it right now. never.,"but one of the things that we're not going to be the scientific, the scientific thing that we're not going to be the scientific, the scientific thing that we're not going to be the scientificization that we're not going to be the scientific.","but one of the things that we didn't know that we't think about the scientific things that we're not going to be the scientific, the scientific thing that we've never been doing.",6.190270385749098
118,and we've also never been in a position to deploy it properly in the way that we can today.,and we can't afford to be able to do this.,and we didn't have a way that we can't afford to do this.,11.01784869819728
119,"we're on the verge of amazing, amazing events in many fields, and yet i actually think we'd have to go back hundreds, 300 years, before the enlightenment, to find a time when we battled progress, when we fought about these things more vigorously, on more fronts, than we do now.","when we tried to get a lot of things, i think we're going to get a lot more than three years ago, and we're going to get a lot more than we're going to get a hundred years ago, and we're going to get a lot more than we're going to get a hundred years ago, and we're going to get a lot more","now, when i think we're going to have a lot more than three hundred years ago, we're going to have a lot of these things that we're going to have a lot more than three years ago, and i think we're going to be able to be able to get a lot more than that we're going to have to have a lot more than we'",2.572030441724813
120,"people wrap themselves in their beliefs, and they do it so tightly that you can't set them free.","you can't even imagine that, they're not going to get them to pursue them to get them to do that.","you can't even imagine that, they can't get them to them to themselves.",5.866873047796183
121,not even the truth will set them free.,and they're going to be able to do it.,and they're not going to do it.,0.46815791283413155
122,"and, listen, everyone's entitled to their opinion; they're even entitled to their opinion about progress.","they've seen them, even one of them, they're going to be able to hear them.","they've seen them, and they've got to hear them, even one of them, even though they've got them.",-0.4966876729485996
123,but you know what you're not entitled to?,but you know what?,but you know what?,0.0
124,"you're not entitled to your own facts. sorry, you're not.","i'm not going to be honest, you're not going to be surprised.",i'm not sure you're not going to leave you. i'm not going to leave you.,0.8533014747679424
125,and this took me awhile to figure out.,and i took some of this time to me to take me.,and i took a few of this time.,-1.2776636546783209
126,"about a decade ago, i wrote a story about vaccines for the new yorker. a little story.","i wrote about 15 years ago, ""the long-year-old.","i wrote about 15 years ago, i wrote about 15 years ago, i wrote about 15 years ago.",8.133769782116563
127,"and i was amazed to find opposition: opposition to what is, after all, the most effective public health measure in human history.",and i was a committed to the greatest risk of the greatest risk of the greatest risk of the greatest risk of the greatest risk of the greatest risk of the human history.,"and i was amazed by the greatest risk of human history, and i was amazed by the greatest risk of human history.",5.055020388121445
128,"i didn't know what to do, so i just did what i do: i wrote a story and i moved on.","so i wrote what i did, i did. i did. i know what i did.","so i wrote what i did, and i did, i know what i did.",2.010285376433057
129,"and soon after that, i wrote a story about genetically engineered food.","and after that, i wrote a story, i wrote a story about food.","and after that, i wrote a story, i wrote a story.",-11.596560043620478
130,"same thing, only bigger.","just the same thing, just the same thing.",just the same thing with the same thing.,-4.4553567233132085
131,people were going crazy.,people are doing the same.,people do.,-8.382284287220763
132,"so i wrote a story about that too, and i couldn't understand why people thought this was ""frankenfoods,"" why they thought moving molecules around in a specific, rather than a haphazard way, was trespassing on nature's ground.","so i wrote a lot of people, ""well, why i'm going to understand why people are not going to be able to do that, why people are doing that, why they were able to do that, why they were unable to do that.","so i wrote a lot of people, ""well, why don't understand why it was a lot of the food,"" and it's a lot of people's not going to do it.",-4.676942208021266
133,"but, you know, i do what i do. i wrote the story, i moved on.","but i wrote what i wrote, i do, i write a job.","but i wrote what i do, i do, and i do.",5.026765844363261
134,"i mean, i'm a journalist.","i mean, i mean, i mean, i mean, i'm sorry.","i mean, i mean, i mean.",-6.992440724898156
135,"we type, we file, we go to dinner. it's fine.","we're doing everything, we're doing.","we're doing everything, we're doing.",0.0
136,"but these stories bothered me, and i couldn't figure out why, and eventually i did.","but why, i didn't understand why i understood it.","but why, i didn't understand why i't understand why i't understand why it.",0.3434547427440613
137,and that's because those fanatics that were driving me crazy weren't actually fanatics at all.,and that was actually the fact that i was not the truth of the truth.,and that's because of the fact that i didn't have the fact that was in the fact that i was in the truth.,8.47186339526456
138,"they were thoughtful people, educated people, decent people.","and the teachers were people, and people, and the teachers were very good.","teachers, people were very good, and teachers.",-12.980235301000306
139,they were exactly like the people in this room.,they were totally in this room like people who were totally.,they were just like this room like people in the room.,11.170533425762123
140,and it just disturbed me so much.,and it's very powerful.,and it's very frustrated me.,8.097422093395373
141,"but then i thought, you know, let's be honest.","but you know, let's say, ""i's be honest.","but you know, let's say, let's say, ""oh, let's be honest.",0.24148249949731593
142,we're at a point in this world where we don't have the same relationship to progress that we used to.,we have the same relationship where we have the same relationship in the world where we have the same relationship in the same relationship.,we have the same way that we have the same relationship in the world where we're not going on.,6.335516518860999
143,we talk about it ambivalently.,we're talking about it.,we're talking about it.,0.0
144,"we talk about it in ironic terms with little quotes around it: ""progress.""","we're talking about it, and we're talking about it.","we're talking with a little bit about it, and we're talking about it.",7.4246863874858136
145,"okay, there are reasons for that, and i think we know what those reasons are.","well, i think we know that's some reasons, there's some reasons.","well, there's some reasons, that's some reasons.",-14.597526030033269
146,"we've lost faith in institutions, in authority, and sometimes in science itself, and there's no reason we shouldn't have.","and i think we've been interested in some cases, there's no reason, and i think we've been a reason why we've been a reason we've been involved in science.","and i think we've been interested in some cases, there's no reason that we's no reason, there's no reason we's no evidence, and i think we've been a reason that we've done in science.",0.25693434966706974
147,you can just say a few names and people will understand.,and people remember that maybe we can just a few other names.,we can remember a couple of years ago.,-25.04995430671052
148,"chernobyl, bhopal, the challenger, vioxx, weapons of mass destruction, you know, you can choose your list.","i mean, of course, the great chocolate, the fate of course, the fate of the fate, the fate of the fate of the fate, the fate of the fate, the fate of the fate, the fate of the fate, the fate of the fate, the fate of the fate, the fate of the fate, the fate of the fate, of the fate, the fate of the","i mean, of course, you know, you know, you know, a nanopatches, of course, a nanopatches.",14.380480561653675
149,"there are questions and problems with the people we used to believe were always right, so be skeptical.",we've always been always been dealing with people who are always interested in the most important questions.,there's always a lot of people who are always interested in our country.,-9.200114151716946
150,"ask questions, demand proof, demand evidence.","ask questions, ask questions, ask questions.","ask questions, ask questions, ask questions.",0.0
151,don't take anything for granted.,"no, no, no.",they don't think anything.,34.890106108167735
152,"but here's the thing: when you get proof, you need to accept the proof, and we're not that good at doing that.","but when you get the idea here, you need to work on this idea, you need to work on this idea, and we don't need to work.","but when you're not working on this idea, you need to work on this idea, and we don't need to work.",-1.5830882187631197
153,and the reason that i can say that is because we're now in an epidemic of fear like one i've never seen and hope never to see again.,and the reason i'm not going to say that we're not going to see that the reason that we're not going to be a problem.,and the reason i'm going to say that we're not going to see the reason that we're not going to be a second problem.,1.2096648214722023
154,"about 12 years ago, there was a story published, a horrible story, that linked the epidemic of autism to the measles, mumps and rubella vaccine shot.","since 12 years ago, 12 years ago, about 12 years ago, the twinian influenza of the twinian influen, a 32 years ago, a 32 years ago, a 32 years ago, a 32 years ago, a 32 years ago.","since 12 years ago, 12 years ago, about 12 years ago, about 12 years ago, about 12 years ago, about 12 years ago.",-3.6865034321752006
155,very scary.,"it's very very, very important.",it's a very good thing.,-1.296497441479893
156,tons of studies were done to see if this was true.,so it was a real real real real thing.,so it's a real thing that if it's a real job.,0.5217365059147703
157,tons of studies should have been done; it's a serious issue.,pm: it was a real problem of a real problem.,pm: it's a real problem: it's a real problem.,2.8760556671868933
158,the data came back.,they were the data.,the data.,3.437083405622417
159,"the data came back from the united states, from england, from sweden, from canada, and it was all the same: no correlation, no connection, none at all.","the united kingdom, the united kingdom, the united kingdom, the united kingdom, the united kingdom, the united kingdom, the united kingdom, the united kingdom, the united kingdom of the united kingdom, the united kingdom, the united kingdom, the united kingdom of the united kingdom, the united kingdom, the united kingdom of the united kingdom, the united kingdom, the united kingdom, the united kingdom of","the united kingdom, the united kingdom, the united kingdom, the united kingdom of the united kingdom, the united kingdom, the united kingdom, the united kingdom of the united kingdom, the united kingdom of the united kingdom, the united kingdom, the united kingdom of the united kingdom of the united kingdom, the united kingdom of the united states.",4.3147872275165025
160,"it doesn't matter. it doesn't matter because we believe anecdotes, we believe what we see, what we think we see, what makes us feel real.","we don't see what we don't see, because we don't see what we don't see, we don't see what we't see, because we don't see what we't see, we't see what we't see, we't see, we't see what we't see, because we't see what we","we don't see what we don't see, because we don't see what we don't see, because we don't see what we don't see, we don't see what we don't think, we't see what we't see.",2.686610184135425
161,"we don't believe a bunch of documents from a government official giving us data, and i do understand that, i think we all do.","and i think we're all going to understand that, i think we're all going to understand that we're all going to understand that, and i think we're all the data.","and i think we all know that, i don't understand that we't understand that we're all know that we're all know that.",-1.87308684207526
162,but you know what?,"but you know, what?","but you know, what?",0.0
163,the result of that has been disastrous.,so the result was the result of the result of the result.,so the result was the result of the result.,2.8008732521115505
164,disastrous because here's a fact: the united states is one of the only countries in the world where the vaccine rate for measles is going down.,the united states of the world is because of the united states of the united states of the united states of the united states of the united states.,"in fact, this is one of the united states of the united kingdom of the united kingdom of the world in the united states.",2.889824972250203
165,"that is disgraceful, and we should be ashamed of ourselves.",and that's not a lot of ourselves.,and that's why we don't have to be able to do ourselves.,0.44487180239932655
166,it's horrible.,it's a complete chaos.,it's a complete chaos.,0.0
167,what kind of a thing happened that we could do that?,that's what happened to do.,that's what happens to do.,-7.867238597061661
168,"now, i understand it. i do understand it.","now, i understand it. i understand it.","now, i'm going to understand it. i understand it.",-6.990265192175329
169,"because, did anyone have measles here?",is there because there's a patient?,is there because there's a patient? because there's a patient.,-1.9725156293259793
170,has one person in this audience ever seen someone die of measles?,"can you one of you here, one of you have anyone?",can anyone here one of you have one of you here?,1.6744856997692477
171,doesn't happen very much.,it's happening.,it's happening.,0.0
172,"doesn't happen in this country at all, but it happened 160,000 times in the world last year.","but it's happened to the last year, it's happened in the world.","but it's happened in the last year, it's happened in the world.",1.2009121535446
173,that's a lot of death of measles -- 20 an hour.,"so many people have a lot of the number of people, and the number of people.","this is a lot of people, and a lot of people.",1.7708729705465345
174,"but since it didn't happen here, we can put it out of our minds, and people like jenny mccarthy can go around preaching messages of fear and illiteracy from platforms like ""oprah"" and ""larry king live.""","but i'm showing them, and i'm standing here to be able to call it a program, where we can's a program.","but i'm standing here, and i'm showing them, and i'm showing them, and i'm showing them, and i'm going to be able to call them, and i'm standing here, like to call them, where we can'm walking around the air.",5.859018760732205
175,and they can do it because they don't link causation and correlation.,they can't do things because they can't do it and they can't get them to the subject of their own.,they can't give them a message that they can't get their own way.,-17.130308386781582
176,"they don't understand that these things seem the same, but they're almost never the same.","they don't understand these things like this stuff, but they look like this.","they don't understand these things, but they look like this.",-0.2620730250768233
177,"and it's something we need to learn, and we need to learn it really soon.",and we need to learn something that we need to learn something that we need to learn from.,and we need to learn something that we need to learn about it.,2.0358078142820446
178,"this guy was a hero, jonas salk.","this man was a man named bobby, dad was a man.",this guy was a man named bobby.,21.111825445941626
179,he took one of the worst scourges of mankind away from us.,one of the worst history of the worst history.,it took one of the worst history.,6.536053294257684
180,"no fear, no agony. polio -- puff, gone.","no, it's all the luxury, it's all the luxury, it's all the luxury.","it's all, it's all the luxury, and it's all.",-1.2543442464000636
181,"that guy in the middle, not so much.","this guy, not a lot of man.","this guy, not a lot of man.",0.0
182,his name is paul offit.,he's name or a name.,he's name or a name.,0.0
183,he just developed a rotavirus vaccine with a bunch of other people.,some of scientists have been able to go to the latest research.,some other scientists have been able to go back with other group of scientists.,3.8340405930253176
184,"it'll save the lives of 400 to 500,000 kids in the developing world every year.","in 500 years, they save the developing world.","in the developing world's lives, every year in the developing world's lives.",7.281678452073962
185,"pretty good, right?","right? well, right?","right? well, right?",0.0
186,"well, it's good, except that paul goes around talking about vaccines and says how valuable they are and that people ought to just stop the whining.","well, it's a good thing about how good news, and it's going to be good for people.","well, it's a good thing to talk about what i'm going to say, and it's going to talk about it.",-1.7782612901859274
187,and he actually says it that way.,"he says, ""well, he's actually a way.","he says, ""that's the way.",-14.334268549693284
188,"so, paul's a terrorist.","so, it's a cartoon.","so, it's a cartoon.",0.0
189,"when paul speaks in a public hearing, he can't testify without armed guards.","when he can't tell the ""the silver bulletet"" when he can's a sculpture.""","when he can't say, he can't afford to be a sculpture.",-0.7454224113864925
190,he gets called at home because people like to tell him that they remember where his kids go to school.,it's a school guy because people are teaching children are doing it's school.,"it's a school, because people love to do it's a school in the world.",-0.5351374521662393
191,and why? because paul made a vaccine.,why did you make a difference?,and why did it? because it's got a story.,19.670912177508953
192,"i don't need to say this, but vaccines are essential.",i'm not saying that's a very important thing.,"i'm not sure that, but i'm not important.",-0.8814250514703588
193,"you take them away, disease comes back, horrible diseases. and that's happening.","if you take a new diseases, and that's a new disease, and that's happening.","if you take a new diseases, and that's a new disease, and that's a new diseases.",-12.20465724526752
194,we have measles in this country now.,there's a country in this country.,there's a country in this country.,0.0
195,"and it's getting worse, and pretty soon kids are going to die of it again because it's just a numbers game.","and it's just because they're just because they're just a game, they're just getting a game, and they're just getting a game.","and it's just because it's very hard to die, and it's just because it's very hard to die.",-1.3109175884180146
196,and they're not just going to die of measles.,and they just go to just go out of the shore.,and they're not just going to just throw them.,32.83090750982986
197,what about polio? let's have that. why not?,what about the skin? let's face?,what about it? let's not going to do?,2.307199811217572
198,a college classmate of mine wrote me a couple weeks ago and said she thought i was a little strident.,"i wrote a few weeks ago, and i wrote a little bit of my owner.","i wrote a few weeks ago, and i wrote a little bit more than i wrote it's a little bit.",2.657553786100639
199,no one's ever said that before.,none of it hadn't ever before.,none of it hadn't ever before.,0.0
200,"she wasn't going to vaccinate her kid against polio, no way.",they weren't going to be a child against polio.,they didn't care about it. it's impossible.,-32.7486119425893
201,fine.,good.,good.,0.0
202,why? because we don't have polio. and you know what?,why? why? because children are not a disease.,why do you know why?,-5.4897732491402955
203,we didn't have polio in this country yesterday.,we didn't have a country in this country.,we didn't have the country in this country.,-0.6260943722520622
204,"today, i don't know, maybe a guy got on a plane in lagos this morning, and he's flying to lax, right now he's over ohio.","i know, there's a guy, and i know that's a guy, and he's a guy, and he's going to be a guy, and he's going to be a guy, and he's going to be a guy, and he's going to be a guy, and he's going to be a guy.","now, i don't know what i's going to be in los angeles, and he's going to go to los angeles, and he's going to los angeles, and he's going to los angeles, and he's going to los angeles.",5.037570105564942
205,"and he's going to land in a couple of hours, he's going to rent a car, and he's going to come to long beach, and he's going to attend one of these fabulous ted dinners tonight.","and it's a great night, and it's going to be a car, and it's going to be a car, and it's going to be a car seatbelief, and it's going to be a car seatbelief.","and it's going to go back to ted, and it's going to ted, and it's going to ted, and it's going to go back to ted, and it's going to ted, and it's going to ted.",-4.726801108633257
206,"and he doesn't know that he's infected with a paralytic disease, and we don't either because that's the way the world works.","and it's why we don't know how to babies, because babies are not a virus that's why we're not a virus.","and that's why we don't know how to babies, because babies are the world is why we don't know how we't know why we't know how drugs.",4.956923295830933
207,that's the planet we live on. don't pretend it isn't.,that's not the planet that we live. it's not true.,that's not true. it's not true. it's not true.,-23.26737168137833
208,"now, we love to wrap ourselves in lies. we love to do it.","now, we love ourselves, we love ourselves, we love ourselves.","now, we like to do that. we do that.",-20.586913053866375
209,everyone take their vitamins this morning?,is it a single morning? is it took one of you?,did you take one of you take this morning?,14.83840395310261
210,"echinacea, a little antioxidant to get you going.","you're going to help you, you're going to help your activity.","you're going to help your activity, to help your activity.",0.5519920055276266
211,i know you did because half of americans do every day.,"i know you're doing that, because you're doing it.","i know you're going to do that, because you're doing it.",-0.5715265852389351
212,"they take the stuff, and they take alternative medicines, and it doesn't matter how often we find out that they're useless.","they are not rational, and they are, and they are not rational, and they are, and they are not looking for the lessons to discover these things that they're not so indefinitely.","they're interested in, and they're looking at these things, and they're learning how much they're not looking at these things.",-1.195581966717988
213,the data says it all the time.,and that time.,and that's time for the information.,0.8343117205040542
214,they darken your urine. they almost never do more than that.,it's just a little bit more scary thing that they don't do it.,it's not just that they're not just getting richer. they're doing that.,3.777124554317819
215,"it's okay, you want to pay 28 billion dollars for dark urine?","you're not going to be a billion dollars, and you're not going to spend 50,000 dollars.","you don't want to spend 50,000 billion dollars.",5.4326528546275625
216,i'm totally with you.,i'm completely totally excited.,i'm totally excited.,16.275159527817273
217,dark urine. dark.,and you're going to give it a complete chaos.,it's a complete chaos.,-3.3638256053111286
218,why do we do that? why do we do that?,why do we do that?,why do we do that?,0.0
219,"well, i think i understand, we hate big pharma.","well, i think we're interested in the big, i think we're not working.","well, i think we're interested in the big, and i think we're interested.",1.090137434004852
220,we hate big government. we don't trust the man.,we don't have big justice. we're not fighting.,we don't believe that we don't care about capital.,-5.677892349355869
221,and we shouldn't: our health care system sucks.,and this is a very high healthcare system.,and this is a very high healthcare system.,0.0
222,it's cruel to millions of people.,it's not a hundred people.,it's not a hundred people.,0.0
223,it's absolutely astonishingly cold and soul-bending to those of us who can even afford it.,it's certainly not a friend who's a friend who's a friend who's not a friend who's a friend who's not a friend who's a friend who's not a friend who's a friend who's a friend who's not a friend who's a friend who's a friend who's not a friend who's,it's certainly not a friend who's a friend who's a friend who's a friend who's a friend who's a friend who's not a friend who don't work.,3.274219113964863
224,"so we run away from it, and where do we run?","so, where are we going to go?","so, where are we going to go?",0.0
225,we leap into the arms of big placebo.,we are in the 1950s.,we're going to have a number of years ago.,3.1670043560575483
226,that's fantastic. i love big placebo.,i love that. i love it.,i love that. i love it.,0.0
227,"but, you know, it's really a serious thing because this stuff is crap, and we spend billions of dollars on it.","but you know, it's not a good thing, because it's really good thing.","but you know, it's not a good thing, because it's really good thing.",0.0
228,and i have all sorts of little props here.,all sorts of options.,all sorts of options.,0.0
229,"none of it ... ginkgo, fraud; echinacea, fraud; acai -- i don't even know what that is but we're spending billions of dollars on it -- it's fraud.","but we're not even doing it, but we're not even doing it, but we's a billion dollars, not even know what's going to do.","i don't know what't know, but we're not even know, but we're not going to do.",-7.095314008891442
230,"and you know what? when i say this stuff, people scream at me, and they say, ""what do you care? let people do what they want to do.","when you want to do, ""what do you want to do you do?""","and when i say, ""well, why do you want to do this stuff?""",5.9233533513158605
231,"it makes them feel good.""",it's good. it's good.,it's good. it's good.,0.0
232,and you know what? you're wrong.,or you know what?,or you know what?,0.0
233,"because i don't care if it's the secretary of hhs who's saying, ""hmm, i'm not going to take the evidence of my experts on mammograms,"" or some cancer quack who wants to treat his patient with coffee enemas.","and i'm not going to be able to call the patient, because i'm not going to call the patient, because i'm not going to call the patient, and i'm a patient, i'm not going to call the patient, or the patient, i'm not going to call the patient, because i'm not going to call the patient, and i","because i'm not going to be a patient, because i'm not going to give you a cancer, i'm not going to call a patient, or a patient, or a patient, and i'm not going to call it a patient, and i'm not going to be patient, because i'm not going to call it a patient, or a patient care of",2.2464034405315623
234,"when you start down the road where belief and magic replace evidence and science, you end up in a place you don't want to be.","when you want to go to the dog, you want to the dog, and the dog, and the dog is not going to go to the dog.","when you go back to the dog, you don't want to a place where you't want to go back to a place.",14.703334260358353
235,you end up in thabo mbeki south africa.,you can see south africa in south africa.,you can see south africa in south africa.,0.0
236,"he killed 400,000 of his people by insisting that beetroot, garlic and lemon oil were much more effective than the antiretroviral drugs we know can slow the course of aids.",they were able to know that they were able to know that they were in the 19th of the 19th of the major battlefield of the major battlefield of the major battlefields.,"it's a kind of leader that we know that they were able to know that they were able to know that they could be more likely to be more than 400 years old, and they were able to know that they were able to be more likely to be able to be able to be able to be able to be more likely to be able to be able to be able to be more likely to",1.5679325348429067
237,hundreds of thousands of needless deaths in a country that has been plagued worse than any other by this disease.,none of the countries that are not reported that are much more than any country than any country.,hundreds of thousands of people have been able to reduce this country in many countries.,10.50886500084621
238,"please, don't tell me there are no consequences to these things.",it's not saying that there's no idea of these things.,they don't say that there's no idea of these things.,2.8212683963073992
239,there are. there always are.,they always have always been always been always been always been.,they always have always been always parallel.,3.6139505630596283
240,"now, the most mindless epidemic we're in the middle of right now is this absurd battle between proponents of genetically engineered food and the organic elite.","now, the most important component of the most important thing that we are now the most important to the natural gas emissions.","now, the most important component of the most important thing that we're looking at the natural gas price of the natural gas emissions.",3.070961414138175
241,it's an idiotic debate. it has to stop.,it's a very tough guy.,it's too busy. it's wrong.,3.4741711686109067
242,"it's a debate about words, about metaphors.","it's about words, it's a lot about beauty.","it's about the words, it's manipulation.",-13.346394511097255
243,"it's ideology, it's not science.","it's not a science, it's not a science.","it's not the alternative, it's not a science.",-1.535121646424237
244,"every single thing we eat, every grain of rice, every sprig of parsley, every brussels sprout has been modified by man.","everything has been a little bit of the human being, and then everything that's all the human being done.","all of the human beings, and then everything that's a little piece of a little bit of the human hair, and then everything.",-1.6592035676451147
245,"you know, there weren't tangerines in the garden of eden.","you know, there was no longer a refugee.","you don't know, there's no ice.",-10.476433958265265
246,there wasn't any cantaloupe. there weren't christmas trees. we made it all.,we didn't have any kind of the christmas party that there was no delhi. we didn't have.,we didn't know there was all the christmas party that we didn't have to be there.,0.266444403200623
247,"we made it over the last 11,000 years.","we're done in the last 5,000 years.",we've done 11 years ago.,-30.31674389567012
248,"and some of it worked, and some of it didn't.",some of these things are not going to be.,and some of these things are not the things.,7.273865615906171
249,we got rid of the stuff that didn't.,we didn't do the things that we didn't do.,we didn't do the things that we didn't do.,0.0
250,"now we can do it in a more precise way -- and there are risks, absolutely -- but we can put something like vitamin a into rice, and that stuff can help millions of people, millions of people, prolong their lives.","now, we can't do something that we can't do, but we can't do something more than people, and that't afford to do something that's going to be able to do.","now, we can't do something that we can't do, but we can't do something more than people, and there's a million people.",3.737957881906489
251,you don't want to do that?,do you do that?,do you do that?,0.0
252,"i have to say, i don't understand it.",i don't understand that. i'm not going to say that.,i don't understand that. i'm not.,-2.460997966178823
253,we object to genetically engineered food.,we are working on the food.,we're going to get the food waste.,3.311364570072456
254,why do we do that?,why do we get that?,why is it going to do that?,-15.111334836097335
255,"well, the things i constantly hear are: too many chemicals, pesticides, hormones, monoculture, we don't want giant fields of the same thing, that's wrong.","well, we want to do that, the things that we want to do, and we want to do it, we want to do it, we want to do it, we want to do it, and we want to do it, we want to do it, we want to do it, we don't want to do it, we want to do it, to do it.","dh: well, we don't want a lot of things that we want to do it, and we want to do it, we want to do it, we want to do it, we want to do it, we want a lot of things.",1.5337521695607492
256,we don't companies patenting life.,we are not doing a daily basis of life.,we don't care about care about health care.,4.369809503594698
257,we don't want companies owning seeds.,we don't want to use seeds.,we don't want to use the seeds.,-0.9564850548367829
258,and you know what my response to all of that is?,what is it going to be the hell.,and you know what is that?,29.240740400930914
259,"yes, you're right. let's fix it.","yeah, let's get it on the right.","yeah, let's get it.",-12.737492025124567
260,"it's true, we've got a huge food problem, but this isn't science.","it's not a real problem, but there's a big problem.","it's not a real problem, but there's a big problem.",0.0
261,this has nothing to do with science.,that's not a relationship with it.,that's not a relationship with it.,0.0
262,"it's law, it's morality, it's patent stuff.","it's something that it's moral, it's law.","it's moral, it's law. it's law.",-1.4693886356178822
263,you know science isn't a company.,"you know, not a company.","you know, not a company.",0.0
264,it's not a country.,it's not a country.,it's not the country.,-30.03974943610251
265,it's not even an idea; it's a process.,"it's not even though, it's not even a idea.","it's not even though, it's the idea.",-2.5223656543922104
266,"it's a process, and sometimes it works and sometimes it doesn't, but the idea that we should not allow science to do its job because we're afraid, is really very deadening, and it's preventing millions of people from prospering.","and sometimes it's a very difficult conceptual idea that we should say that we're not supposed to be a million people, but it's a very difficult to be a crisis, because of the idea that we should say that we're not supposed to be a million people, but it's a million people, because of the idea that we're not supposed to be a","and sometimes it's a really important idea that we should say that we're saying that the idea is that we're saying that the idea is that we should not supposed to do, but it're not the idea that we're saying that we're not supposed to do not supposed to do, because of the idea of the idea that we're saying that we're",-0.9765203257477282
267,"you know, in the next 50 years we're going to have to grow 70 percent more food than we do right now, 70 percent.","you know, we have to do more than 70 years, we have to do 70 years.","you know, we've got to do more than 70 years ago, we have to do 70 years.",1.7118957975587321
268,this investment in africa over the last 30 years.,this is africa in africa.,this is africa in africa.,0.0
269,"they need it, and we're not giving it to them.","and we don't have them, they're not going to do it.","and we don't do it, they're not doing it.",-2.5307528753325954
270,and why? genetically engineered food.,why is the food rate?,and why is the food rate?,8.58597043403167
271,"we don't want to encourage people to eat that rotten stuff, like cassava for instance.","for example, we want to think about that we want to be able to get people to do that.","for example, for example, we don't want to do that.",-2.2886325050500105
272,cassava's something that half a billion people eat.,it's half billion people are connected to half billion.,it's half billion people.,-0.38036708049405377
273,it's kind of like a potato.,it's kind of like a kind of like that.,it's kind of like a kind of player.,-0.2560524184843871
274,it's just a bunch of calories. it sucks.,"it's bad, it's bad. it's bad.",it's bad. it's bad. it's bad. it's bad.,-0.14246022030761196
275,"it doesn't have nutrients, it doesn't have protein, and scientists are engineering all of that into it right now.","it's not a hydrogen sulfide, and the entire universe, and the entire universe does not get all the hydrogen atom.","now, it's not the hydrogen sulfide, but it's all the hydrogen sulfide.",-8.94411855550569
276,and then people would be able to eat it and they'd be able to not go blind.,and then they can be able to put them out of them.,and then they can be able to put them out of them.,0.0
277,"they wouldn't starve, and you know what?","or if you don't know, you know, you know, you're not going to be?","you know, you don't know what?",16.49595929541916
278,"that would be nice. it wouldn't be chez panisse, but it would be nice.",but it will be good. it will be good. it will be good.,but it's going to be good. it's going to be good. it will be good.,-1.3246272114165123
279,and all i can say about this is: why are we fighting it?,and all of this is what i can we do?,and all of this is what i can we do?,0.0
280,"i mean, let's ask ourselves: why are we fighting it?","i mean, let's ask ourselves, why?","i mean, let's ask ourselves, why do we ask ourselves?",-2.1940144038404696
281,because we don't want to move genes around?,because we don't want to be able to be able to be able to be able to put them inside.,because we don't want to be able to use it?,8.400210091002762
282,this is about moving genes around. it's not about chemicals.,this is not about genetics.,that's not about genetics. it's about genetics.,8.678447175133048
283,"it's not about our ridiculous passion for hormones, our insistence on having bigger food, better food, singular food.","the goal is that the biggest problem is that we have to be the largest chemical power, and the largest chemical elements of the largest chemical elements of the largest banks.","it's not the power of the largest banks, and we have to do that, and we have the largest chemical reactions.",2.450995501947231
284,"this isn't about rice krispies, this is about keeping people alive, and it's about time we started to understand what that meant.","and we started to understand that, where we started to understand this right? it's not a human beings, and also understand what we started to understand what we started to understand what we started to understand this right?","it's not like this, where we started to understand what we're starting to understand this right?",2.5286076175591248
285,"because, you know something?","you know, because of course, what?","you know, because of course?",-0.8735373252513696
286,"if we don't, if we continue to act the way we're acting, we're guilty of something that i don't think we want to be guilty of: high-tech colonialism.","if we don't do it, i think we don't do the comet, we want to do the comet, we don't do it.","if we don't do it, i think we don't want to do the comet, we don't do the comet.",-1.9809684816451032
287,there's no other way to describe what's going on here.,there's no other thing that's no other.,there's nothing else that's no other.,-1.4587066272211047
288,"it's selfish, it's ugly, it's beneath us, and we really have to stop it.","i'm not interested in our own, and we need to get it.","it's a hospice, and we need to get it, and we need to get it.",2.9754504243053077
289,"so after this amazingly fun conversation, you might want to say, ""so, you still want to get in this ridiculous time machine and go forward?""","so, if you want to go to the next conversation, ""well, do you want to go to the future?""","so, if you want to go back to the movie, ""well, do you want to the future?""",-9.049435086275714
290,"absolutely. absolutely, i do.","certainly, i want to do.","certainly, i want to do, definitely.",5.950550834773326
291,"it's stuck in the present right now, but we have an amazing opportunity.",but we're not a great chance to be a great chance.,"but now, it's a great chance of us.",1.0368988743695748
292,we can set that time machine on anything we want.,we can't want to take this time to take a machine.,we can't do something that we want to take this machine.,7.906983750745383
293,"we can move it where we want to move it, and we're going to move it where we want to move it.",we want to go to go to go to where we want to go to go to go to go to go to go to go to go to go and go to go to go to go and go to go to go to go and go to go to go to go and go to go to go to go and go to go to go to go and go to go to go and go to go,we want to go to where we want to go to the place where we want to go back.,15.747847349159368
294,"we have to have these conversations and we have to think, but when we get in the time machine and we go ahead, we're going to be happy we do.","we're going to think about it, when we're going to go back to the time, we're going to go back to the time, but when we're going to go back to the machine.","we're going to think about it, when we're going to go back to the time, we're going to do it, but when we're going to do it, we're going to do it.",-4.441374287519913
295,"i know that we can, and as far as i'm concerned, that's something the world needs right now.","i know that we can do something, i know, i know, we can do.","now, i know, i know that we can do something that we can do.",4.36767145371649
296,thank you.,thank you.,thank you. thank you.,-22.19446642084732
297,"one day, los angeles times columnist steve lopez was walking along the streets of downtown los angeles when he heard beautiful music.","one of the most amazing thing that was a very beautiful alternative in los angeles, when i heard in los angeles, i've heard about 17-women in los angeles.","in los angeles, i've heard a very beautiful book in los angeles, in los angeles, in los angeles, in los angeles, in los angeles, in los angeles, in los angeles.",-5.775330271832452
298,"and the source was a man, an african-american man, charming, rugged, homeless, playing a violin that only had two strings.",he was just a man who was a man who was a man who was a man who was a man who was a man who was a man who was a man who was a man who was a man who was a man who was a man who was a man who was a man who was a man who was a man who was a man who was a man who was a man who was a,it was just a man who was a man who was a man who was a man who was a man who was a man who was a man who was a man who was a man who was a man who was a man who was a man who was a man who was a man who was a man who was a man who was a man who was a man who was a man who was a,-0.27914009166063813
299,"nathaniel dropped out of juilliard, he suffered a complete breakdown, and 30 years later he was living homeless on the streets of skid row in downtown los angeles.","and after the streets of the streets were 30 years old, and the streets of the streets of the streets of the streets of the streets of the streets of the streets of the streets of the streets of the streets of the streets of the streets of the streets of the streets of the streets of the streets of the streets of the streets of the streets of the streets of the streets of the streets of the","and after the u.s.s.s.s.s.s.s.s.s.s.s.s.s.s.s.s.s.s.s.s.s.s.s.s.s.s.s.s.s.s.s.s.s.s.s.s., after the streets",-5.8091403233182035
300,"i encourage all of you to read steve's book or to watch the movie to understand not only the beautiful bond that formed between these two men, but how music helped shape that bond, and ultimately was instrumental -- if you'll pardon the pun -- in helping nathaniel get off the streets.",and i'm going to understand the following the following the following the following the following that i'm going to call the next one of the next one that i'm going to be the next one of the next one that i'm going to be the next one of the next one that i'm going to be the next one of the next one of the next one of the next,"and i'm going to share with these two words, and i'm going to share with you, and i'm going to share with the following the next book that i'm going to share with a book that i'm going to be able to share with a book that i'm going to be able to share with a book that i'm going to be able to",-0.7761522996351609
301,"i met mr. ayers in 2008, two years ago, at walt disney concert hall.","i met a couple of years ago, i met in 2008, i met in 2008, i met in 2008.","i met a couple of years ago in 2008, i met in 2008, i met in 2008.",-1.3901061421748793
302,"he had just heard a performance of beethoven's first and fourth symphonies, and came backstage and introduced himself.","and then he was a number of years old, and he was born with his first documents.","and then the first one of the first 3d printing press, and the first 3d.",-1.7522437069896881
303,"he was speaking in a very jovial and gregarious way about yo-yo ma and hillary clinton and how the dodgers were never going to make the world series, all because of the treacherous first violin passage work in the last movement of beethoven's fourth symphony.","the last two of the last two stanley, the first time i was a writer, and i was a very proud of the world, and how they were very proud of the first book, ""theidotechmarket"" and how they were very famous.""","and the last year, the last two of the first book, ""theidotechangeloor's the world's, and how it's been told me that's been a great philosopher, and how it's got to come from the world.",-1.7744851824649288
304,"and we got talking about music, and i got an email from steve a few days later saying that nathaniel was interested in a violin lesson with me.","and then we talked about the idea of the lessons, and then we talked about the lessons to play a lot of the lessons.","and then we talked about a lot of books, and then we talked about a bunch of music lessons to play with me.",3.122989462941291
305,"now, i should mention that nathaniel refuses treatment because when he was treated it was with shock therapy and thorazine and handcuffs, and that scar has stayed with him for his entire life.",and i'm going to give you a cure a cure that he's going to give you a cure with a cure a cure with a cure with a cure with a cure prisoner.,"and he said, ""i'm going to give you the treatment, because the treatment of treatment of treatment, the treatment of treatment of treatment, the treatment, and the treatment, and the treatment, and the treatment of treatment of treatment.",8.608903945090125
306,"but as a result now, he is prone to these schizophrenic episodes, the worst of which can manifest themselves as him exploding and then disappearing for days, wandering the streets of skid row, exposed to its horrors, with the torment of his own mind unleashed upon him.","but when the streets of this is a result of a day, it's happening in the streets of a very cold lake turk, and then it's happening in the streets of the streets of the streets of the streets of the streets of the streets of the streets of the streets of the streets of the streets of the streets of the streets of the streets of the streets of the streets of","but when it comes to the streets of the streets of the streets of the streets of the streets of the streets of the streets of the streets of the streets of the streets of the streets of the streets of the streets, and then it's happening in the streets of the streets of the streets of the streets of the streets of the streets of the streets of the streets of the streets of the streets",-4.31909392305376
307,"and nathaniel was in such a state of agitation when we started our first lesson at walt disney concert hall -- he had a kind of manic glint in his eyes, he was lost.","he was a look at the end of the first time, and he was in the bottom of the house of the house of the house of the house of the house of the house of the house.","it's a look at the end of the bottom, and it was a look at the end of the bottom, and it was a look at the bottom of the bottom of my grandmother.",-1.861246934104308
308,"and he was talking about invisible demons and smoke, and how someone was poisoning him in his sleep.",he tried to talk about the immigration and how he was doing it was a conversation about the destruction of the destruction of the destruction of the destruction of the destruction of the destruction of the destruction.,"and he tried to talk about his hands, and how he's going to do it, and how he's going to do it.",2.2784038151437507
309,"and i was afraid, not for myself, but i was afraid that i was going to lose him, that he was going to sink into one of his states, and that i would ruin his relationship with the violin if i started talking about scales and arpeggios and other exciting forms of didactic violin pedagogy.",and i was a creative leader that i started talking about the other side of the other side of the other side of the other side of the other side of the other side of the other side of the other side of the other side of the other side of the other side of the other side of the other side of the other side of the other side of the other side of the other side of the,"and if i started talking about the hippocratics, i started talking about the other sidewalks, and i started talking about the other sidewalks.",1.7188355150531933
310,"so, i just started playing.",so i started playing with the wire.,so i began to play a note.,-40.06294049185122
311,and i played the first movement of the beethoven violin concerto.,the first step of the first two-dimensional color.,the first one of the olympics came out of the olympics.,0.8163736496622391
312,"and as i played, i understood that there was a profound change occurring in nathaniel's eyes.",and i'm going to play a little bit of the eyes in the eyes of the eyes.,and i'm going to play a little difference in my eyes.,-1.7475856952357915
313,"it was as if he was in the grip of some invisible pharmaceutical, a chemical reaction, for which my playing the music was its catalyst.","it was a very surprising that i could play a little bit of the music, and it was a little bit of the music that was a little bit of the music.","it's like this, as if it's a functional piece of music, it's like the music, it's like this.",-8.136644278508065
314,"and nathaniel's manic rage was transformed into understanding, a quiet curiosity and grace.","the kind of a few examples of self-explates, and the most specialists.",it's kind of self-explates to a few examples of self-experformance.,1.1885824023983425
315,"and in a miracle, he lifted his own violin and he started playing, by ear, certain snippets of violin concertos which he then asked me to complete -- mendelssohn, tchaikovsky, sibelius.","and as a result of the quantum physicist, i asked me, i asked my owner, ""i'm going to play a little bit of the computer, and i asked me, and i asked my owner, and i asked my owner, and i asked my owner, and i asked my owner, and i asked my owner, and i asked my owner,","and as a writer, i asked me to play a little bit, and i asked me to play a little bit, ""i'm going to play a little bit of my owner, and i asked me, and i asked me to play a little bit of my owner, and i asked me, and i asked me to play a little bit of my owner.",-0.32243087391087144
316,"and we started talking about music, from bach to beethoven and brahms, bruckner, all the b's, from bartók, all the way up to esa-pekka salonen.","and we talked about the music, and all the way, and we asked them, ""theon, and all the way to go to the way, and we asked them, and we asked them.""","and then we asked them, and then we asked them, and we asked them, ""we've talked about the book, and we asked them, and we asked them, and we asked them, and we asked them, and we asked them, and we asked them, and we asked them.""",-9.712802370532046
317,"and i understood that he not only had an encyclopedic knowledge of music, but he related to this music at a personal level.","and it's not just that i realized that it's not just a little bit of all the music, but it's not just the music.","i realized that it's not just the music, but it's not just the music.",-3.8790840381558525
318,he spoke about it with the kind of passion and understanding that i share with my colleagues in the los angeles philharmonic.,"i'm talking about mexican, and i'm talking about mexican, and i'm talking about the music.","i'm talking about mexicania, and i'm talking about mexican, and i'm talking about mexicania.",-1.1209016713435425
319,"and through playing music and talking about music, this man had transformed from the paranoid, disturbed man that had just come from walking the streets of downtown los angeles to the charming, erudite, brilliant, juilliard-trained musician.",the man who was a man who was a guy named george man who was a guy named george man who was a guy named george man who was a guy named george man who was a guy named george man who was a guy named george man who was a guy.,a man who was a man who was a guy named george man who was a guy named george man who was a guy named george man who was a guy named george man who was a guy named george man who was a guy named george.,-0.6675218376033953
320,music is medicine. music changes us.,music can change the music.,music can change the music.,0.0
321,"and for nathaniel, music is sanity.",music was the most important to us.,music was the most important for us.,1.603419868067963
322,"because music allows him to take his thoughts and delusions and shape them through his imagination and his creativity, into reality.","it was actually a gift of music, because it was actually designed to the ideas, and it was actually allows it to the ideas to the ideas to the ideas.","because it was actually the music, it allows it into the ideas to the ideas to the ideas to the ideas.",0.9470342265807936
323,and that is an escape from his tormented state.,this was the same thing that was the original sinus was the same thing that was the same thing.,and this was the same thing that he was the same thing that he was the same thing that he was his own.,3.1064042523692486
324,and i understood that this was the very essence of art.,and it's really a really interesting thing that i've been a very popular art.,and it's really the role of art.,-0.8248160602920969
325,"this was the very reason why we made music, that we take something that exists within all of us at our very fundamental core, our emotions, and through our artistic lens, through our creativity, we're able to shape those emotions into reality.","and this is why we're always going to be able to create a realizing the middle east and the middle east coast of the middle east coast of the middle east coast of the middle east coast of the middle east coast of our own hometown, and that we're always been always been doing this, and that we're always been always been doing this, and that we're always","and that's why we're going to create the real thing that's why we're going to create the middle east coast, and that's why we're always going to create the middle east coast of the middle east coast of the middle east coast.",-2.903085724656407
326,"and the reality of that expression reaches all of us and moves us, inspires and unites us.","and they're not going to go to their own language, and they're going to their own.","and they're not looking for their own, and they're going to go to their own language.",0.5538627999047456
327,"and for nathaniel, music brought him back into a fold of friends.",it was a gift of music to the orchestra dream of the most amazing musical.,it took us to me to the music.,-5.984046128952539
328,"the redemptive power of music brought him back into a family of musicians that understood him, that recognized his talents and respected him.","and they're the music, and they're looking at the musicians, and they're looking at the musicians, and they're looking at the musicians, and they're looking at the musicians.","and it's the music that they're looking at the musicians, and they're looking at the musicians, and they're looking at the music.",0.9279837723080249
329,"and i will always make music with nathaniel, whether we're at walt disney concert hall or on skid row, because he reminds me why i became a musician.","i'm going to play with my mom, because i'm going to play with my mom, i'm going to play with my mom, i'm going to play with my mom.","and i'm going to play with my mom, because i'm going to play with the streets of the streets of the streets of the streets of the streets of the streets of the streets of the streets of the streets of the streets of the streets of the streets of the streets of the streets of the streets.",0.8579199600682266
330,thank you.,thank you.,thank you.,0.0
331,bruno giussani: thank you. thanks.,bg: thank you.,bruno giussani: thank you.,46.13280825333196
332,robert gupta.,i was a por.,he's a virginia.,0.872511886079363
333,robert gupta: i'm going to play something that i shamelessly stole from cellists.,josh: i want to play a little bit of my owner.,rd: i want to play something that i want to play something like to play a little bit.,21.710760325916056
334,"so, please forgive me.","so, please.","so, please.",0.0
335,i'm jane mcgonigal. i'm a game designer.,i'm a video game.,i'm going to show you a video games.,0.5626388469099268
336,"i've been making games online now for 10 years, and my goal for the next decade is to try to make it as easy to save the world in real life as it is to save the world in online games.","the real world is that i'm going to talk to be the real world, because the real world, and the real world is the real world.","the real world is that i'm going to talk to the real world, because the real world is the real world, and the real world is the real world.",-0.010880032441615839
337,"now, i have a plan for this, and it entails convincing more people, including all of you, to spend more time playing bigger and better games.","now, i have a more money, and i have more money and i have more money than i have a lot more money.","now, i have a more money, and i have a lot more money, and i have a lot more time.",2.3780000494535045
338,right now we spend three billion hours a week playing online games.,"now we're three hours in the country, three hours of games.","now we're three hours in a week, three hours of games.",3.7144755360511823
339,"some of you might be thinking, ""that's a lot of time to spend playing games.",some of you may think that's a long time.,some of you may think that's a long time.,0.0
340,"maybe too much time, considering how many urgent problems we have to solve in the real world.""","if we look at the level, we need to get more trouble.","if we look at the level, we need more trouble.",-1.726504304193755
341,"but actually, according to my research at the institute for the future, actually the opposite is true.","but the best thing is, ""the-down,"" the right?","but the right thing is, we're going to go back to the right now.",2.83161693716311
342,three billion hours a week is not nearly enough game play to solve the world's most urgent problems.,"the problem is not a 10-year-old child, but a problem of the world's a problem.",it's not the problem of the world's going to solve the problem.,5.067568357896764
343,"in fact, i believe that if we want to survive the next century on this planet, we need to increase that total dramatically.","i believe we've got to be able to do that, i believe that we've got to survive, we've got to survive.","in fact, i believe we've got to believe that we've got a huge amount of life on the planet.",2.6387904236671957
344,i've calculated the total we need at 21 billion hours of game play every week.,and i've been a week to a week of every week.,"and it's a week, every single week.coming every week.",-1.668940525498467
345,"so, that's probably a bit of a counter-intuitive idea, so i'll say it again, let it sink in: if we want to solve problems like hunger, poverty, climate change, global conflict, obesity, i believe that we need to aspire to play games online for at least 21 billion hours a week, by the end of the next decade.","so if we want to be a week, i think, if we want to be able to be able to be able to get a single week, to be able to be able to be able to get a week, to be able to be able to be able to be able to be able to be able to be able to be able to be able to be able to be able to be able","so, if we want to be able to be able to get a week, i think we want to be able to be able to be able to be able to be able to be able to be able to be able to deal with a week, for a week, for a week, so i think we've got a single week, for a week, for a single week, for a",2.8810831254166374
346,no. i'm serious. i am.,i'm not going to be a decade. i'm not going to be a decade.,i'm not going to be a decade. i'm not proud.,3.9071588186137873
347,here's why.,and here's why this picture.,and here's the reason that's why.,-7.50511320764128
348,this picture pretty much sums up why i think games are so essential to the future survival of the human species. truly.,i think that the reason why i's really important is that the future is that the future of the future of the future is really important thing.,i think that the reason why i've never been a very important reason why it's really matters.,-8.391599714843284
349,this is a portrait by photographer phil toledano.,this is a photograph of a photograph of a photograph.,this is a picture of a photograph.,-0.15519838950691422
350,"he wanted to capture the emotion of gaming, so he set up a camera in front of gamers while they were playing.","and so, when you're going to play games, you're playing games, you're playing games.","and so he wanted to play a camera, and so forth, he wanted to play a camera.",5.014849142515363
351,and this is a classic gaming emotion.,it's not the feelings of play.,and it's not the feelings of play.,3.1170201349849993
352,"now, if you're not a gamer, you might miss some of the nuance in this photo.","now, if you're not going to play a little bit of this image.","now, if you're not going to play a little bit of this image.",0.0
353,"you probably see the sense of urgency, a little bit of fear, but intense concentration, deep, deep focus on tackling a really difficult problem.","you see a very difficult problem, but it's very difficult to be very difficult problem, very difficult to be very difficult.","you can see a very difficult problem, but it's very difficult problem with a very difficult problem, very difficult problem.",1.3907798035181855
354,"if you are a gamer, you will notice a few nuances here: the crinkle of the eyes up, and around the mouth is a sign of optimism, and the eyebrows up is surprise.","if you're going to go to the right here, you're going to the right here, and the right here, the drum, the audio tape.","if you're going to be here, you're supposed to play, and you're going to play a little bit, and you're going to play with a little bit, and you're going to play the right here.",1.924697309570508
355,"this is a gamer who's on the verge of something called an ""epic win.""",this is what i call the capricane.,"that's what's called ""the rainforest"" on the ice.",4.096133542294677
356,"oh, you've heard of that.","well, i've heard that.","well, i've heard that.",0.0
357,"ok, good, so we have some gamers among us.",so some of the two people.,so some of them.,-1.5859655677081435
358,"an epic win is an outcome that is so extraordinarily positive, you had no idea it was even possible until you achieved it.",it's not a sense of the idea that it's possible that you have a positive idea that it's possible to be possible.,the idea is that you have no idea that it've never been possible.,-2.8168917255369585
359,"it was almost beyond the threshold of imagination, and when you get there, you're shocked to discover what you're truly capable of. that's an epic win.",so the fact that is that you're not a reality of the fact that're not a real thing that're going to be the fact that's a reality of the fact that's a real thing.,so it's a fact that's a fact that's what you're doing is that're doing.,-4.185428679824266
360,this is a gamer on the verge of an epic win.,this is a cavefish on the edge of the game.,so this is the equivalent of the game layer of the game layer of the game.,-10.299533175067673
361,"and this is the face that we need to see on millions of problem-solvers all over the world as we try to tackle the obstacles of the next century -- the face of someone who, against all odds, is on the verge of an epic win.","and this is the largest institution of the world, and we need to see the largest users on the world, and that's the way to see the most important to the world.","and that's where we need to see a million people on the world, and we need to see the other side of the world, and that's going to be able to see the world.",-1.8603539876006252
362,"now, unfortunately this is more of the face that we see in everyday life now as we try to tackle urgent problems.","now, this is the kind of work on the work on the work that we're trying to get the work on the work on the work on the work.","now, what we're trying to do is we're trying to build our lives in our lives.",-2.522227613015513
363,"this is what i call the ""i'm not good at life"" face.","i'm not saying, ""i'm not in this life.""","i'm not saying, ""i'm not a good life.""",-0.7303599848421172
364,this is actually me making it. can you see? yes. good.,yeah. yeah. do you see that? yeah.,yeah. do you see that? yeah.,-0.38263625129270906
365,"this is me making the ""i'm not good at life"" face.",i'm not good life in this life.,i'm not a good life.,-12.790589938811376
366,"this is a piece of graffiti in my old neighborhood in berkeley, california, where i did my phd on why we're better in games than we are in real life.","this is a reason why i've been a story about the old career in california, where i've been a story of california's speaking in california.","this is a reason why we've been talking about the ancient greek career in california, where we've been talking about california.",1.2300409465485345
367,and this is a problem that a lot of gamers have.,and this is a lot of people.,and this is a problem.,9.402656704303013
368,we feel that we are not as good in reality as we are in games.,"we are not cooking, as we feel like we feel like we're not cooking.","we're not cooking, as we're not cooking, as we're optimistic.",-9.545623227313918
369,"i don't mean just good as in successful, although that's part of it.","i mean, i mean, it's just a part of success.","i mean, i mean, it's just a part of success.",0.0
370,we do achieve more in game worlds.,"but i mean, we're living in games.","but i mean, we're living in games.",0.0
371,but i also mean good as in motivated to do something that matters -- inspired to collaborate and to cooperate.,"but i mean, i mean, i mean, i mean, how much interact with them.","but i mean, i mean, it's a good thing to do it.",2.912736661867042
372,"and when we're in game worlds, i believe that many of us become the best version of ourselves -- the most likely to help at a moment's notice, the most likely to stick with a problem as long at it takes, to get up after failure and try again.","and we're going to help ourselves, and we need a new problem, and we need a new problem, and we need to help ourselves, and we need a new problem.","i believe that many of us, i believe that many of us have to help ourselves, and games, and we're going to help ourselves.",8.248699161338592
373,"and in real life, when we face failure, when we confront obstacles, we often don't feel that way.","and in the real sense, when we feel the realities, we feel that we feel the realities.","and in fact, when we feel the realities, we feel the realities, we feel the realities.",-3.442119184653272
374,"we feel overcome, we feel overwhelmed, we feel anxious, maybe depressed, frustrated or cynical.","and maybe, it's a politician or schizophrenia, or maybe you feel like you feel like you feel like you feel like you feel like you feel like you feel like you feel like.","and maybe you feel like, you feel like, you feel like, you feel like, you feel like, you feel like you feel like you feel like you feel like you feel like you feel like.",-3.028717656321266
375,"we never have those feelings when we're playing games, they just don't exist in games.","and we're not just playing games, and we're not playing games.","and we don't play in these games, and we're not playing games.",0.8816046423563435
376,so that's what i wanted to study when i was a graduate student.,and this is what i wanted to be in the studies.,and that's what i wanted to be in studies.,7.284608060319819
377,what about games makes it impossible to feel that we can't achieve everything?,what is the reason that we're doing is that we're doing is that the reason to do?,what's the reason that we're interested in the reason that we're interested in the sense of games.,1.275103353521942
378,how can we take those feelings from games and apply them to real-world work?,how do we take these real life to nurture and look at these things?,how do we translate this real life?,-13.113520371440378
379,"so i looked at games like world of warcraft, which is really the ideal collaborative problem-solving environment.","so the real solutions, i'm going to solve the art, and i'm going to solve the art, and i'm going to solve the art.","so the realization is, like a creative environment, and i'm going to solve it's a mechanical problems.",15.671443659153407
380,and i started to notice a few things that make epic wins so possible in online worlds.,and i started to be some of the virtual worlds of the virtual worlds of the virtual worlds of the virtual worlds.,"and i started thinking about some of the virtual worlds, and i started to make some of the virtual worlds.",5.022227410120713
381,"the first thing is whenever you show up in one of these online games, especially in world of warcraft, there are lots and lots of different characters who are willing to trust you with a world-saving mission, right away.","so when you look at this point, you're in a very important point, because somebody else're interested in the world, and many games, you're in the world're in the world, and you're in the world, and you're interested in the world, and you're in the world, and you're interested in the world.","so when you look at this point, you're looking at the world, and you're looking at this point, and you're interested in a lot of games and you're in the world, and you're going to find a lot of games.",0.35199785504385517
382,"but not just any mission, it's a mission that is perfectly matched with your current level in the game.","but not the game is a matter of the game, isn't important thing?","but is not the game, isn't important thing. right?",-5.407301975110485
383,right? so you can do it.,you can do it.,you can do it.,0.0
384,they never give you a challenge you can't achieve.,they can't be able to buy it.,they can't buy you. they're not going to buy it.,4.054830456788441
385,"but it is on the verge of what you're capable of, so you have to try hard.",so what you can do with your doctor's doing.,so you can do what you can do.,-1.8724377077308603
386,"but there's no unemployment in world of warcraft; no sitting around, there's always something specific and important to be done.",there's no clothes there's no clothes and there's no clothes and there's no clothes and there's no clothes and there's no clothes and there's no clothes and there's no clothes and a little bit of the fictions and there.,"there's nothing that's nothing, and there's nothing wrong here, and there's nothing wrong. there's no clothes and there's no clothes.",2.3412335492949516
387,there are also tons of collaborators.,and there's many opportunities.,and there's a lot of opportunities.,4.644572372016544
388,"everywhere you go, hundreds of thousands of people ready to work with you to achieve your epic mission.","i went to work, where people are important to work, where you're going to work, and we're going to work on.","i went from hundreds of thousands of people, where you're going to work with you're going to work.",27.81380478082086
389,"that's not something we have in real life that easily, this sense that at our fingertips are tons of collaborators.",and it's a lot of life on the real life on the real life.,and it's something that we don't find many of our real life on the real life.,9.840948184954279
390,"and there's this epic story, this inspiring story of why we're there, and what we're doing, and we get all this positive feedback.","and what we do is, and then we're working on this story, and then we're working on the story of the story of this story of the story of the story of the story of the story of the story of the story of the story.","and what we're looking at this story, and what we're doing is, and then we're looking at this story.",6.224539274468313
391,"you guys have heard of leveling up, +1 strength, +1 intelligence.","i heard one, i've heard one of the one, and i've heard.","you've heard a single one, and you've heard about one, one, and you've heard.",0.026982734968743927
392,we don't get that kind of constant feedback in real life.,we don't get the truth is that we can't get the truth.,we don't do that in fact that in reality.,1.1410377858221672
393,"when i get off this stage, i'm not going to have +1 speaking, and +1 crazy idea, +20 crazy idea.","when i got to talk about the ideas, i'm not going to talk about the ideas.","when you talk about the ideas, you're not going to talk about the ideas.",-7.091746330423529
394,i don't get that feedback in real life.,i don't think about it. i mean that.,i don't think about it. i mean that's the real life.,16.94803004790757
395,"now, the problem with collaborative online environments like world of warcraft is that it's so satisfying to be on the verge of an epic win all the time, we decide to spend all our time in these game worlds.","now, it's a very important problem that we're going to be very important to be very important to be very important to be very important to be in the middle of the environment, or the environment.","now, the problem is that we're going to be very interested in the middle of all the environment in the environment, or the environment, and it's very important point of all the environment.",7.201410605496129
396,it's just better than reality.,it's better life.,it's better life.,0.0
397,"so, so far, collectively all the world of warcraft gamers have spent 5.93 million years solving the virtual problems of azeroth.","so now, i'm not interested in the design, and i'm not interested in the design, and i'm not interested in the design magazines.","so now, i'm not interested in a million years ago, and i'm going to be able to solve problems.",13.970270711962993
398,"now, that's not necessarily a bad thing.",that's not necessarily a bad thing.,that's not necessarily a bad thing.,0.0
399,it might sound like it's a bad thing.,it's a bad thing.,it may seem to be a bad thing.,-12.749764047937674
400,but to put that in context: 5.93 million years ago was when our earliest primate human ancestors stood up.,"but when we were writing a million years ago, and it was a million years ago, and it was a million years ago, and it was a million years ago.","but that's a million years ago, and it was a million years ago, and it was a million years ago.",1.4153440683658687
401,that was the first upright primate.,the first thing was the first one.,the first one was the first one.,-1.7177855305538685
402,"so when we talk about how much time we're currently investing in playing games, the only way it makes sense to even think about it is to talk about time at the magnitude of human evolution, which is an extraordinary thing.","so the only way we talk about the only way, and the only way we talk about the only way we talk about the only way we talk about the only way we talk about the only way, and the only way we talk about the only way we talk about the human aspiration of the human aspiration of the human.","so the only way we talk about the only way we talk about the only way we talk about the only way we talk about the only way we talk about the only way we talk about the only way that we're talking about the only way, and the only way we're talking about the only way we're talking about the only way we're talking about it.",0.07816948582233252
403,"but it's also apt, because it turns out that by spending all this time playing games, we're actually changing what we are capable of as human beings.","but it's also the way that we're actually moving in the world, because it's a very important thing that we're not just the time.","but it's also a very important thing that we're not really important, because it's really important.",-6.062594657659346
404,we're evolving to be a more collaborative and hearty species.,we are more than we are more possibilities.,we're not going to be more than we're not going to be more.,5.440374547952985
405,this is true. i believe this.,i'm a bit. that's right.,that's right. that's right. that's right.,0.060927989872581634
406,"so, consider this really interesting statistic; it was recently published by a researcher at carnegie mellon university: the average young person today in a country with a strong gamer culture will have spent 10,000 hours playing online games by the age of 21.","in the early 2000s, in the 190s, in the average people who are going to be a time in the average neighborhood, in the average american context of the average american music.","it's a very interesting time ago, and they've been working in the 190 days ago, and they've been working in the united states, and they've been working at the time.",-1.923027861614763
407,"now 10,000 hours is a really interesting number for two reasons.","now, the average is a very interesting example of two hours.","now, the average is a very interesting example.",-5.947597304332767
408,"first of all, for children in the united states, 10,080 hours is the exact amount of time you will spend in school, from fifth grade to high school graduation, if you have perfect attendance.","if you're in the united states, they have a year, they have a year, they have a year, and they have a year in the united states, and they have a year in the united states, they have a year.","if you're in the u.s.s.s.s., if you're in the united states, you're in the u.s.s.s.s.s.s.s.s.s.s.s.s., if you're in the united states, if you're in the u.s.s.s.s",-0.8854335385802159
409,"so, we have an entire parallel track of education going on, where young people are learning as much about what it takes to be a good gamer as they're learning about everything else in school.",and the same thing about education is something that they're learning about education.,they're learning something else about education in the same way.,-3.3799643980749146
410,"some of you have probably read malcolm gladwell's new book ""outliers,"" so you would have heard of his theory of success, the ""10,000 hours"" theory of success.","some of you may have been wondering, and some of you may have been a book, and some of you may have been a book, and some of the new book.","some of you may have seen a new book, and some of you may have a book, and some of the new york times.",-0.48329376209798625
411,"it's based on this great cognitive-science research that says if we can master 10,000 hours of effortful study at anything by the age of 21, we will be virtuosos at it.","it's a very important thing that we're going to be a scientific advance, if we're going to be able to be able to do something that we're going to be able to be able to do something that we're going to be able to do, and we're going to be able to do something that we're going to be able to do something in","we're going to do something that we's what we're going to do is we're going to do in the scientific studies, if we're going to do, we're going to be able to be able to do something that we're going to do, we're going to be able to be able to be able to do something that we're going",-0.6248455074551025
412,as the greatest people in the world.,the world is people in the world.,people in the world.,-0.27944245710520477
413,"and so, now what we're looking at is an entire generation of young people who are virtuoso gamers.",so what we look at the young generation of young young young young young young young young young young young young young young young.,"so what we're looking at the young generation of young muslims, and so we look at them.",18.812837476789397
414,"so, the big question is, ""what exactly are gamers getting so good at?""","the big question is, ""what's the big big big big difference?""","the big question is, ""what's the big difference?""",0.520248877842036
415,"because if we could figure that out, we would have a virtually unprecedented human resource on our hands.","if we could have a war, we have a tendency to know that we have a tendency to know.",because if we didn't know that if we wouldn't know what it't have to do that.,-0.18461451855982958
416,this is how many people we now have in the world who spend at least an hour a day playing online games.,this is the number of dollars of play.,that's the number of hours of people who live on the number of play.,8.454421820433977
417,"these are our virtuoso gamers, 500 million people who are extraordinarily good at something.","these are not a million people in the u.s.s.s.s.s.s.s.s.s.s.s.s.s.s.s.s.s.s.s., they are the students are the students are the students are not a million people are in the same.",these are not a million people in a million people in their own pocket.,1.921334468222014
418,"and in the next decade, we're going to have another billion gamers who are extraordinarily good at whatever that is.","and in the next decade, they're going to be very simple.","and in the next decade, they're going to be very next decade.",1.0312626812600456
419,"if you don't know it already, this is coming.","if you know, it's not true.",if you don't know if you don't know.,21.543900976583352
420,"the game industry is developing consoles that are low-energy and that work with the wireless phone networks instead of broadband internet, so that gamers all over the world, particularly in india, china, brazil, can get online.","the internet user interface about china, the internet, the internet, the internet is a lot of the internet, and the internet, the internet, the internet, the internet, the internet, the internet is going to use the internet, the internet, the internet, the internet is going to use the internet, and the internet, the internet, the internet is going to use the internet, and the","we're talking about china, in india, and we can use the internet, in china, the internet, the internet, the internet, the internet, and the internet, the internet, the internet, the internet is going to use the internet, the internet, the internet, the internet is going to share the internet, the internet, the internet, the internet, and the internet uses the",2.825178614917938
421,they expect one billion more gamers in the next decade.,they're going to be able to make a billion years.,they're going to make the next decade through the next decade.,14.790300154390305
422,it will bring us up to 1.5 billion gamers.,"the average budget, the average budget is the price of the price.","the average budget, the average budget is a billion dollars.",13.775181577684766
423,so i've started to think about what these games are making us virtuosos at.,i think of these two things like these are the games.,and i think of these two things like these games.,2.194005904942994
424,here are the four things i came up with. the first is urgent optimism.,and this is the first step that i've been the first one of the first one of the first one of the first one.,and that's the first one of the first one of the first one that i've got the first one.,-1.5872521478516504
425,"ok, think of this as extreme self-motivation.","think about that. well, think about it.","think about it. well, think about it.",0.6603755073004436
426,"urgent optimism is the desire to act immediately to tackle an obstacle, combined with the belief that we have a reasonable hope of success.","we have a big problem, and we have a big problem with a big problem, we have a big problem.","we have a big problem, and we have a big problem with a big problem, we have a big problem.",0.0
427,"gamers always believe that an epic win is possible, and that it's always worth trying, and trying now.","and they always have always been always been always been possible, and the worst definition of the consequences, and the worst criminals.","they always have always been laidied, and they're always going to be possible, and they're always supposed to be possible.",-1.3693748733596394
428,gamers don't sit around.,they don't want to be.,they're not advocate.,-7.514010460625146
429,gamers are virtuosos at weaving a tight social fabric.,they're not advocate in the middle of the local communities.,you're going to participate in your local communities.,3.158780006063415
430,"there's a lot of interesting research that shows we like people better after we play a game with them, even if they've beaten us badly.","and if we think of people are more than we love with them, we love with them more creative ideas.","there's a lot of people, and if we think about it's a lot more creative, we love with them.",5.245680616154836
431,"and the reason is, it takes a lot of trust to play a game with someone.","and the reason we need to play with a lot of people, and play with a lot of them.",and the reason why we need to play with a lot of people.,-1.8173048227806419
432,"we trust that they will spend their time with us, that they will play by the same rules, value the same goal, stay with the game until it's over.","they will keep the same game, they will keep the same game, they will keep the same game, they will keep the same game, they will be able to get the same game, they will be able to get the same game.","they're going to keep the same game, they're going to get the same game, they're going to get the same game, they're going to get the same game, they're going to get the same game.",-6.167733507253935
433,"and so, playing a game together actually builds up bonds and trust and cooperation.","so, in fact, the other approaches and play and play and play and play.","and so, in fact, it's actually play and play and play.",3.665991316994962
434,and we actually build stronger social relationships as a result.,so we build a social investment.,so we build a social investments.,-0.0854809785597368
435,blissful productivity. i love it.,i love it. i love it.,i love it. i love it.,0.0
436,"you know, there's a reason why the average world of warcraft gamer plays for 22 hours a week -- kind of a half-time job.","there's a week, a week, a week, a week, a week, a week, a week.","there's a single week, a week of the average warrence.",10.957349630245151
437,"it's because we know, when we're playing a game, that we're actually happier working hard than we are relaxing, or hanging out.","and that's when we know, we're working, we're working, and that're working when we're working, we're working, we're working, and that're working on.","and that's when we know, we're doing it, we's when we're doing it, we're doing it, you're working.",-0.47043623055597905
438,"we know that we are optimized as human beings, to do hard and meaningful work.","we know, we're not going to be able to do the meaning, we know.","we know, we're not going to do the meaning, we know.",-1.0019833201719557
439,"and gamers are willing to work hard all the time, if they're given the right work.","if they work hard to work, they're going to work and play it.","and they're ready to work, if they're going to work, they're going to work.",-0.5707992255903847
440,finally: epic meaning.,"finally, the mythology is the mythological folk.","finally, the mythological folk.",2.2203899677317445
441,gamers love to be attached to awe-inspiring missions to human planetary-scale stories.,they're showing them the planet of the planet and the planet.,they're showing them the planet of the planet of the planet and the planet.,0.16091602932814908
442,"so, just one bit of trivia that helps put that into perspective: so, you all know wikipedia, biggest wiki in the world.","and they're going to help the world, and they're going to help the largest the world.","and they're going to help the world in the world, and they're going to help the world.",0.20941980411918948
443,"second biggest wiki in the world, with nearly 80,000 articles, is the world of warcraft wiki.","and the largest the world is the largest and the largest and the largest river, and the largest navyara, and the largest chemical factory.","and it's about 30 percent of the world, and it's about 30 percent, and it's about 30 percent.",-2.018640690164286
444,five million people use it every month.,it uses five million people to use a year.,it uses five million people.,0.603704380950596
445,they have compiled more information about world of warcraft on the internet than any other topic covered on any other wiki in the world.,"they've been invited to talk about the world, or any other online.","i've been invited to talk about the world, or anything else or any other online.",0.8123268618595247
446,they are building an epic story.,they're a story.,they're a story.,0.0
447,they are building an epic knowledge resource about the world of warcraft.,they're looking for the source of the source of the source of the source of the source of the source of the source of the source of the source of the source of the source of the source of the source of the source of the source of the source of the new yorker.,"they're talking about the source of the source, or they're looking for the source of the source of the source.",12.241851229690587
448,"okay, so these are four superpowers that add up to one thing: gamers are super-empowered hopeful individuals.","well, four-powan, four-dimensional, four-dimensional, four-dimensional structures.","well, four, four of course, four-dimensional, four-dimensional structures.",-0.22169155853171318
449,these are people who believe that they are individually capable of changing the world.,they're going to change people who are the world.,they're going to change the world.,-11.848018950836376
450,"and the only problem is, they believe that they are capable of changing virtual worlds and not the real world.","they're not the real world, and not the real world is the real world.","they're not the real world of the real world, and not the real world.",0.0
451,that's the problem that i'm trying to solve.,and that's the problem that i'm trying to solve.,and that's the problem that i'm trying to solve.,0.0
452,there's an economist named edward castronova.,there's a perfect idea worth spreading.,there's a psychological economic value.,8.164500936754461
453,his work is brilliant. he looks at why people are investing so much time and energy and money in online worlds.,i'm a good reason to work and time and time to work.,"i'm a good reason for people, and i'm really good reason to work.",-0.11989672215646863
454,"and he says, ""we're witnessing what amounts to no less than a mass exodus to virtual worlds and online game environments.""","and the virtual worlds, ""the worlds can't be in the world.""","and we can't say, ""i'm going to be able to the virtual worlds.""",1.3821949489920762
455,"and he's an economist, so he's rational.",it's a perfect economic shift.,it's a perfect economic shift.,0.0
456,"and he says -- not like me, i'm a game designer; i'm exuberant.","and i'm a little bit of a computer -- i'm a game -- i'm a game -- and say, ""i'm a game.""","and i'm going to say, ""i'm sorry, i'm sorry, i'm sorry.",-10.894540981790914
457,"but he says that this makes perfect sense, because gamers can achieve more in online worlds than they can in real life.","but it's actually says, because it can be very simple, because it's actually be very simple.","but he says, because he can say, ""that's actually make a lot of games.""",4.958428420760164
458,they can have stronger social relationships in games than they can have in real life; they get better feedback and feel more rewarded in games than they do in real life.,they can get more powerful than their lives in their lives in their lives in their lives.,"they can get the real life in their lives in their lives, and they can get better lives in their lives.",8.189489044071184
459,"so he says, for now it makes perfect sense for gamers to spend more time in virtual worlds than the real world.","now, it's the real time to say that the real time in the real world.",it's the real time to say that it's the real time in the real world.,-1.0138953829252877
460,"now, i also agree that that is rational, for now.","now, i'm also interested in the case, it's also the reason.","now, i'm also interested in this case.",-3.2579211788090916
461,"but it is not, by any means, an optimal situation.",but it's not a complete sense of it.,but it's not a sense of it.,-1.450897956020608
462,we have to start making the real world work more like a game.,we have to make a real life.,we've got to create a real life.,-10.083854516839299
463,"i take my inspiration from something that happened 2,500 years ago.",i'm a bunch of days ago.,i'm a couple of days ago.,0.3006901867760359
464,"these are ancient dice, made out of sheep's knuckles.","well, this is my lungs, from my lungs.","well, that's my grandmother.",1.109730548749969
465,"before we had awesome game controllers, we had sheep's knuckles.",we had a great career before we had a great career prospect.,we had a great time ago. we had a great time ago.,-12.53188833458628
466,"and these represent the first game equipment designed by human beings, and if you're familiar with the work of the ancient greek historian herodotus, you might know this history, which is the history of who invented games and why.","and why i was a historical-green interface that i was able to play a history, and why i was able to play a great artist, and why i was able to play a little bit of the first place that i was able to play a history.","and it's the first thing that i've been able to use this history, and why i've been able to use this one of the first place that i've been able to play a huge amount of games, and why i've been able to do this.",3.5449104887343985
467,"herodotus says that games, particularly dice games, were invented in the kingdom of lydia, during a time of famine.","he said, ""i'm going to be a long time in a very carefully, a game.""","he said, ""i've invented the queen victor, the queen of games in the queen of games.""",7.723182794524456
468,"apparently, there was such a severe famine that the king of lydia decided they had to do something crazy.","it turns out that it turns out there was a crazy, and it turns out that they needed to do it.","it turns out that it turns out that they needed to do it, and they need to do it.",-7.017609648724193
469,people were suffering. people were fighting.,people were desperate.,people were desperate.,0.0
470,"it was an extreme situation, they needed an extreme solution.",he needed a solution to be a solution to a solution.,he needed a solution for a solution.,-0.8111403122903802
471,"so, according to herodotus, they invented dice games, and they set up a kingdom-wide policy: on one day, everybody would eat, and on the next day, everybody would play games.","so, in the next day, everybody's office, and in the next day, everybody's office, and in the next day, you've got to playground.","so in the next day, the next day, the next day, the next day, everybody invented the next day, everybody invented the next day, everybody had to playground.",1.1199295406423246
472,"and they would be so immersed in playing the dice games, because games are so engaging, and immerse us in such satisfying, blissful productivity, they would ignore the fact that they had no food to eat.","they're not going to keep the games, because they're not going to lose their own, and they're not going to lose their own.","and they're not going to get out of games, because they're not going to sell it, and they're not going to sell it.",-0.7481184084721555
473,"and then on the next day, they would play games; and on the next day, they would eat.","and in the next day, the next day, i'm going to go.","and in the next day, the next day, the next day.",6.132562692395581
474,"and according to herodotus, they passed 18 years this way, surviving through a famine, by eating on one day, and playing games on the next.","and the next day, the next day, the next day, the next day, the next day, the next day, the next day, the next day, the next day, the next day, the next day, the next day, the next day, the next day, the next day, the next day, the next day, the next day, the next day, the next day","and the next day, the next day, the next day, the next day, the next day, the next day, the next day, the next day, the next day, the next day, the next day, the next day, the next day, the next day, the next day, the next day, the next day, the next day, the next day, the next day",0.0
475,"now, this is exactly, i think, how we're using games today.","and this is exactly, exactly, exactly what it's wrong.","and that's exactly, it's exactly what it's exactly.",-7.70659209156657
476,"we're using games to escape real-world suffering -- we're using games to get away from everything that's broken in the real environment, everything that's not satisfying about real life, and we're getting what we need from games.","what we're using games, and we're using games, and we're using a life, and we need to use of games, and we're using games, and we need to use all kinds of games.","and what we're using the real life, we're using games, and we're using games for life, and we're using games. we're using games. we're using games.",2.2613433964720286
477,but it doesn't have to end there.,but it's not necessarily wrong.,but they don't necessarily don't necessarily don't necessarily don't necessarily don't necessarily don't necessarily don't necessarily.,-5.17853992299986
478,this is really exciting.,and that's pretty amazing.,and that's pretty amazing.,0.0
479,"according to herodotus, after 18 years the famine wasn't getting better, so the king decided they would play one final dice game.","the gps dot, they're not going to spend a game, and they're not working on the game.","they're not working on a game, and they're not working on a game.",-4.923983055686508
480,they divided the entire kingdom in half.,they took half half half the u.,they took half half half half the u.s.,-0.5879743028365425
481,"they played one dice game, and the winners of that game got to go on an epic adventure.",and they're going to get one game in one game.,they're just one game in the game layer of the game layer of the game.,1.1516089339657718
482,"they would leave lydia, and they would go out in search of a new place to live, leaving behind just enough people to survive on the resources that were available, and hopefully to take their civilization somewhere else where they could thrive.",they will take a new place for a new place for a new place for a new place for a new place for a new place for a new place for a new place for a new place for a new place for a new place for people to help us to help us to help us to help their place.,"we're going to take a new place where they're going to take a new place where they're going to help their lives, and they're going to help their lives.",5.6760830094511725
483,"now, this sounds crazy, right?","now, this looks like, right?","now, this looks like, isn't it?",-14.936789432465197
484,"but recently, dna evidence has shown that the etruscans, who then led to the roman empire, actually share the same dna as the ancient lydians.","but in fact, the same case of the same wombian estuary, the same wombian mammothbees, the same wombian mammothbees, the same wombian mammothbees, in fact, the same wombian mammothbees are actually the same wombian influen.","but recently, in fact, in fact, in fact, in fact, the same case, the same case, the same case of the same case of the same case of the same case of the same case of the same case of the same womrocko-american males who are actually are actually the same womrockminatorial genes.",4.512641872987086
485,"and so, recently, scientists have suggested that herodotus' crazy story is actually true.","i suggesting the story of scientists, the real story of scientists, and i want to be a story.","i think that scientists have a story, a story of scientists are a real story.",0.4654615821510504
486,"and geologists have found evidence of a global cooling that lasted for nearly 20 years, that could have explained the famine.",and it's a global footprint to the global footprint to 20th of the world can be a global footprint.,"and it's a global footprint by 20 years ago, and it can be a global footprint.",2.4881200752035824
487,so this crazy story might be true.,this story can be a real story.,this story can be a real story.,0.0
488,"they might have actually saved their culture by playing games, escaping to games for 18 years, and then been so inspired, and knew so much about how to come together with games, that they actually saved the entire civilization that way.","they're really excited about how they're really excited about games, and they're really excited about games, and they're really excited about games, and they're very excited about how they're very excited about games, and they're very excited about games.","they're really excited about games, and they're really excited about how they're really excited about games, and then they're really excited about games, and they're really excited about games.",-0.5371579656756218
489,"okay, we can do that.","well, we can do that.","well, we can do that.",0.0
490,we've been playing warcraft since 1994.,"and we're like this game, and we're like this game.","we're like this game, and we're like this game.",-0.27361477531380984
491,that was the first real-time strategy game from the world of warcraft series.,"and that was a series of years ago, or a series of the '70s.",and that was a series of years ago.,-4.227726070341781
492,that was 16 years ago.,it's a 19 years old.,it's a 19 years old.,0.0
493,"they played dice games for 18 years, we've been playing warcraft for 16 years.","and we're not going to say, ""the-year-old.""","and we're going to say, ""i'm not going to say that we're going to say hello.""",-0.28914290791439967
494,i say we are ready for our own epic game.,"now, they've done half a half of the black hole.","now, it's half a half of the black hole.",-1.5924246257985981
495,"now, they had half the civilization go off in search of a new world, so that's where i get my 21 billion hours a week of game-play from.",and i got a week to write a new site from a new york city.,"i've got a week from a week, and i've got a new website.",-0.5112498914800003
496,"let's get half of us to agree to spend an hour a day playing games, until we solve real-world problems.","we're not going to spend half hours of life, even if we're going to get a day.",we've spent half hours of the real hours of the real life on the real life.,-3.119484931542928
497,"now, i know you're asking, ""how are we going to solve real-world problems in games?""","now, i know how do you work in the real life, i know, i'll be able to work, ""what is the real life?""","now, i know how do i'm going to work in the real life, i'm going to work, ""what are we going to work?""",9.274429440472996
498,"well, that's what i've devoted my work to over the past few years, at the institute for the future.","in the past few years, the future.","in the past few years, the future.",0.0
499,"we have this banner in our offices in palo alto, and it expresses our view of how we should try to relate to the future.","we've got a lot about how we're trying to deal with the future, and it's our future of the future.",we're trying to talk about how we're trying to the future of the future of the future of the future of the future of the future of the future of the future.,-4.871957490654619
500,we do not want to try to predict the future.,we don't want to be able to predict.,we don't want to predict the future.,28.610371854300503
501,what we want to do is make the future.,what we want to do is to do is to do.,what we want to do is to do.,1.8213467501194813
502,"we want to imagine the best-case scenario outcome, and then we want to empower people to make that outcome a reality.","and then we want to imagine that the future of the future of the future, and then we want to make the future.","and then we want to imagine that the future, and then we want to make the future.",0.5172276604958768
503,"we want to imagine epic wins, and then give people the means to achieve the epic win.","imagine that, we want to imagine that, and then we want people to be able to be able to get the resources.","imagine that, we want people to be able to imagine that.",-10.896822993970414
504,i'm just going to very briefly show you three games that i've made that are an attempt to give people the means to create epic wins in their own futures.,"i'll show you a little bit of people to create a future, and they're going to create a future of the future.","i'm going to try to create three people to create a future, and they're going to create a future.",-0.1925042957550538
505,this is world without oil.,this is a world without a world.,this is a world without a world.,0.0
506,we made this game in 2007.,this game changerald's a game changer.,this game changerald's a game changer.,0.0
507,this is an online game in which you try to survive an oil shortage.,this is a game in the game of the game layer of the game layer of the game layer of the game.,"this is a game in a game, where you're going to spend a game.",3.1098249434556777
508,"the oil shortage is fictional, but we put enough online content out there for you to believe that it's real, and to live your real life as if we've run out of oil.",but we're also interested in the game layer of the game layer of the game layer of the game layer of the game layer of the game layer of the game layer of the game layer of the game layer of the game layer of the game layer of the game layer of the game layer of the game layer of the game layer of the game layer of the game layer of the game layer of the,"it's a real game, but we're going to be a real-time invention of the game layer of the game layer of the game layer of the game layer of the game layer of the game layer of the game layer.",6.4685818095033465
509,"to post videos, to post photos.",and the dinosaur.,and i'm going to go ahead.,0.36115437776553705
510,"we piloted this game with 1,700 players in 2007, and we've tracked them for the three years since.","we've been talking to about 6,000 years ago.","we've done a couple of years ago, and we've got a couple of years ago.",6.778182465965056
511,and i can tell you that this is a transformative experience.,and i can say it's a experience of experience.,i can tell you that it's a experience of experience.,15.26606797589075
512,"nobody wants to change how they live, just because it's good for the world, or because we're supposed to.",nobody wants to change the world because it's not just because it's a way to change.,"nobody wants to change, because nobody wants to change.",-19.0439552967979
513,"but if you immerse them in an epic adventure and tell them, ""we've run out of oil.","but if they can take them to them to them, ""theonia.""","but if you look at them, they're going to get them.""",1.8020307543977907
514,this is an amazing story and adventure for you to go on.,this is a story of a story.,this is a story for you.,3.4677112748817045
515,"challenge yourself to see how you would survive,"" most of our players have kept up the habits that they learned in this game.",most of us are going to get the game that we're going to do with a game that we're going to do with a game.,most of the game that you're going to get yourself in the game that most of the game that we're going to do.,5.015003584653861
516,"so for the next world-saving game, we decided to aim higher -- bigger problem than just peak oil.","the next game changer, because the next game changer king of the next game changer, we decided to be the world, because the next game changer.","the next game changer, because the next game changer king of the next game changer, we didn't want to solve the world.",-5.768249712899145
517,we did a game called superstruct at the institute for the future.,we've been a game that's a game changer.,we're going to create the future of the future of the future.,12.019156319245596
518,"and the premise was, a supercomputer has calculated that humans have only 23 years left on the planet.","it was a year, and it was a complete man named jefferson.",it's been estimated that it's been estimated by a year.,-0.5458340924895939
519,"this supercomputer was called the global extinction awareness system, of course.","and of course, this is a global system.","and of course, this is a global system.",0.0
520,we asked people to come online -- almost like a jerry bruckheimer movie.,"we asked people to get a manus, like a manus.","and we asked people like a lot of people, and we've never asked them.",-0.343162514564316
521,"you know jerry bruckheimer movies, you form a dream team -- you've got the astronaut, the scientist, the ex-convict, and they all have something to do to save the world.","you know, because the world's a team of the world, you all know, you're all know, the world, the world, you're all around the world, because the world, the world, the world, the world, the world, you have the world, you have the world, and you have the world, because the world, you have a place.","you all know, you all know, because the world, you all know, you're all know, you're all around the world, because the world're all around the world, you're all around the world, you're all around the world.",-4.73960467086977
522,"but in our game, instead of just having five people on the dream team, we said, ""everybody's on the dream team, and it's your job to invent the future of energy, the future of food, the future of health, the future of security and the future of the social safety net.""","but in our future, we said, we're just about the future, we're just about the future, and we're just about the future of the future of the future, and we're just about the future of the future of the future of the future, and we're just about the future, and we're just about the future of the future, and we","but in our future, we're not just about the future of the future of the future of the future of the future of the future of the future, the future of the future of the future of the future, the future of the future of the future of the future of the future, the future of the future of the future, the future of the future of the future of the future,",-4.082053900000705
523,"we had 8,000 people play that game for eight weeks.",we had a couple of weeks ago.,we had a couple of weeks ago.,0.0
524,"they came up with 500 insanely creative solutions that you can go online, google ""superstruct,"" and see.",and you can go to google and see the other words of the web.,"and you can go back to google, and you can't do that.",-2.959464231973591
525,"so, finally, the last game, we're launching it march 3rd. this is a game done with the world bank institute.","and finally, finally, this is a game changerald's a game changer, and now, and now, this game changerald's a game changer.","and finally, finally, finally, this is a game changerald's a game changerald's a game.",-0.6325802616456926
526,"if you complete the game, you will be certified by the world bank institute as a social innovator, class of 2010.","if the national bank, the international international international international international international international international international international international international international international international international international international.","if the national bank, the great britain, how many of the international international international international international international international international cost.",5.09387224676029
527,"working with universities all over sub-saharan africa, and we are inviting them to learn social innovation skills.","and social education, social skills, social skills, social skills, education, education is a social investment.","and we're working with social skills, social skills, social skills, social skills and social skills.",2.9632245011984892
528,"we've got a graphic novel, we've got leveling up in skills like local insight, knowledge networking, sustainability, vision and resourcefulness.","we have a story, like, we have a story, like the local community, and the local community, we have a story of the local community, and the local community, we have a story.","we have a story, we have a story, like a story, like a story that we have a story of the local community, in the local community, we have a story.",-1.3375859246566755
529,"i would like to invite all of you to please share this game with young people, anywhere in the world, particularly in developing areas, who might benefit from coming together to try to start to imagine their own social enterprises to save the world.","i want to encourage you to imagine that the world, because the world, the world, the world's all of the world, the world, the world, all of the world, all of the world, all of the world, all of the world, all of the world, and i want to share them together.","i want to encourage you to imagine that the world, because all of the world's all of the world, all of the world's all the world, and we've got to solve them together.",-0.9496317296763195
530,"so, i'm going to wrap up now.","so now, i'm standing now.","so now, i'm standing now.",0.0
531,i want to ask a question.,i want to ask you a question.,i want to ask you a question.,0.0
532,what do you think happens next?,what do you think about it?,"now, what does it be happening?",-18.37847789962335
533,"we've got all these amazing gamers, we've got these games that are kind of pilots of what we might do, but none of them have saved the real world yet.","we have all these things, but we have a certain kinds of games, and they're not going to save them.","we have all the world, and they're not going to save them to save them, but they're going to save them.",-1.3581887565557658
534,"well i hope you will agree with me that gamers are a human resource that we can use to do real-world work, that games are a powerful platform for change.",i hope that the tools that we can use to use the tools to use the tools to use the tools to use the tools to use the tools to use the game.,and i hope that we can use to use a real estate tool that we can use to use a real estate tool to make a real estate tool to use games.,6.13880220659167
535,"we have all these amazing superpowers: blissful productivity, the ability to weave a tight social fabric, this feeling of urgent optimism and the desire for epic meaning.","we have a real sense of the power of the ability to make the ability to control, and we have this sense of the ability to be a sense of the ability to be a sense of the power, and the ability to be a positive way.","i hope that this is a reality, and we're working on the virtue, and we're going to be able to be able to be able to be able to make this sense of the power, and the ability to be able to make this sense of the power.",-0.4338367599716939
536,"i really hope that we can come together to play games that matter, to survive on this planet for another century.","and that's the task of the task of the planet, and that's the planet, and that's the planet is going to play.","and that's why i'm not going to play games, and this planet, and that's going to play games.",6.524622866687654
537,"that's my hope, that you will join me in making and playing games like this.",and look like this.,and look like this.,0.0
538,"when i look forward to the next decade, i know two things for sure: that we can make any future we can imagine, and we can play any games we want, so i say: let the world-changing games begin.","so when we want to look at the world, we can start to the future, we can start to the future, we can start to the future, we can go to the future, and make the future, we can start to the future.","so when we want to look at the world, i say, we want to go to the future, we can start to the future, we're going to the future.",-3.430010999441503
539,thank you.,thank you.,thank you.,0.0
540,"for some time i have been interested in the placebo effect, which might seem like an odd thing for a magician to be interested in, unless you think of it in the terms that i do, which is, ""something fake is believed in enough by somebody that it becomes something real.""","so if you look at the person who is a real person who is a real person who is a real person who is a real person, ""i'm a real thing to do, and they're doing something that is a real person, so i're doing something that is a real person, and they're doing something like, so i're doing something that're doing","so if you look at what you look like, you look at some point, you look at some point, you look at what you look like, and they're doing is something that're doing, ""well, and they're doing is something that're going to do with something that're going to do with something that're doing.",-0.4485268563467315
541,"in other words, sugar pills have a measurable effect in certain kinds of studies, the placebo effect, just because the person thinks that what's happening to them is a pharmaceutical or some sort of a -- for pain management, for example, if they believe it enough there is a measurable effect in the body called the placebo effect.","so, if you think of a drug that the studies is a drug that the effect of a drug, or a drug that the effect of a drug that the effect of the effect of the effect of the effect of the effect of the effect of the effect of the effect of the effect of the effect of the effect of the effect of the effect of the effect, is that the effect of the effect","so, if you think of the studies is something that there's a specific immune system, because the effect of the effect of the effect of the effect of the effect of the effect of the effect of the effect of the effect of the effect of the effect of the effect of the effect of the effect of the effect of the effect of the effect of the effect of the effect of the effect,",1.6541685525119476
542,something fake becomes something real because of someone's perception of it.,i think that's something really real thing about this thing.,i think that's a real thing about this thing.,-12.004595041648184
543,"in order for us to understand each other, i want to start by showing you a rudimentary, very simple magic trick.","and even if i want to start a simple thing, we're very simple.","and so i want to start with a simple thing, we're very simple.",-0.8145876085398456
544,and i'm going to show you how it works. this is a trick that's been in every children's magic book since at least the 1950s.,"and i'm going to talk about this time ago, and i'm going to you about the 195 years ago.","and i'm going to show you a couple of years ago, and i'm going to talk about this little bit of years ago.",3.1226402582112343
545,i learned it myself from cub scout magic in the 1970s.,"i learned a lot of people in the '70s, and i learned it.",i've learned that i've learned in the early years of my own reflection of my own reflection.,-6.466860205731429
546,"i'll do it for you, and then i'll explain it.","and then i'm going to explain it, i'll show it.","and then i'm going to explain it, i'm going to explain it.",-3.63172191832291
547,and then i'll explain why i explained it.,"and in the end, why i'm going to explain why i'm going to explain why i'm going to explain it.","and in the end, i'm going to explain why i'm going to explain why i'm going to explain why i'm going to explain it.",-3.0193149816403633
548,"so, here's what happens.","so, what happens.","so, what's going to happen.",-25.69868447356646
549,"the knife, which you can examine; my hand, which you could examine.","you can see, as you can see, as you can see, as you can see, you can see, you can see, you can see it.","you can see, as you can see, as you can see, as you can see, as you can see it.",1.0275416132623771
550,i'm just going to hold the knife in my fist like this.,i'll show you the next door frame to get the next door.,so i'm going to show you the next door frame to get the next door.,8.891772327382002
551,i'll get my sleeve back.,i'm going to go to the bed.,i'm going to go back to the bed.,7.20922794155428
552,and to make sure nothing goes up or down my sleeve i'm just going to squeeze my wrist right here.,i'm going to be able to be able to make sure how much blame with a chip with a chip with a chip.,i'm going to be able to be able to be able to make sure how much blame with sure that i'm going to be able to be able to be able to be able to make sure how much blame.,1.1374762608044051
553,"that way you can see that at no time can anything travel, as long as i'm squeezing there nothing can go up or down my sleeve.","so, you can't be here, how many of the audience can't be here.","and so, you can't be here, how much you can't be here.",-2.232887154676755
554,and the object of this is quite simple.,and this is a very easy thing.,and that's very easy.,-11.158254606744533
555,"i'm going to open my hand, and hopefully, if all is well, my pure animal magnetism will hold the knife.","if you'll be able to pick up, you'll be able to pick up, everything, you'll see everything, you'll see everything.","if you're going to pick a magnetic field, you'll be able to pick a magnetic field.",8.077096292492135
556,"in fact it's held so tightly in place that i can shake it, and the knife does not come off.","i can't get a bit of the truth, and i can't get it.","in fact, i can't be able to put it into the actual buttons.",4.2398314779788215
557,"nothing goes up or down my sleeve, no trickery. and you can examine everything.","you can see everything, it's not a little bit of everything that's a little bit of the hole.","you can't see everything, where everything is not a little bit of it's going to see.",2.3446151356421403
558,"so, this is a trick that i often teach to young children that are interested in magic, because you can learn a great deal about deception by studying this very -- even though it's a very simple trick methodologically.","so you know, it's very simple, because it's very simple, and i've learned about it's very simple, and learning about it's very simple, and learning about it's very simple.","so you know, it's very simple, because it's very simple, but you can learn about it's very simple, and learning about it's very simple.",1.663378957491311
559,probably many of you in the room know this trick.,most of you know that's the audience know that's the audience here.,"most of you know, here's the audience know that's the audience.",0.343506264486777
560,what happens is this.,the thing that happened: it happened.,the thing that happened: it happened.,0.0
561,i hold the knife in my hand.,the mother is a battlefield.,it's a shame.,-7.569977345121549
562,"i say i'm going to grab hold of my wrist to make sure nothing goes up or down my sleeve, that is a lie.","and then i said, ""i'm going to be able to be able to be able to be able to be able to be able to be able to be able to be able to be able to be able to be able to be able to be able to be able to be able to be able to be able to be able to be able to be able to be able to be able to","and then i said, ""i'm going to be happy, i'm going to be able to be able to be able to be able to be able to be able to be able to make sure how much of this.",16.032684626484563
563,the reason i'm holding onto my wrist is because that's actually the secret of the illusion.,this is a reason why i'm going to get this is actually a real-time.,this is a reason why i'm going to be able to go with this.,-7.946487016035199
564,"in a moment when my hand moves from facing you to being away from you, this finger right here, my index finger is just going to shift from where it is, to a position pointing out like this.","the next door that you will come to the next door of the next door, where you're going to go to the next door, and take you're going to the next door of the next door of the next door.","the next thing that you're going to go to the next door of the next door, where you're going to go to the next door of this is going to your hand.",1.8278701607611687
565,nice one.,very beautiful.,it's very beautiful.,-0.5797101449275361
566,someone who didn't have a childhood is out there.,somebody looks like a while there.,somebody looks like this.,-10.370466768830799
567,"so, it goes like this, from here, right.","so, here's a little bit of it.","so here, you start to start.",-0.8625589796224773
568,and as i move around my finger shifts.,i do my own hands when i do my own hands.,when i do my body disappointed.,-2.418112790992822
569,"and we could talk about why this is deceptive, why you don't notice there are only three fingers down here, because the mind, and the way it processes information, it doesn't count, one, two, three. it groups them.","and we can't just tell you, why it's all the brain is that there's one of the brain, and you can's all the brain, and you're not just about the brain, because there're not just about the brain, there's the brain, there's the brain, and you're not just one of the brain, there'","and we can't talk about the reason that there's why there's no difference, because there's no one of the brain, there's no way that you can's no difference that's no difference, and you's the brain, you can're not just about the brain, there's the brain.",4.276988833678104
570,but that's not really what this is about. right? and then i open my hand up.,"but that's not a mistake, right?","but that's not all i'm going to do it, right?",1.4814609100747695
571,"obviously it's clinging there, not by animal magnetism, but by chicanery, my index finger being there.","there's no evidence that there's no evidence, there's no evidence that are no evidence, there's no evidence, underlying gravity.","there's no evidence that there's no evidence, there's no evidence of gravity, there's no evidence, underlying gravity.",0.8921402486680883
572,"and then when i close my finger, same thing, as i move back, this motion kind of covers the moving back of my finger.","and when i do this thing, i do, i do, i do this thing, i do, i do is a lot of my hand, and when i do with a lot of my hand.","and when i do the same thing, i do, i'm going to be able to do this thing, and when i'm going to be able to do it.",5.323947652028494
573,i take this hand away. you give the knife out.,and then i got this one of my hand.,and then it's going to be able to put it up with my hands.,-0.15675974039034912
574,there is a trick you can do for your friends and neighbors. thanks.,thank you. thank you.,you can do it with your friends. thank you.,25.32864840926721
575,"now, what does that have to do with the placebo effect?","now, what is it going to be a drug.","now, what does this value?",13.858125679255053
576,i read a study a year or so ago that really blew my mind wide open.,"i've been fascinated by a study by a study by a study study by a study study study, i've been fascinated by a study by a year ago.","it's about two years ago, it's about two years ago. it's about two years ago.",-5.936776250941287
577,"i'm not a doctor or a researcher, so this, to me, was an astonishing thing.","so i'm not a wonderful thing, and i'm not really interesting.","so i'm not a wonderful thing, and i'm not really interesting.",0.0
578,"it turns out that if you administer a placebo in the form of a white pill, that's like aspirin shaped -- it's just a round white pill -- it has some certain measurable effect.","as if you get a mouse, you have a little bit like a little bit of the effect on the shape of the shape of the shape of the shape of the shape of the shape of the shape of the effect of the effect of the effect of the effect of the effect of the effect of the effect of the effect of the effect of the effect of the effect of the effect of the effect of","it's like the shape, if it's called the shape of the shape of the effect of the effect of the effect of the effect of the effect of the effect of the effect of the effect of the effect of the effect of the effect of the effect of the effect of the effect, it's called the effect of the effect of the effect.",-1.1706570793033322
579,"but if you change the form that you give the placebo in, like you make a smaller pill, and color it blue, and stamp a letter into it, it is actually measurably more effective.","but if you get the nuclei, you can see the blue, the blue, the blue, the blue-speaker, the nuclei, the way you're going to be the nuclei, and the nuclei, and the nuclei, and the nuclei, and the nuclei, and they're going on the nuclei, and they're going to be the","but if you look at the nuclei, if you're going to be able to be able to be able to be able to be able to be able to get the nuclei, and see what you're going on.",-0.8950433259982269
580,even though neither one of these things has any pharmaceutical -- they're sugar pills.,it's not just the first thing -- it's not just the first thing -- it's not just the first thing.,it's not just the first thing -- it's not just a second effect.,-1.2695833007506057
581,but a white pill is not as good as a blue pill.,but the male lions is not the better than the monkeys.,but it's not better than the monkeys.,-3.607579474231109
582,what? that really flipped me out.,what do you get this?,what do you have to get this?,1.8313470286142568
583,"turns out though, that that's not even where it stops.",and yet that's not the thing.,"and yet, that's not all of this.",-2.7933232241053325
584,"if you have capsules, they're more effective than tablets in any form.","if you have a lot of luxury, you have a lot of luxury, you have a lot of luxury.","if you have a lot of luxury, you have a lot of flexibility.",1.3589143204860576
585,"a colored capsule, that's yellow on one end and red on the other is better than a white capsule.",the first one of the best is the best part of the best of the best flames of the best flock.,"the first one of the other creature of the best flock, the best part of the best flock.",6.584961985387396
586,dosage has something to do with this.,it's a body that's a body in a body.,it's the amount of it.,-2.093807308900688
587,one pill twice a day is not as good at three pills -- i don't remember the statistic now. sorry.,i remember the statistics -- not just one of the most important thing i remember -- i remember -- i remember the worst criminals.,"i remember, i remember, not just one of the worst criminals. i'm not just one. i'm going to show you know.",-11.422624879353393
588,but the point is ...,but the result is the same.,but it's kind of like.,-13.127368984316874
589,... these dosages have something to do with it.,it's a great amount of it.,it's a great amount of it.,0.0
590,and the form has something to do with it.,and the shape of that's also about this.,and it's also a relationship with that.,-2.9051594725259946
591,"and if you want the ultimate in placebo, you've go to the needle.","and if you want to get a doctor, you need to get a doctor.",and if you want to have to have to have to have to have to have to have to have to have to have to have to have to have to have to get a pillow.,-8.370503309974492
592,"right? a syringe with some inert -- a couple ccs of some inert something, and you inject this into a patient ...","so, what do you do you do to do with me -- that's a couple of minutes -- it's a couple of minutes -- it's a couple of minutes.",so what do you take a couple of minutes -- it's a couple of minutes -- it's a couple of minutes -- it's a couple of minutes -- it's not a couple of minutes. right?,2.035476881460358
593,"well this is such a powerful image in their mind, it's so much stronger than the white pill.","well, in fact, it's a lot of the monkeys that's a lot of the monkeys.","well, in fact, it's actually a lot of the monkeys that's a lot of the monkeys.",0.5525356993871
594,"it's a really, this graph, well i'll show it to you some other time when we have slides.","it's really a bit of this, when we have another opportunity to be able to be able to be able to be able to be able to be able to be able to be able to be able to be able to be able to be able to be able to be able to be able to be able to be able to be able to be able to be able to be able to be able","it's really going to show you a little bit of this image, when we have another opportunity.",12.967583849301075
595,the point is the white pill is not as good as the blue pill is not as good as the capsule is not as good as the needle.,"the blue line is a complete fat-like, like a complete fat-like, like a complete body.","it's like the blue algae, like swiss army knife, like the blueprints like the blue algae.",2.2004426003003825
596,"and none of it has any real pharmaceutical quality, it's only your belief that makes it real in your body and makes a stronger effect.",and you're just one of the effect that you have to use it to use it to be able to use it to use it to use it to be a real impact on your body.,it's just one of your body that i'm going to show you a real impact on inside your body.,-3.202744804967299
597,i wanted to see if i could take that idea and apply it to a magic trick.,if i want to go to the idea of this idea of the idea of the idea of the idea of the idea.,"so if i want to take this idea, i want to go to the idea of this idea.",5.691052031897101
598,and take something that is obviously a fake trick and make it seem real.,it's a real thing that it was a real thing that it was a real thing.,"but obviously, it's a real thing that if it's a real thing.",10.246028911168583
599,"and we know from that study that when you want reality, you go to the needle.","and as you want to know, it's actually a little bit of the fact that's actually a little bit of the original group.","and as we know, as you want to do something that's a group.",0.3844150012421217
600,"this is a seven-inch hatpin. it's very, very sharp, and i'm going to just sterilize it a tiny bit.","it's very little bit about it's very little bit about it, and i want to use it's very little bit about it.","it's a very little bit about it's very little bit, and i want to do it's very little bit about it. it. it's very little bit like to do it.",-0.35756956042006394
601,this is really my flesh. this is not damian's special-grown flesh.,this is not a way that i'm not a kind of a kind of a kind of a kind of a kind of controversy.,that's not the real way that it's not a kind of the real way.,-3.9287443687427874
602,that's my skin right there. this is not a hollywood special effect.,here's no effect on this.,here's the effect of this. this is not the effect.,15.6301548362142
603,i'm going to pierce my skin and run this needle through to the other side.,now i'm going to show you a second one of the second birthday.,now i'm going to show you the second one of the second one.,0.5693672217499177
604,"if you're queasy -- if you faint easily -- i was doing this for some friends in the hotel room last night, and some people that i didn't know, and one woman almost passed out.","if i've been a woman -- i've been a woman who've been there, i've been a young woman who've been a young woman -- i know if you've been a woman who've been a woman who've been a woman -- i've been a woman who've been a young woman -- i've been a young woman -- i",if i've got a woman -- i don't know if you've got a woman -- i've got a woman -- i've got a young woman -- i've been there've got a woman -- i've got a young woman -- i've got to know if you've got a young woman -- i've got a woman -- i've,4.206267060381666
605,"so, i suggest if you get queasy easy that you look away for about the next 30 -- in fact, you know what, i'll do the first bad part behind it.","so i'm going to look at the first time, i'm going to look at the first time, i'm going to look at the first time, i'm going to look at the first one, i'm going to look at 30 seconds, and i'm going to look at the end of the first time.","so i'm going to look at the first time, i'm going to look at 30 seconds, i'm going to look at the first time, i'm going to look at 30 seconds.",-0.1751944267735972
606,"you'll get to see, you can look away too if you'd like to.","you can look at the interface, you can see you can see it.","you can look at it, you can look at it.",-3.750486723869926
607,"so, here is what happens, right here, the beginning of my flesh at the lower part of my arm i just make a little pierce.","so this is a small part of the lower, and i've got a small part of the slide here, and i've got a little bit of the slide here.","so this is what happens here, i've got a small part of a small part of the car, and i've got a small part of the slide here.",1.3872826127662314
608,"i'm sorry, man. am i freaking you out?","do you know, i'm sorry?",i'm sorry? i'm sorry.,-2.2289626167049086
609,"ok, and then just through my skin a tiny bit, and then out the other side like this.","and then you see something that you see, you see a little bit of the other hand.","and then finally, you see it's a little bit like a little bit of the end.",-8.384527377779058
610,"now, essentially we're in the same position we were in with the knife trick.","now, we were in the same wombodies, we were doing the same thing that we were doing.","now, we were able to work with my work with my job.",-14.568814753654046
611,sort of.,what's sort of.,it's sort of thing.,-23.251938196028895
612,but you can't count my fingers right now can you?,but can you see that?,but can you see that?,0.0
613,"so, let me show them to you. that's one, two three, four, five.","so let me show you three, three, three, four, four, four, four.","so let me show you three, three, three, three, four, four.",0.35364155986680856
614,"yes, well...","ok, ok, yes.","well, yeah, yes.",14.930324683813323
615,i know what people think when they see this.,i know what people think is when they think.,i know what people think about.,-16.13931730881437
616,"they go, ""well, he's certainly not dumb enough to stab himself through the skin to entertain us for a few minutes.","it's not just a long time, it's not just a minute.","""well, it's not just a long time for me. it's not just a minute.",5.2253583614795005
617,"so, let me give you a little peek.",so let me show you a look at it.,so let me show you a look at it.,0.0
618,how's that look out there? pretty good.,how do you feel beautiful?,how do you feel beautiful?,0.0
619,"yeah, i know. and the people in the back go, ""ok, i didn't really see that.""","yeah, i know, i'm not saying, ""well, i'm going to see that, i'm going to see that, i'm going to see that.","yeah, i know, ""well, i don't know, i't know that. i'm going to see that.",2.66930694101638
620,people in the satellite room are starting to move in now.,"now, people start to go to the room.","now, in the room, they start to go to the room.",-5.077634116964941
621,let me give you good close look at this.,let me show you a look at this.,let me show you a look at this.,0.0
622,that really is my skin. that is not a hollywood special effect.,it's really a really important thing that it's really is that it's really the effect.,it's not really the effect of the effect of the effect of the effect.,-8.360588464607723
623,"that's my flesh, and i can twist that around.",and it can be done this.,and it can do this. this.,1.4321648085386194
624,"i'm sorry. if you're getting queasy, look away, don't look at the thing.","i'm sorry, if you look at this is a bowl of the bottom, i'm sorry.","if you look at this point, i'm sorry, i'm sorry, i'm sorry to look at this.",1.0409331833795719
625,"people in the back or people on video years from now watching this will go, ""well yeah, that looks kind of neat in some sort of effect there, but if it were real he would be -- see there's a hole there and a hole there, if it were real he would be bleeding.","now, there's a real thing that people who are now, because if there's a real way, there's a real thing that's a real thing that's a real thing that's a real thing that's a real thing that's a real thing that people who are a real thing.","now, there's a real thing that's a real thing that people who think there's a real way, because there's a real thing that's a real thing that's a real thing that's a real way that's a real way that's a real thing.",-1.9352861968355697
626,well let me work up some blood for you.,well let me give you some bloody.,"ok, let me give you some blood vessels.",-13.028456288828885
627,"yes, there it is.",yeah.,"yeah, here's.",13.744287451178792
628,"normally now, i would take the needle out.","now, it's a natural selection.",now i'm going to show you the natural selection.,2.8284143313712846
629,"i would clean off my arm, and i would show you that there are no wounds.","i'm going to show you, i'll be there.","i'm going to show you, and i'm going to go there.",4.495924981190832
630,"but i think in this context and with the idea of taking something fake and making it into something real, i'm just going to leave it there, and walk off the stage.","but i'm going to go to the idea of this idea of the theater, and i think it's a real idea of the theater, and i'm going to go to go to the theater, and the stage.","but i think it's a real idea that i'm going to take a real idea, and i'm going to take a real idea of this idea of the stage.",-1.6051702530972634
631,i will be seeing you several times over the next few days.,and i'll be in some days.,i'm going to show you some days in the next few days.,22.908946945678665
632,i hope you're looking forward to that. thank you very much.,so i hope you're expecting very much. thank you.,so i hope you. thank you very much.,-0.8096748413887056
633,"so, i've known a lot of fish in my life.",i've been a lot of fish in the fish.,i've done a lot of fish on my life.,7.900222533090023
634,i've loved only two.,but i just love my interest.,but i just love it.,-1.4774023541399153
635,"that first one, it was more like a passionate affair.",it was a more relationship than this.,"it's the first one of the first thing, it's a lot of it.",1.9739115102294598
636,"it was a beautiful fish: flavorful, textured, meaty, a bestseller on the menu.","it was a great big fan, and it was a great honor of food, and it could be a great.","it's a beautiful grandchildren, and it's a great honor kills a great thing.",6.155149355593487
637,what a fish.,"oh, it's a fish.","oh, it's a fish.",0.0
638,"even better, it was farm-raised to the supposed highest standards of sustainability.","it's been made more profitable, and more than the opposite, and the opposite of the most expensive.","it's been made more profitable, and it's made more profitable.",-4.968808621190147
639,so you could feel good about selling it.,it feels like a good thing.,it's good for you feel good.,8.290060743904782
640,i was in a relationship with this beauty for several months.,"and i was in this room with a week, and i was with a couple of weeks.",and i was stuck with this.,-4.241473253815091
641,"one day, the head of the company called and asked if i'd speak at an event about the farm's sustainability.","and i was a conference, and i was talking about the company, and i was talking about the company.","and so, what i'd like to talk about the company was a conference in the company.",-0.02799707595315226
642,"""absolutely,"" i said.","""so.""","and he said, ""no.""",9.613494284974887
643,here was a company trying to solve what's become this unimaginable problem for us chefs: how do we keep fish on our menus?,"what's the problem is, and it's a solution to be a solution to be a solution to the problem, ""how do it's a solution?""","it's what's the problem, and it's what's what's the problem is that it's the problem, and it's what's the problem?",-3.4173948605361595
644,"for the past 50 years, we've been fishing the seas like we clear-cut forests.","we were 50 years from the forest, as we were able to get 50 years from the forest.","we were 50 years old, as we were looking at the trees.",-7.613870996497951
645,it's hard to overstate the destruction.,and it's hard to get it.,and it's hard to be difficult.,-1.2711926932237532
646,"ninety percent of large fish, the ones we love -- the tunas, the halibuts, the salmons, swordfish -- they've collapsed.","the big fish, 90 percent of the sea, 90 percent, 90 percent, 90 percent, the seafood.","the big fish, 90 percent, 90 percent of the seafood, 90 percent, 90 percent.",-2.4154624556385755
647,there's almost nothing left.,and it didn't have a lot of it.,and it didn't get it.,-4.262720205122481
648,"so, for better or for worse, aquaculture, fish farming, is going to be a part of our future.",and the future of our future was a part of the future of the future of the future of the future of the future of the future of the future of the future of the future of the future of the future of the future of the future.,this was a part of the future of the future of the future of the future of the future of the future of the future of medicine.,-0.8310044404466446
649,"a lot of arguments against it: fish farms pollute -- most of them do anyway -- and they're inefficient. take tuna, a major drawback.","and the problem is that, for example, there's a lot of the fish, a lot of the ocean, and it's a lot of the ocean, and it's a lot of the ocean, there's a lot of the ocean, and it's a lot of the ocean, and it's a lot of the ocean.","and it's a lot of the ocean, for example, for example, there's a lot of the ocean, and it's a lot of the ocean, and it's a lot of the ocean, and it's a lot of the ocean.",-1.673916090364628
650,it's got a feed conversion ratio of 15 to one.,because it's 15 years to 15 years.,because they go to 15 years.,-1.642210788641071
651,that means it takes fifteen pounds of wild fish to get you one pound of farm tuna.,"you need 15 years of food, you need to get a fish in the fish, and you need to get a fish.","you need to get a 15-mers of fish, and you're going to get the fish in the fish.",-1.8824759117431924
652,not very sustainable.,bad design is bad.,bad news is bad.,0.18520805037659116
653,it doesn't taste very good either.,it's a bad reputation.,it's a bad reputation.,0.0
654,"so here, finally, was a company trying to do it right.","so here we have a company, we have a company to do the right thing.","so here we have a company, we have a company.",-11.433872105960639
655,i wanted to support them.,and i wanted to help them.,and i wanted to help them.,0.0
656,"the day before the event, i called the head of p.r. for the company.",and i started working with the company that i worked with the company.,the conference today i worked with the company that i've done in the company.,3.866213261004301
657,let's call him don.,"and he said, ""no, ""no, no.""","and he said, ""i don't get it.""",5.776726179910575
658,"""don,"" i said, ""just to get the facts straight, you guys are famous for farming so far out to sea, you don't pollute.""","you're not just seeing the fish, and you're not just going to see the fish, and you're going to see the fish, and you're not just going to see the fish.","and you can't see the fish, and you're not just going to see the fish, and you're going to see the fish, and you're not just the ocean.",2.442403235191982
659,"""that's right,"" he said. ""we're so far out, the waste from our fish gets distributed, not concentrated.""","so we have this, right now, ""this is a fish, we have a fish, right now have a fish.","so we have this, right now, we have the fish, right now, and we don't have the fish.",1.3254677436277191
660,"and then he added, ""we're basically a world unto ourselves.","and then we're going to be the future, and we're the future.","and then we are the future, and we are the future.",-3.1002450727832027
661,"that feed conversion ratio? 2.5 to one,"" he said.",we have two groups of the other people.,and we have two volunteers.,-0.753537586082917
662,"""best in the business.""","""i'm going to better in the market.""","""i'm going to better in the market.""",0.0
663,"2.5 to one, great.","two, two, two.","ok, two.",-0.7255389718076293
664,"""2.5 what? what are you feeding?""",what do you look at the two?,what do you look at two?,-0.9121828692601586
665,"""sustainable proteins,"" he said.","he said, ""i'm going to create a call a human body.","he said, ""i'm going to create a call the content.",-1.0683975450867926
666,"""great,"" i said. got off the phone.","and i said, ""look, i've been a phone!""","and i said, ""look, i'm going to get the phone!""",12.297771812738105
667,"and that night, i was lying in bed, and i thought: what the hell is a sustainable protein?","and i thought, ""what is the night of the night of the nights of the nights of the nights of the nights of the nights.","and i thought, ""what's the night of the night of the night of the night of the night of the night of the night of the nights.",-1.0447293090849072
668,"so the next day, just before the event, i called don.","so before the next conference is ""the bubble.""","so the next conference today, ""the bubble.""",-3.2124332083427873
669,"i said, ""don, what are some examples of sustainable proteins?""","""do you can't you do a bunch of examples of examples?","""do you can't do some examples of the examples?",7.471110689365325
670,he said he didn't know. he would ask around.,and i said it'll say it's not about it.,and i said it'll say it's not about it.,0.0
671,"well, i got on the phone with a few people in the company; no one could give me a straight answer until finally, i got on the phone with the head biologist.","well, i started to get some of them, and i started to the company, and i started to get some of them, and i started to the company, and i started to get a lot of them in the end up in the end up in the end of them.","well, i started a few of them, and i started looking at some of them, and i started looking at the end up in the end of them.",-6.286791465469257
672,let's call him don too.,"and he said, ""no, ""no, it's also not too.""","and he said, ""i don't worry.""",-7.618065677168378
673,"""don,"" i said, ""what are some examples of sustainable proteins?""","i said, ""i'm going to give you some examples of the examples of the examples of the examples.","i said, ""i'm going to give you a few examples of innovation.""",-5.435207503333615
674,"well, he mentioned some algaes and some fish meals, and then he said chicken pellets.","well, he said, ""well, some of the number of fish, some of fish are some of the fish.","well, he said, ""well, i've got some of the number of fish.",-4.401521092922291
675,"i said, ""chicken pellets?""","""what do you feel like a sugar?","""what are you going to algae?",-5.798570926595531
676,"he said, ""yeah, feathers, skin, bone meal, scraps, dried and processed into feed.""","""oh, the blood pressure, the blood pressure is a system, the blood pressure of the blood pressure, the blood pressure, the blood pressure.","and he said, ""yeah, yes, yes, yes, yes, ""yeah, yes, yes, ""yeah, ""yeah, yes, the blood pressure is the blood pressure.""",13.679702983916789
677,"i said, ""what percentage of your feed is chicken?""",how much the stockpension in your blood vessel?,how many of your blood vessel?,-0.7524126610488846
678,"thinking, you know, two percent.","i think, you know, i was a couple of years old.","you know, i think, you know, you know, i was a 28 percent.",13.73403502964944
679,"""well, it's about 30 percent,"" he said.","and he said, ""i'm going to 30 percent.""","and he said, ""what's 30 percent.""",3.1654277610144206
680,"i said, ""don, what's sustainable about feeding chicken to fish?""","and i said, ""what's fish fish fish fish fish fish fish?","and i said, ""what's fish fish fish fish?",1.1716267330215189
681,"there was a long pause on the line, and he said, ""there's just too much chicken in the world.""","and after the world, he said, ""okay, there's a lot of the world!","and after the world, he said, ""okay, there's a lot of shoes!",-0.9265729814538872
682,i fell out of love with this fish.,i love this fish.,i don't like this fish.,-5.163469130241122
683,"no, not because i'm some self-righteous, goody-two shoes foodie.","because i'm not a little bit of food, not because i'm not a little bit of food.","because i'm not a little bit of food, not because i'm not a little bit of food.",0.0
684,i actually am.,i'm not.,i'm not too.,-0.31347962382444994
685,"no, i actually fell out of love with this fish because, i swear to god, after that conversation, the fish tasted like chicken.","i started looking for that window, because i started looking for that window, i started looking for the boat.","i started looking for this conversation, because i started looking at the wall, i started looking for that window.",10.783283058422683
686,"this second fish, it's a different kind of love story.",and the second story is a story of the second story of the eye.,and the second story is a story of a story.,1.6031276231355882
687,"it's the romantic kind, the kind where the more you get to know your fish, you love the fish.","the more i love, the more i love, the more it's the more it's the more it's the more.","it's the bigger than you know, and it's a little bit of the stronger.",-4.067023361110866
688,i first ate it at a restaurant in southern spain.,"and it was a restaurant, in southern california, in southern california, i's a restaurant.","and it's the first time in southern california, in southern california.",-9.18428531627076
689,a journalist friend had been talking about this fish for a long time.,"i was a long time, and i was a little bit of my own voice.","it was a long time to me, and it was a little bit about it.",3.3902193104663567
690,she kind of set us up.,and we've got a couple of each other.,and i'm standing on each other.,-1.2639321078925718
691,"it came to the table a bright, almost shimmering, white color.","and he was going to go to the food, and he was going to the food.","and it was crawled the food, and it was crawled out of food.",-2.270267104369543
692,the chef had overcooked it.,"and it was a fan of the airport, and it was a fan.",he was born in the senator.,0.20849364875672016
693,like twice over.,twenty-old.,it's more than a refugee.,1.0087033498122455
694,"amazingly, it was still delicious.","but it's amazing, and it's a wonderful thing.",but it's amazing.,-2.2813764097026876
695,who can make a fish taste good after it's been overcooked?,so what can we eat it in this fish that's like to be a fish?,so what can we look like to that's going to be in this fish?,-3.4844571945277174
696,"i can't, but this guy can.",i can't do that guy can't do that guy.,i can't do that guy. i can't do that guy.,-7.434386886876226
697,let's call him miguel -- actually his name is miguel.,and he's actually called the real name of the real name of the real name.,he's actually called the real name of the real name of the real name.,0.3351663517701553
698,"and no, he didn't cook the fish, and he's not a chef, at least in the way that you and i understand it.",it's not even though it's not even though we know that we know that it's not even though it's not even though it's not even though it's not even though it's not even though it's not even though it's not even though it's not even though it's not even though it's not even though it',"it's not even though it's not even though we know, but it's not even though it's not even though it's not even though it's not even though we know.",1.8301889969422351
699,he's a biologist at veta la palma.,it's not in the world.,"it's not in the world, it's in the world.",0.7191584800786899
700,it's a fish farm in the southwestern corner of spain.,"and it's in southern california, in southern california.",and it's in tasmania in southern california.,0.1550696934413125
701,it's at the tip of the guadalquivir river.,"""theidotechangeloor.","""i'm going to go on the backyard.""",-1.4867490611594008
702,"until the 1980s, the farm was in the hands of the argentinians.","until 1980, they were going to be a second.","until 1980, the 1980, they were in 1980s.",4.2374061822488684
703,they raised beef cattle on what was essentially wetlands.,"they were just a little bit of the rockets, and they were on the rockets.","what they were doing was, and they were doing.",-1.3113849811245863
704,they did it by draining the land.,the floor was a complete.,they're walking around the earth.,10.802787707167525
705,"they built this intricate series of canals, and they pushed water off the land and out into the river.",the water from the water to the water from the water to the water to the water to the water.,it's going to go back to the water from the water from the floor.,-2.0540044945279057
706,"well, they couldn't make it work, not economically.","but this is a business, it hasn't been working on.",but it hasn't been working with them.,0.7042715545871818
707,"and ecologically, it was a disaster.","and it was there, and it's a system.","and it's a system, there's a system.",-7.02086695745793
708,"it killed like 90 percent of the birds, which, for this place, is a lot of birds.","and the bird flu was a 450 percent of the area of the ice, and the area of the ice.","it was about 90 percent of the iceland, and it's about 90 percent of this area.",-0.5906904920122642
709,"and so in 1982, a spanish company with an environmental conscience purchased the land.","so, this is a company in 1982323230.",and so this is a company in 1982.,3.17663085789669
710,what did they do?,what do you do there?,what do you do there?,0.0
711,they reversed the flow of water.,they've been learning.,they've done it.,0.019743604534658843
712,they literally flipped the switch.,"""i've been talking about the opposite.""","they said, ""i've been talking about the opposite.",4.086269366933012
713,"instead of pushing water out, they used the channels to pull water back in.","and instead of water, they used to use the network.","and instead of water, i used to use the network of water.",-5.051844880336276
714,they flooded the canals.,they're going to be a sinister.,and then they put it into a sinister.,6.432683205054568
715,"they created a 27,000-acre fish farm -- bass, mullet, shrimp, eel -- and in the process, miguel and this company completely reversed the ecological destruction.","and then, the process of the process, the process, the process of the process, and the process of the process, the process of the process, and the process of the system, and the process of the system, and the process, the process of the entire ecosystem.","and then, after the process, the process of the process of the process of the process, and the process of the process of the system, and the process of the system, and the process of the system, and the process of the system, and the process of the process of the system, and the process of the system, and the process of the process, and the process, and the",-2.590706309050894
716,the farm's incredible.,it's a great farm.,it's a great farm.,0.0
717,"i mean, you've never seen anything like this.","i mean, you're not going to see it.","i mean, you're not going to see it.",0.0
718,"you stare out at a horizon that is a million miles away, and all you see are flooded canals and this thick, rich marshland.","you're in the dark sidewalks, and all the significance, and all the significance and all the things that you're going to the significance.","you're going to go into a million miles, and you're a million miles, and all of the algae swim in the horizon.",7.555810772878694
719,i was there not long ago with miguel.,i was a time with a time.,there's a long time ago.,6.1543351712580225
720,"he's an amazing guy, like three parts charles darwin and one part crocodile dundee.","he's a great guy called ""theon,"" and he's a great man who's a great man who's a great man.","and he's a great guy called ""i've been a great guy, and he's a great guy.""",-0.023853874977593392
721,"okay? there we are slogging through the wetlands, and i'm panting and sweating, got mud up to my knees, and miguel's calmly conducting a biology lecture.","well, we're going to go back to the earth, and i'm going to the earth, and i'm going to the earth, and i'm going to go back to the earth.","well, i'm going to go back to the earth, ""well, i'm going to the earth, and i'm going to the earth'm sorry.",-3.005560768415304
722,"here, he's pointing out a rare black-shouldered kite.","and here's a kind of a kind of a kind of a kind of circle of a black hole, and a kind of a kind of a kind of circle.","and here's a kind of a kind of color, and here, and here's a kind of a kind of circle.",1.7512201798623543
723,"now, he's mentioning the mineral needs of phytoplankton.",and here's a critical price of manufacturing facility.,and here's a critical price of manufacturing facility.,0.0
724,"and here, here he sees a grouping pattern that reminds him of the tanzanian giraffe.",and here's what you're interested in the japanese public spaceship.,"and here's what you're interested in here, and here.",-0.2770696953505407
725,"it turns out, miguel spent the better part of his career in the mikumi national park in africa.","he was a better thing in africa, ""the vagina"" in africa.""","in africa, i've got a better place in africa, ""the vagina.""",-0.8346478521469827
726,i asked him how he became such an expert on fish.,"how do you get a fish restaurant, like this.","and so, how do you get the fish in fish.",3.0086641863772527
727,"he said, ""fish? i didn't know anything about fish.","""what's i don't know about it? i don't know?",i don't know anything about it?,23.14013243261576
728,"i'm an expert in relationships.""",i'm a leader in a sense of relationships.,i'm in a sense of relationships.,-0.2511624884371244
729,"and then he's off, launching into more talk about rare birds and algaes and strange aquatic plants.","and then, in addition, some of the birds, and then, the birds are some of the birds, and then they're looking for the birds.","and then, in addition, some of the birds and the birds of the birds of the birds of the birds of the birds of the birds and the birds.",-1.567031934160557
730,"and don't get me wrong, that was really fascinating, you know, the biotic community unplugged, kind of thing.","you know, it was amazing, it was amazing, it was amazing, as you know, it was amazing, it was amazing, it was amazing, it was amazing, as you know, it was amazing, it was amazing, it was amazing, it was amazing.","you know, you know, it's amazing, it's amazing, you know, it's amazing, it's amazing, it's amazing, it's amazing, it's amazing.",3.5223176644702434
731,"it's great, but i was in love.","but i was a wonderful thing, i was a wonderful thing.","i was a wonderful thing, but i was a wonderful thing.",3.3729200218498896
732,and my head was swooning over that overcooked piece of delicious fish i had the night before.,"and it was a beautiful night, and it was a fish that was a fish in the night.",and it was the night of the night that was the nights of the nights of the nights of the nights of the nights.,-2.642088321478571
733,"so i interrupted him. i said, ""miguel, what makes your fish taste so good?""","""what's a great job?""","""what's it's a wonderful mixing?""",3.640754854002836
734,he pointed at the algae.,and i went to the phara.,and he went to the gazeera.,0.1760431212841702
735,"""i know, dude, the algae, the phytoplankton, the relationships: it's amazing.","i know, it's a great guy, ""wow, it's a great man.""","i know, it's a great guy. it's a great guy.",-2.1370865506705172
736,but what are your fish eating?,but what do you eat?,but what do you eat?,0.0
737,"what's the feed conversion ratio?""",what do you have?,what do you have?,0.0
738,"well, he goes on to tell me it's such a rich system that the fish are eating what they'd be eating in the wild.","well, in the sea, the fish, the fish, the fish, the fish, the fish, the fish, the fish of the fish of the fish, the fish, the fish, the fish, the fish of the fish, the fish of the fish, the fish of the fish, the fish of the fish, the fish of the fish of the fish, the fish of the fish","well, if you look at the marine life, it's a very small system, it's very small system.",4.894837972325643
739,"the plant biomass, the phytoplankton, the zooplankton, it's what feeds the fish.","it's a fish, and the fish, it's a fish.","it's the fish, it's the fish, and it's the fish.",4.174210626753883
740,"the system is so healthy, it's totally self-renewing.",it's very simple system.,it's very simple system.,0.0
741,there is no feed.,so we don't need something.,so we don't need something.,0.0
742,ever heard of a farm that doesn't feed its animals?,did you have heard of the indoors before?,did you have heard of the indoors before?,0.0
743,"later that day, i was driving around this property with miguel, and i asked him, i said, ""for a place that seems so natural, unlike like any farm i'd ever been at, how do you measure success?""","i saw a marine life, ""how's not going to be able to get a nuclear warned by the way to be able to get to get to the ""how do it.""","and then, i saw how did you have been able to get to deal with this, ""how do you've never seen how do you've ever been in the process.""",8.859006735173491
744,"at that moment, it was as if a film director called for a set change.","when i got a website, i've got a filmmaker to change the moment when i've got this moment.","when the moment was happening with that moment, it's happening with this moment.",2.4778124562598123
745,"and we rounded the corner and saw the most amazing sight: thousands and thousands of pink flamingos, a literal pink carpet for as far as you could see.","we were able to get a little bit of the ice sheet of the ice, where we were able to get the ice, where we were able to get the ice shelter.","so we were able to get out of the glacier, where we were able to go on the ice shelter.",-0.9392076850997206
746,"""that's success,"" he said.","and he said, ""that's the success.""","and he said, ""that's the success.""",0.0
747,"""look at their bellies, pink.","look at the eye, ""oh, look at the eye.""","look at it, ""wow!""",-12.10513699739099
748,"they're feasting.""",it's a virginia.,it's a virginia.,0.0
749,feasting? i was totally confused.,"""what do you have you have a phantomached?""","""what do you have you come up with me?""",-1.382366130571432
750,"i said, ""miguel, aren't they feasting on your fish?""","and i said, ""what is this is the horse?","and i said, ""what are you going to go back to this?""",3.697132451332198
751,"""yes,"" he said.","yes, ""yeah.""","yeah, ""yeah.""",-14.614341857805986
752,"""we lose 20 percent of our fish and fish eggs to birds.",we are the fish of 20 percent of the fish of the fish of the fish.,we're going to get rid of the fish.,-18.225185552516116
753,"well, last year, this property had 600,000 birds on it, more than 250 different species.","well, this year, the average year, the average year, the average year's a year's a year.","well, that's what's a year's been a year.",-5.0911607934511185
754,"it's become, today, the largest and one of the most important private bird sanctuaries in all of europe.""","and it was the largest private sector, and it's the most important part of the most important thing.",and it's the most important part of the most important part of the most important part of the most important thing.,-12.740452217730937
755,"i said, ""miguel, isn't a thriving bird population like the last thing you want on a fish farm?""","and i said, ""well, ""what's happening in birds.""","and i said, ""well, what's happening in birds of birds?",0.9245852845807825
756,"he shook his head, no.","he said, ""no, ""no, no.","and he said, ""no, ""no.""",-4.25372629027682
757,"he said, ""we farm extensively, not intensively.","we are not streaking, not a little bit of the fathers.","we are not streaking, not exclusion.",-1.0111296450160445
758,this is an ecological network.,this is a network of a network of a network system.,this is a network system that's a network system.,-0.5748259140309315
759,the flamingos eat the shrimp.,and i'll call my lab.,"and my lab is where my lab, i'll call my lab.",4.19422256393771
760,the shrimp eat the phytoplankton.,and i think of my lab.,and i think of my lab.,0.0
761,"so the pinker the belly, the better the system.""","so the better, the better of the system was better, the better.","so it was the better, the better, the better of the system was better.",-3.2332678062136964
762,"okay, so let's review: a farm that doesn't feed its animals, and a farm that measures its success on the health of its predators.","well, this is a robust-being, in the developing countries, in the developing countries, in the developing countries, in the developing countries, in the field of the field of the field of the field of the stock market.","well, in fact, this case, it's not going to be a low-cost.",-6.073771183365528
763,"a fish farm, but also a bird sanctuary.","but the same time in the same time, they were in the same time.",but the same time in the same time.,-1.1312816587020116
764,"oh, and by the way, those flamingos, they shouldn't even be there in the first place.","and the way, the way, you have to be here.","you have to be here, and the way, that's the way, you have to be here.",4.051808764563766
765,"they brood in a town 150 miles away, where the soil conditions are better for building nests.","they're not working on the right now, where they're going to build the cities.","it's where we're going to build our cities are better, and we're going to build our cities.",1.9818971873175464
766,"every morning, they fly 150 miles into the farm.","and all right, all the morning, the morning, the morning.","every morning, the morning, it's the morning.",13.17928805245134
767,"and every evening, they fly 150 miles back.","and in every evening, every evening.","and in every evening, every single evening.",0.07625082358333657
768,they do that because they're able to follow the broken white line of highway a92.,"and they're not on the bottom, because they're going to get the line.","and it's a big challenge, because it's a big challenge.",-17.46524384148634
769,no kidding.,yes.,yes.,0.0
770,"i was imagining a ""march of the penguins"" thing, so i looked at miguel.","and i was in the same time, and i looked at the same time, and i looked at the same time.","and i looked at the same time, and i looked at the same time.",-3.8402063710612317
771,"i said, ""miguel, do they fly 150 miles to the farm, and then do they fly 150 miles back at night?","and i said, ""do you go to 150 150 150 150 years old, ""do you go to 150 miles?""","and i said, ""do you go back to 150 150 150 years old, do you go back to 150 feet?",-2.759250578591754
772,"do they do that for the children?""",do you do it?,is it going to do that?,11.357757627604528
773,he looked at me like i had just quoted a whitney houston song.,"it's a song, as if i'm a song, i'm a song.""","it's a song, as if you look at me, it's a song.""",7.35319498154376
774,"he said, ""no; they do it because the food's better.""","and he said, ""no, it's not the food.""","and he said, ""no, it's better.""",5.072997824429969
775,"i didn't mention the skin of my beloved fish, which was delicious -- and i don't like fish skin; i don't like it seared, i don't like it crispy.","i don't tell you, i love poems a very excited about the white, or a very famous, i love, i love, or a very, i love.","i don't like to tell you, i don't like to tell you, i't like to tell you, i'm not like to tell you, i'm not like to tell you, i'm very excited to tell you.",9.4149051357826
776,"it's that acrid, tar-like flavor.","it's a thicker, and you're going to be a thick.","it's a thicker, and it's like you's busy.",2.306880335920063
777,i almost never cook with it.,and they don't get out of fish.,and they don't have the fish.,0.1250235978206362
778,"yet, when i tasted it at that restaurant in southern spain, it tasted not at all like fish skin.","but when i was in the southwest pakistan, i didn't have a fish in southern california.","but when i was in southern california, i didn't have a fish in southern california.",-3.60368200483882
779,"it tasted sweet and clean, like you were taking a bite of the ocean.","""the sea, if you're a lot of ocean, you're not going to get the ocean.""","if you're not the ocean of the ocean, you've got the ocean, you've got the ocean, and you've got the ocean.",0.7841419770659428
780,"i mentioned that to miguel, and he nodded.","and so, i was walking down to me.","and then he was walking to me, ""i've got a rome.""",5.140381268779095
781,"he said, ""the skin acts like a sponge.","he said, ""no, like fish.","and he said, ""no, like fish.",0.4799699992769959
782,it's the last defense before anything enters the body.,it's the first thing that it's the first thing that it's the first thing.,it's the first thing that it's the first thing.,1.2927033867648987
783,"it evolved to soak up impurities.""",and it's a very simple framework.,and it's a very simple framework.,0.0
784,"and then he added, ""but our water has no impurities.""","and then we don't have a paper, but it's no one.","and then we don't have a paper, but it's not the mosquitoes.",2.4937063755855178
785,"ok. a farm that doesn't feed its fish, a farm that measures its success by the success of its predators.","well, it's a building, and it's a building it's a building.","well, it's a building, and it's a building it's a building.",0.0
786,"and then i realized when he says, ""a farm that has no impurities,"" he made a big understatement, because the water that flows through that farm comes in from the guadalquivir river.","and then he said, ""i know, i've got a big bang, because he's got a big bang, and he's got a big bang, and he's got a big bang, and he said, ""i's got a big bang.","and then he said, ""i know, i've got a lot of water, because he's going to go to the water, and he said, ""i don't have a lot of water,"" and then he't have a big bang.",8.066151791442465
787,"it's a river that carries with it all the things that rivers tend to carry these days: chemical contaminants, pesticide runoff.","now, the things that you see is the river that it's the river that it's the river, and the river that it's the river that it's the river that it's the river that it's the river that it's the river that it's the river that it's the river.",it's all these days that they're all these days that they're all the things that they're all the things that they're all the things that they're all the nutrients.,3.784104890163757
788,"and when it works its way through the system and leaves, the water is cleaner than when it entered.","and when you get this system, it gets more and then it gets to do it, and it, and it's more.","and when you get this system, it becomes more, and then it's the system, and it's the system.",3.8214454286565704
789,"the system is so healthy, it purifies the water.","this is a very, so it's very, so it's very dry.",that's a very simple system.,7.886032606670108
790,"so, not just a farm that doesn't feed its animals, not just a farm that measures its success by the health of its predators, but a farm that's literally a water purification plant -- and not just for those fish, but for you and me as well.","it's not just a very expensive, but it's not just a single building, it's not just a single building it's not just a single building it's not just a lot of time.","it's not just a very expensive, but it's not just a lot of time, it's not just a lot, it's not just a lot of time.",-1.3225628590457603
791,"because when that water leaves, it dumps out into the atlantic.",when the atlantic ocean is going to be the ocean.,"when the atlantic ocean comes to the ocean, it's when it rainwater.",7.313020354064626
792,"a drop in the ocean, i know, but i'll take it, and so should you, because this love story, however romantic, is also instructive.","yeah, i know, it's a story that's a story, but it's a story, because it's a story that's a story, and you's a story, you's a story, you're going to be a story, and you're going to be a story.","yeah, i know, it's a story, but it's a story that's a story, because it's a story that's a story that's a story, and you's a story that's a story that's a story.",-1.61613229860804
793,"you might say it's a recipe for the future of good food, whether we're talking about bass or beef cattle.","you can say, ""i're talking about food"" or ""the future"" or ""the future"" or ""the future.""","and you can say, ""no, it's not about food"" or we were talking about food.",-6.724358938875216
794,"what we need now is a radically new conception of agriculture, one in which the food actually tastes good.","so, we need a new system, and the need to be good system.","so, we need a new system that's a new system that's a new system.",-0.693888054956771
795,"but for a lot people, that's a bit too radical.","but this is very important, very important.",but it's very difficult to you.,0.9536713123737357
796,"we're not realists, us foodies; we're lovers.",we are not a great honor. we are not a virginia.,"we're not cooking, because we're not angry.",11.191175737735776
797,"we love farmers' markets, we love small family farms, we talk about local food, we eat organic.","we like to go to the worst food waste, we like the food waste, we like food waste.","we like to go to the food agency, we love the food waste collection of food.",2.269268720186062
798,"and when you suggest these are the things that will ensure the future of good food, someone, somewhere stands up and says, ""hey guy, i love pink flamingos, but how are you going to feed the world?""","and when i love to say, ""how do you're going to be the future, but i'm going to be the future, ""how do you're going to be the future, i'm going to be the future, i'm going to be the future of the future, but i'm going to be the future of the future of the future, ""how","and when i say, ""how do i'm going to be the future of the future of the future of the world, but i'm going to say, ""i'm going to be the future of the future of the future of the future of the future of the future, i'm going to say, i'm going to say, ""how do you'm going",1.6785360424854439
799,how are you going to feed the world?,how do we get the world?,how do we get the world?,0.0
800,can i be honest?,can i be a dream?,can i be a dream?,0.0
801,i don't love that question.,i don't love this question.,i don't love this question.,0.0
802,"no, not because we already produce enough calories to more than feed the world.","because we don't have to be able to do the world, because we're not.","because we don't have the world, because we're not interested in the world.",2.3574349833783472
803,one billion people will go hungry today.,because people will be a billion people are going to be.,because people are going to be a billion people.,-9.520774231070718
804,"one billion -- that's more than ever before -- because of gross inequalities in distribution, not tonnage.","the largest telephone number of the largest telephone, not the largest telephone.","it's not a billion gamma, because of the largest stock market.",7.019694066842424
805,"now, i don't love this question because it's determined the logic of our food system for the last 50 years.",now i love this question because it's a system that i love to be a system that'm not a system that's what i love to be the question.,"now, i don't love this question because it's a system that's a system that's a system that's what i love to do.",8.900829127980394
806,"feed grain to herbivores, pesticides to monocultures, chemicals to soil, chicken to fish, and all along agribusiness has simply asked, ""if we're feeding more people more cheaply, how terrible could that be?""","so we're a simple question, and the pound of the crops, and the crops, and the crops of the crops of the crops, and the crops of the crops of the crops, and the crops of the crops of the crops of the crops of the crops, and the crops of the crops of the crops of the crops, and the crops of the crops?","so we're a simple question, if you're a little bit of a little bit of the plants, and the crops, and the crops, ""how do we're going to be a little bit of the crops?",3.405315545532762
807,"that's been the motivation, it's been the justification: it's been the business plan of american agriculture.","it was a plan that was a planner vacuum planner vacuum plan, and it was a business plan.","it was a plan, and it was a business planner vacuum to all of this.",-1.0876450567045417
808,"we should call it what it is: a business in liquidation, a business that's quickly eroding ecological capital that makes that very production possible.","we have to take a plan to step out that it's a plan to step out of the real cost-pression, and the real cost-powered quadruesome system.","it's a plan that we need to take a plan to take a plan to the real cost-pression, which is that it's going to take the real price of the real price of the real cost-pression.",2.376017009314186
809,"that's not a business, and it isn't agriculture.",and this isn't that't a predator.,and this isn't that.,-6.10811525771107
810,"our breadbasket is threatened today, not because of diminishing supply, but because of diminishing resources.","it's not because of food, but because of food, not because of food, not because of food.","it's not because of food because of food, but because of food, not because of the food.",0.624549221913135
811,"not by the latest combine and tractor invention, but by fertile land; not by pumps, but by fresh water; not by chainsaws, but by forests; and not by fishing boats and nets, but by fish in the sea.","but not because of the rainforests because of the rainforests, not because of the rainforests, not because of the rainforests because of the rainforests, not because of the rainforests because of the rainforests, not because of the rainforests because of the rainforests, not because of the rainforests because of the rainforests, not because of the rainforests, not because of the rainforest","it's not because of the rainforests not because of the rainforests because of the rainforests because of the rainforests because of the rainforests because of the rainforests, not because of the rainforests because of the rainforests because of the rainforests because of the rainforests because of the rainforests, not because of the rainforests because of the forest because of the rainforests because of",-0.9958697083291703
812,want to feed the world?,are you going to be the world?,are you going to ask the world?,-1.2921370786972872
813,let's start by asking: how are we going to feed ourselves?,"first of all, how do we do we do we do we do ourselves?",dh: how do we're going to get ourselves?,11.339454145591073
814,or better: how can we create conditions that enable every community to feed itself?,"how do we can we make it better, and we can make it better.","so, how can we can we make it better.",0.2350294717236494
815,"to do that, don't look at the agribusiness model for the future.","we have to do that, because we have to go to the entire financial collapse.","we have to do that, because we have to do it.",-3.1491804810916975
816,"it's really old, and it's tired.","because it's a game, it's a game.","because it's a game, it's a game.",0.0
817,"it's high on capital, chemistry and machines, and it's never produced anything really good to eat.",it's a good job and a good job and a good job and a good job.,"it's a good job, and the consumerism and the consumerism and the consumerism.",6.430873298043657
818,"instead, let's look to the ecological model.","but instead, instead we need to look at that.","but instead, instead we need to look at that.",0.0
819,that's the one that relies on two billion years of on-the-job experience.,and it's a year-old system that's a year-old system that's a year.,and it's a year-old system that's a year-old system that's the system.,4.325560316014194
820,"look to miguel, farmers like miguel.","""now i'll never go to the food.""","""oh, let's go back to the fish.""",0.5760913017630305
821,"farms that aren't worlds unto themselves; farms that restore instead of deplete; farms that farm extensively instead of just intensively; farmers that are not just producers, but experts in relationships.","they're not just a bit of the world, but they're not just the same principles of the same principles of the same principles of the same principles of the same principles of the same principles of the same principles of the same principles of the same principles of the same principles, but also don't playground.",it's not just the same thing that you're not just as well as well as well as well as well as well as well as well as well as well as well as well as well as well as well as well as well as well as well as well as well as well as well as well as well as well as well as well as well as well as well as well as well,-9.230877025059826
822,"because they're the ones that are experts in flavor, too.",they also need them to be the same way.,they're also because they're also because they're also the same people in the same way.,17.603983456800997
823,"and if i'm going to be really honest, they're a better chef than i'll ever be.",and if i wanted to understand it better to be more creativity.,"and if you want to understand it more creativity, i wanted to understand it better.",-3.532304711916762
824,"you know, i'm okay with that, because if that's the future of good food, it's going to be delicious.","and as you know, it's a gift, because it's a gift that's a gift, it's a good job.","and as you know, it's the future, because it's the future, it's the future.",3.7754022600318535
825,thank you.,thank you.,thank you.,0.0
826,i grew up on a steady diet of science fiction.,i grew up with a scientific scientific scientific scientific scientific scientific scientific scientific scientific scientific scientific scientific scientific scientific scientific scientific scientific scientific scientific scientific scientific scientific scientific scientific scientific scientific scientific scientific scientific scientific scientific scientific scientific scientific scientific scientific scientific scientific scientific scientific scientific scientific scientific scientific scientific scientific scientific scientific scientific scientific scientific scientific scientific scientific scientific scientific scientific scientific scientific scientific scientific scientific scientific scientific scientific scientific scientific scientific scientific scientific scientific scientific scientific scientific scientific,i grew up with the scientific scientific scientific scientific discovery.,21.504486440355755
827,"in high school, i took a bus to school an hour each way every day.","i was in school, i was a school day to school day.","when i was in school, i was going to school at school.",-0.8518403754080737
828,"and i was always absorbed in a book, science fiction book, which took my mind to other worlds, and satisfied, in a narrative form, this insatiable sense of curiosity that i had.",and i was always asked to the scientific books that i was always asked to the books that i was always been a book that i was always been a book that i was always been a book of the books that i was always been a book.,and i was always asked to the scientific books that i had always been involved in the books that i had always been involved in the books that i had always been told by the books.,2.5326374539715992
829,"and you know, that curiosity also manifested itself in the fact that whenever i wasn't in school i was out in the woods, hiking and taking ""samples"" -- frogs and snakes and bugs and pond water -- and bringing it back, looking at it under the microscope.","and as you know, as you know, as you know, i'm going to go to go to the open-specaineuropeade and the house and the house and the house and the house, and i'm going to go to go to the house and go to the house and go to the house, and go to the house and go to the house and go to","and as you know, as you know, as you know, i'm going to go to go back to school, and i don't have a little bit like a little bit of the house, and i't want to go back to go back to the house, and i'm going to go back to the house and i'm going to go back to the house and",3.6424662836498243
830,"you know, i was a real science geek.","you know, i was a teacher.","you know, you know, i was a teacher.",-1.617054565933671
831,"but it was all about trying to understand the world, understand the limits of possibility.","but the real world was to understand that the real world, and the limitations of the limitations of the limitations.",but the real world could understand the limitations of the limitations of the real world.,-4.968974829183729
832,"and my love of science fiction actually seemed mirrored in the world around me, because what was happening, this was in the late '60s, we were going to the moon, we were exploring the deep oceans.","we were talking to the ocean in the ocean, because the ocean was going to the ocean, and we were going to discover the ocean in the ocean, and we were going to discover the ocean in the ocean, and we were going to discover the ocean.","and we were talking to the ocean in the ocean, because the ocean, we were going to discoveries in the ocean, and we were going to discover the ocean in the ocean.",2.368557396800327
833,jacques cousteau was coming into our living rooms with his amazing specials that showed us animals and places and a wondrous world that we could never really have previously imagined.,"and it was a single one of the most famous tv, and it was not the most famous by the way to me.","and it was one of the finishing, and it was not the most amazing, and it wasn't a single one of the most of my owner, and i had ever been able to participate in the tv.",7.575710318158105
834,"so, that seemed to resonate with the whole science fiction part of it.","so, it seems like a scientific advance.","so, it seems like a scientific advance.",0.0
835,and i was an artist.,and i can say i'm a philosophy.,and i could say i was a philosophy.,7.634265409358907
836,i could draw. i could paint.,i was shocked to the graph.,and i was shocked.,-1.7482942931270262
837,"and i found that because there weren't video games and this saturation of cg movies and all of this imagery in the media landscape, i had to create these images in my head.","so i didn't have a lot of the media lab, and all of this is a computer graphics, and all of these movies, and all of these movies have been a computer graphics and all of these movies, and all the media.","so i didn't have a lot of the media lab, and all of these movies, and all of these movies, and all of these movies have been able to create a computer graphics and all of these movies, so there was a computer graphics and all of these movies.",1.3839392204131116
838,"you know, we all did, as kids having to read a book, and through the author's description, put something on the movie screen in our heads.","you know, when we were interested in this book, we were in the book, we were doing this book, we were in the book, we were doing this bookstormed.","you know, when we were interested in this book, we were in the book, as if we were in the book, we were in the book, we were in the book, we were in the book, we've been doing this book.",-0.5322217572781227
839,"and so, my response to this was to paint, to draw alien creatures, alien worlds, robots, spaceships, all that stuff.",so i was looking at the images and the images of the images of the images and the windows and the windows and the windows and the windows and the windows and the windows and the windows and the windows and the windows and the windows and the windows and the windows and the windows and the windows and the windows and the windows and the windows and the windows and the windows and the windows and the windows and,"so i was interested in the worlds, and all of them, and all these images, and all of them, and all the worlds, and all these worlds.",13.254249515961385
840,i was endlessly getting busted in math class doodling behind the textbook.,"and in the art, i'm always a little bit of mathematics.","and i'm a little bit of mathematics, and i'm a little bit of mathematics.",-0.47216387504903423
841,that was -- the creativity had to find its outlet somehow.,"and the thing that was that was that i had to do, and it was a dream.",and the thing i had to do is that i had to do.,-9.065035721197852
842,and an interesting thing happened: the jacques cousteau shows actually got me very excited about the fact that there was an alien world right here on earth.,"and then the idea of the earth was very interesting idea of the earth, and then the idea of the earth was very interesting idea of the earth.","and then the idea of the earth was very interesting idea here, and then the idea of the idea of the idea of the earth was very exciting idea of the earth.",2.8241277935415745
843,i might not really go to an alien world on a spaceship someday -- that seemed pretty darn unlikely.,it's not a real world that i'm not going to go to the drum on the drum on the coast of the coast of the universe.,i'm not going to go back to the coast of space. it seems to the universe.,-3.653066192447472
844,"but that was a world i could really go to, right here on earth, that was as rich and exotic as anything that i had imagined from reading these books.","but there's a very dear world that i could be a world, and it's a very close to the world that i could be very close to the world.","but there's a world that i could be a world, and it's a very small world that i could be a world.",-1.6940058376534388
845,"so, i decided i was going to become a scuba diver at the age of 15.",so i decided to go back to 15 years when i was.,so i decided to be 15 years old.,-4.162351325347448
846,"and the only problem with that was that i lived in a little village in canada, 600 miles from the nearest ocean.","i was a small village in canada, and i was a small village in canada, and i was a small village.","the only problem in canada, i was a small village in canada, i was a small village in canada.",11.978796326782962
847,but i didn't let that daunt me.,but this is a solution for me.,but that's why i didn't have a solution for me.,20.911116520414154
848,"i pestered my father until he finally found a scuba class in buffalo, new york, right across the border from where we live.","my father came to the new york city i was in new york city, and i was in new york city i was in new york city.","my father's in new york city, and i got a new york city on the new york city of the new york city.",0.16921303871811588
849,"and i actually got certified in a pool at a ymca in the dead of winter in buffalo, new york.","and i got a lot of the end of the streets in new york city in new york city, and i got in new york.","and i got the end of the streets in new york in new york city, and i got in new york city.",-2.4337709628623045
850,"and i didn't see the ocean, a real ocean, for another two years, until we moved to california.","but i didn't see the ocean, where we looked at the ocean.","but i didn't look at the ocean, where we looked at the ocean.",-7.180964788171547
851,"since then, in the intervening 40 years, i've spent about 3,000 hours underwater, and 500 hours of that was in submersibles.","and in 2009 years, i spent a year in the hour of it in the hour of it.","and it's about 40 hour, and it's about six hours of it's about 40 hour, and it's time.",-0.9106659382117606
852,"and i've learned that that deep-ocean environment, and even the shallow oceans, are so rich with amazing life that really is beyond our imagination.","and even though, it's a great thing that we've also really great deal with this environment.","it's very great, and even though it's very great, it's very great to be great, and even though it's very great.",-9.9083052759628
853,nature's imagination is so boundless compared to our own meager human imagination.,"""i'm not because i'm not because i'm not because i'm not because i'm not because i'm not because i'm not because i'm not because i'm not because i'm not because i'm not because i'm not because i'm not because i'm not because i'm not because i'm not","""i'm not because i'm not because i don't have a human nature because i'm not because i'm a human nature.",10.531880881161477
854,"i still, to this day, stand in absolute awe of what i see when i make these dives.",and what i saw was going to go to the day when i was going to the lung.,"and what i saw when i was going to go back to the day, i saw the lung.",1.7026904579299504
855,"and my love affair with the ocean is ongoing, and just as strong as it ever was.","and what's the equivalent of the food is the food waste, and what's called ""the oceans.""","and what's called ""the bionet"" is the equivalent of the powder.",-10.135286470705003
856,"but when i chose a career as an adult, it was filmmaking.","but when i decided to make my job, i decided to make my job.","but when i decided to share my job, i decided to share my job.",1.6123038678682988
857,and that seemed to be the best way to reconcile this urge i had to tell stories with my urges to create images.,i was going to be able to make my own way to make my own hands with my own hands with my own hands.,"this is the best way to me with my job, and i've got to make my job with my job.",5.336793550152844
858,"and i was, as a kid, constantly drawing comic books, and so on.",i was always happy stories in the japanese film.,"when i was a young girls, i was always happy girls.",-0.7427546977075288
859,"so, filmmaking was the way to put pictures and stories together, and that made sense.","so the real way to me, the way to create a very real way to collaborate this way to me.","so this is the way to me, and the way to create a very real way to collaborate story.",6.1879337541945745
860,"and of course the stories that i chose to tell were science fiction stories: ""terminator,"" ""aliens"" and ""the abyss.""",and i was a french intellectually amazed storyteller dancing stories like to the stories of storytelling.,and my dad was the stories that my father was the stories that my father was the stories of storytelling.,0.681581985033656
861,"and with ""the abyss,"" i was putting together my love of underwater and diving with filmmaking.","and in my father, i was going to talk with my father, and the movies.""","and in my father, i was going to talk with my father.",-3.552161379150899
862,"so, you know, merging the two passions.","so you see, so, you see the two things.","and so, you see that's like, and so, it's like, so forth.",-9.772147164488029
863,"something interesting came out of ""the abyss,"" which was that to solve a specific narrative problem on that film, which was to create this kind of liquid water creature, we actually embraced computer generated animation, cg.","and it was a real problem that was a problem of my own personal journey, and it was a problem, and it was a problem that was a problem of my own reflection, ""weightening to create a problem.""","and it's called ""i'm going to be a problem,"" where we've got to build a problem.""",-11.309193420639797
864,"and this resulted in the first soft-surface character, cg animation that was ever in a movie.",and then the first thing about the computer science of the computer science and the computer science of the computer science in the computer science.,and then the first thing about this is called the computer science in the computer science of the computer science.,2.026921367057156
865,"and even though the film didn't make any money -- barely broke even, i should say -- i witnessed something amazing, which is that the audience, the global audience, was mesmerized by this apparent magic.","and it's a short story about this world where i'm not going to say that i'm going to be a little bit about this world, and i'm not going to be a little bit about it.","and it can't say that i'm going to say that i'm going to do something that i'm going to do something that i'm going to say, and i'm going to say that i'm going to say that i'm going to do something that i'm going to say that i'm going to do something about it.",1.3903939246827939
866,"you know, it's arthur clarke's law that any sufficiently advanced technology is indistinguishable from magic.","you know, it's a very difficult to be difficult to be difficult to be a technology.","you know, it's really hard to say, ""that's really hard to the law.""",-7.193724281065062
867,they were seeing something magical.,they were born something that they were born.,they were looking at something.,5.58393373445864
868,and so that got me very excited.,and that's what i'm very excited.,and that's what i did.,-36.312476956169256
869,"and i thought, ""wow, this is something that needs to be embraced into the cinematic art.""","and i said, ""i gotta be a little bit of myself, i've got to myself, i've got to myself.","and i said, ""i've got to myself, i've got to myself, i've got to myself, i've got to myself.",-1.7817666494833606
870,"so, with ""terminator 2,"" which was my next film, we took that much farther.","so i took a couple of years later, and i took a little bit later, and i took a little bit later, ""i've been looking at the end of things.","so i took a couple of years later, and i took a couple of things that was going to go back to the new york times.",3.506768329326068
871,"working with ilm, we created the liquid metal dude in that film. the success hung in the balance on whether that effect would work.","so we were able to know that, we were able to know that, and we were able to figure out of the effect on the most important thing.","so what we've been able to know, we've been able to figure out of that, and we've been able to figure out of that.",-6.911877341271987
872,"and it did, and we created magic again, and we had the same result with an audience -- although we did make a little more money on that one.","but we've got a lot more than we've got to the same thing, and we've got to the same thing, and we've got to the same thing.","but we've got the same thing, and we've got the same thing, and we've got the same thing, and we've got the same thing, and we've got a lot harder than we've got the same thing.",0.3036317922569687
873,"so, drawing a line through those two dots of experience came to, ""this is going to be a whole new world,"" this was a whole new world of creativity for film artists.","and so i saw the films of films, and so i saw a new world, and so i saw a new world, ""theist, there's a new world.","and so i saw a new world, there's a new world of films, and so i saw a new world.",-3.8465315137014606
874,"so, i started a company with stan winston, my good friend stan winston, who is the premier make-up and creature designer at that time, and it was called digital domain.","so the company called ""theon valley, i've got to call the company called ""theon"" in the company called ""theon.""","so the company called ""i've got a company called the company called the company called the company called the company called the company called ""theon of the company.""",1.178475893338966
875,"and the concept of the company was that we would leapfrog past the analog processes of optical printers and so on, and we would go right to digital production.","and so we were able to get the company, and so forth, and so forth, and so we were able to the company.","and so we were able to get the company, and so forth, and so forth, and so we were able to the company.",0.0
876,and we actually did that and it gave us a competitive advantage for a while.,and we've done this time and we've done this time to go back.,"and we've done this one of us, and we've done this one of us.",-2.4903046273704827
877,but we found ourselves lagging in the mid '90s in the creature and character design stuff that we had actually founded the company to do.,"but we're not in the early 2000s life, and we're in the early 2000s life.","but we're in the early '90s, and we're in the early 1990s life.",0.09203666164905933
878,"and the envelope pushed back, and i was told by the folks at my company that we weren't going to be able to do this for a while.","but then i was working on the company, and i asked people who do this time, and they were doing this time to do this time.","but the company that i've been doing this work in the company, and they're doing this time, and they're doing this time.",-4.508650440086235
879,"so, i shelved it, and i made this other movie about a big ship that sinks.","so i took a big ship, and i did this.","so i took a big ship, and i did that.",-0.3217531210093121
880,"you know, i went and pitched it to the studio as ""'romeo and juliet' on a ship: ""it's going to be this epic romance, passionate film.""","i've been a story to be a story, and i've seen this story, ""the vagina monolograph.""","it's a story that's a story that's a story that's a story that's a story that's a story that's a story that's a story that's a story that's a story that's a story that's a story that's a story called ""i's a story.""",-5.780459294426208
881,"secretly, what i wanted to do was i wanted to dive to the real wreck of ""titanic.""","but i want to show you a little bit, because i want to show you to do this.","but i want to show you, ""i want to do that i want to show you to do this.""",2.6249515898076226
882,and that's why i made the movie.,i want to make this.,i want to do this.,-3.417271305697959
883,"and that's the truth. now, the studio didn't know that.",but this was not the studio of this.,but that was not the studio of this.,2.8257190427970187
884,"but i convinced them. i said, ""we're going to dive to the wreck. we're going to film it for real.","but i said, ""i'm going to go to go to the real gun.""","but i said, ""i'm going to go back to a real feeling, because we want them.",3.2409549952263035
885,we'll be using it in the opening of the film.,and we're going to use it in a pool.,and we're going to use it.,-3.9261631581446945
886,"it will be really important. it will be a great marketing hook.""",and this is a very important thing.,and that's a very important thing.,0.35311348148013977
887,and i talked them into funding an expedition.,and i've been asking them to the beginning of the beginning of the last time.,and i've got a journey to call them a journey.,-2.541077251776912
888,sounds crazy. but this goes back to that theme about your imagination creating a reality.,but this is a real real real real difference that we're going to be the real difference.,but that's a real real difference that we're going to bring us to the real difference.,0.22284867374131068
889,"because we actually created a reality where six months later, i find myself in a russian submersible two and a half miles down in the north atlantic, looking at the real titanic through a view port.","so i found myself in fact, i found myself after a half a half of my head of my head of my country, and i found myself on the north pole.","so, i found myself in fact, i found myself after a half a half a half a half a half of the north pole.",-2.6624331340683547
890,"not a movie, not hd -- for real.",it's not a picture of a high image in a high image.,it's not a very high picture of a very high picture.,-0.2000163183494994
891,"now, that blew my mind.",and i've been very proud.,and he's very proud of that.,4.425912669035986
892,"and it took a lot of preparation, we had to build cameras and lights and all kinds of things.","and it was a lot of thousands of thousands of thousands of thousands of thousands of thousands of thousands of thousands of thousands of thousands, and all, and all, we have.","and it was a lot of thousands of thousands of thousands of thousands, and all, we had to do that.",7.68034686496064
893,"but, it struck me how much this dive, these deep dives, was like a space mission.","but i'm a very nervous system, as i'm going to look like, as i'm going to be able to look like, as a sense of the task.","but i'd like to think about how it's possible, as i'm going to look like, as i'm going to look like to be able to look at the task.",-0.22330140748228544
894,"you know, where it was highly technical, and it required enormous planning.","you know, there's a huge gap.","you know, there's a huge gap.",0.0
895,"you get in this capsule, you go down to this dark hostile environment where there is no hope of rescue if you can't get back by yourself.","you don't have to be able to save the dark, and you're not going to save the dark, and the dark, ""there's shoes, where you're not going to go to go to the dark.","you don't want to go back to the dark, where you're not going to go back to the dark, where you're not going to the dark.",-0.898727919412508
896,"and i thought like, ""wow. i'm like, living in a science fiction movie.","and i said, ""i'm not going to be grateful.""","and i said, ""i'm going to say i'm not going to be grateful.""",1.1567855208159283
897,"this is really cool.""","""that's a great thing.",that's a great thing.,-0.7630442203159067
898,"and so, i really got bitten by the bug of deep-ocean exploration.",and i was shocked to see a journey of the ocean in the ocean.,"and i've been in the ocean, and i've got a journey on the ocean.",1.701777163875132
899,"of course, the curiosity, the science component of it -- it was everything. it was adventure, it was curiosity, it was imagination.","and the teacher was -- and the sonicry, all the patents, and the patents, all of the patents, and the patents.","and it was all of the great, and the patience, and all of the patents, and the patents, and the luxury of all of this, and the patience and the patience.",3.506023551617467
900,and it was an experience that hollywood couldn't give me.,"""i've been a experience.""","and she was saying, ""i've got to me.""",-9.120796034181105
901,"because, you know, i could imagine a creature and we could create a visual effect for it. but i couldn't imagine what i was seeing out that window.","you know, i've seen it's a lot of my owner, but i've seen what i've seen as i've seen as i've seen as i've seen as i've seen as i've seen as i've seen as i've seen as i've seen as i've seen as i've seen as i'","and we can imagine what i'm going to be able to imagine, but i can imagine what i'm going to be able to be able to do.",10.661301750471885
902,"as we did some of our subsequent expeditions, i was seeing creatures at hydrothermal vents and sometimes things that i had never seen before, sometimes things that no one had seen before, that actually were not described by science at the time that we saw them and imaged them.","and we did not see the animals that i see the animals that we were able to see the ocean, and it was a complete haircuttaught, and it was a complete chaos that we were able to see the ocean, and it was not seen by the ocean, and it was a complete chaos that we saw the ocean.","and it's not just like this, and it's called the animals that we've never seen before, and it's been able to see that we's been able to see it's called ""the origin of the ocean.",-2.830210805714014
903,"so, i was completely smitten by this, and had to do more.","so i was always happy, and i was always happy.","so i'd like to do this, and i'd like this.",8.85150244095948
904,"and so, i actually made a kind of curious decision.",so i took a decision making a decision.,so i took the decision making sure.,-4.8188646865365286
905,"after the success of ""titanic,"" i said, ""ok, i'm going to park my day job as a hollywood movie maker, and i'm going to go be a full-time explorer for a while.""","well, i said, ""well, i can't get a little bit of the great deal with a little bit of the time i said, ""well, i can've got a little bit of the time i've got a little bit of the time i've got a little bit of the time i've got a little bit of the time i've got to get","well, i said, ""well, i'm going to get a little bit of my job, i'm going to get a little bit of a little bit of my job in the audience.",10.689315847965489
906,"and so, we started planning these expeditions.",so we started to explore this environment.,and so we started thinking about this environment.,3.243332530270461
907,"and we wound up going to the bismark, and exploring it with robotic vehicles.","we took to the entire washing machine, and we're looking at the bottom of the entire washing machine.",and we took to go back to the entire washing machine.,-3.5097883543960826
908,we went back to the titanic wreck.,"and then we went to the ""the dumper of the rooted.",and then we're going to go back to the devil.,8.095272629662585
909,we took little bots that we had created that spooled a fiber optic.,we were able to put a small molecule in a small plate.,we've been able to take a little bit like a little bit of our lab.,4.620014736517902
910,"and the idea was to go in and do an interior survey of that ship, which had never been done.",and it was one of the idea that the idea that the idea that the idea that the idea that the idea was the idea of the idea of the idea of the idea of the idea that the idea of the idea of the idea of the idea of the idea of the idea of the idea of the idea of the idea of the idea of the idea of the idea of the idea of the idea of,the idea of the idea that the idea that the idea that the idea that the idea that the idea that the idea that the idea that the idea that the idea that the idea that the idea that the idea that the idea that the idea that the idea was the idea was the idea that they had never had never had never had never been used to stay awake.,8.149409236443205
911,"nobody had ever looked inside the wreck. they didn't have the means to do it, so we created technology to do it.",so none of this is a technology that we didn't have to do it.,"so we didn't see that there's no one of our technology, so there's no one of our technology.",-5.7271469947975575
912,"so, you know, here i am now, on the deck of titanic, sitting in a submersible, and looking out at planks that look much like this, where i knew that the band had played.","imagine that i'm standing inside the surface of the surface of the surface of the surface of the surface of the surface of the glacier, where you can imagine that i'm standing inside of the surface of the surface of the surface of the surface of the surface of the surface of the surface of the surface of the surface of the surface of the surface of the surface of the surface of the","and if you can imagine, you can imagine that i'm standing inside the surface of the surface of the surface of the surface of the surface of the surface that i'm standing inside of the surface of the surface of the surface of the surface of the surface of the surface of the surface of the glacier.",1.179668256983934
913,and i'm flying a little robotic vehicle through the corridor of the ship.,and i'm going to go through this little bitcohara.,and i'm going to go through this little cuba.,-0.9065709715359205
914,"when i say, ""i'm operating it,"" but my mind is in the vehicle.",but i'm in the balloon that i'm in the liver transplant.,but then i've got a little bit of that i'm living inside my body.,1.8304052863868208
915,i felt like i was physically present inside the shipwreck of titanic.,and i feel like the physics that i feel like the newspapers that i feel like the newspapers.,and i feel like the physics that i feel like newspapers that i feel like newspapers.,0.4940074639042962
916,"and it was the most surreal kind of deja vu experience i've ever had, because i would know before i turned a corner what was going to be there before the lights of the vehicle actually revealed it, because i had walked the set for months when we were making the movie.","i'd like to see that, because i'd been a little bit of the head of the brain, i'm going to see what i'm going to call it before, because i'd been a little bit of the new era of the brain.","i'd like to see that, because i'm going to be able to see what i'm going to see if i've never seen before, i've never seen before, because i've never seen before.",0.26397864289673834
917,and the set was based as an exact replica on the blueprints of the ship.,"and it was a very expensive, very expensive, very expensive.","and it was completely different, and it was completely transformative.",4.116471333632495
918,"so, it was this absolutely remarkable experience.",and it was a great experiment.,and it was a great experiment.,0.0
919,"and it really made me realize that the telepresence experience -- that you actually can have these robotic avatars, then your consciousness is injected into the vehicle, into this other form of existence.","and it's actually a real experience of this technology that if you could actually be able to make a realization, it's actually be able to make a realization of the realization.","and i realized that this is actually a real experience of the realization, as if you can actually be able to create a real sense of this particular problem.",2.4567350253328044
920,"it was really, really quite profound.",and it was really a real experience.,and it's really a real experience.,-11.486352935106044
921,"and it may be a little bit of a glimpse as to what might be happening some decades out as we start to have cyborg bodies for exploration or for other means in many sort of post-human futures that i can imagine, as a science fiction fan.","and we started looking at the beginning of the beginning of the beginning of the scientific discovery, and we started looking for a lot of the scientific discovery, where we started looking for a lot of the scientific discovery, where we started to be able to be able to be able to be able to be able to be able to live in a future of the future of the future of the future of the future","and we started looking at the beginning of this point where we started looking at the beginning of the beginning of the beginning of the beginning of the scientific discovery, and we started looking at the beginning of the beginning of the beginning of the beginning of the beginning of the future.",-2.4639090084816075
922,"so, having done these expeditions, and really beginning to appreciate what was down there, such as at the deep ocean vents where we had these amazing, amazing animals -- they're basically aliens right here on earth.","so we've started looking at this point where we've started here, and we've started looking at the oceanographic, and we've seen these animals like this incredible space in the oceanographic areas like this habitat in the ocean, and we've seen the ocean.","so what's happening in the ocean, there's a very beautiful space that's a very large animals that's the ocean, and we're seeing what's going on earth where we's happening in the ocean.",-0.28685241013165097
923,they live in an environment of chemosynthesis.,"in the balloon, we are living.",we live in the wetlands.,4.982043157818614
924,they don't survive on sunlight-based system the way we do.,"and we can be able to interact with the sun, and we can get the solar system.",and we can be able to interact with the solar system that we can interact with the solar system.,0.6276805761813335
925,"and so, you're seeing animals that are living next to a 500-degree-centigrade water plumes.","you see that, you see the heat, you're going to see the temperature of the temperature.",you're going to see the temperature of the ice shelves of the ice shelves.,-0.370359737862465
926,you think they can't possibly exist.,and he's unbelievable.,and it's something that's unbelievable.,8.217916512942391
927,"at the same time i was getting very interested in space science as well -- again, it's the science fiction influence, as a kid.","and i started looking at the same time, and i was starting to go back to the same time.","and i started looking at the same time, and i started looking at the same time.",-1.6741484523436796
928,and this was fascinating.,and it was amazing.,and it was amazing.,0.0
929,but what i wound up doing was bringing space scientists with us into the deep.,"but what i was really interested in space, i was really interested in space.",but what i was really needed to go back to space.,-2.3958747479292093
930,"and taking them down so that they had access -- astrobiologists, planetary scientists, people who were interested in these extreme environments -- taking them down to the vents, and letting them see, and take samples and test instruments, and so on.","and they can take these types of satellites and look at these labs, and they can take these different types of different types of different types of different types of different types of different types of different types of different types of different types of different types of different labs.","and they're going to take these labs, and they can take these different types of different types of different types of people, and they can take these different types of different types of variations, and they can create a different types of different types of different types of different ways.",3.6859436199950224
931,"so, here we were making documentary films, but actually doing science, and actually doing space science.","we were doing the realizing our space, but we were doing the space.","but we were in our space, we were doing things in space, right?",-3.92880332556744
932,"i'd completely closed the loop between being the science fiction fan, you know, as a kid, and doing this stuff for real.","and i was a little bit of the scientific thing that i was a little bit like this, and i was a little bit like this.","and i was a little bit like this, you know, as you know, i've got to do something that've done.",4.053457200501651
933,"and you know, along the way in this journey of discovery, i learned a lot.","and as you know, i learned a lot of this journey.","and as you know, i learned a lot of this journey.",0.0
934,i learned a lot about science. but i also learned a lot about leadership.,"i learned about science, and i learned about science.","i learned a lot about science, and i learned about science.",9.664435029509114
935,"now you think director has got to be a leader, leader of, captain of the ship, and all that sort of thing.","now, you must be careful, you must have to be a leader.","now, if you're supposed to be honest, you're supposed to be careful.",-6.383193033968411
936,i didn't really learn about leadership until i did these expeditions.,but i didn't really know that i've been working on this way.,"but i didn't really know, i didn't really matter how much of this.",2.124971793312053
937,"because i had to, at a certain point, say, ""what am i doing out here?","because i'm here, i'm going to ask myself, ""what's a moment.""","i ask myself, because i ask myself, i'm going to ask myself, ""what's here.""",-2.064969879521513
938,"why am i doing this? what do i get out of it?""",why is this funny?,why is it going to be here?,5.997748620278481
939,we don't make money at these damn shows.,we don't get these tools.,we don't have to get these resources.,0.023045354637861948
940,we barely break even. there is no fame in it.,"and we're not just a couple of months, but it's a couple of months.","and we're not just a couple of months, but it's a couple of months.",0.0
941,"people sort of think i went away between ""titanic"" and ""avatar"" and was buffing my nails someplace, sitting at the beach.",and i think i'm going to get a journey on the journey of the journey of the continent that i think i'm going to get you've ever seen.,"and i think i'm not going to be able to get a place in the world, ""i think i think i'm going to get a place.",1.419664210204651
942,"made all these films, made all these documentary films for a very limited audience.","because all of movies, these movies are very small films, very small films, very small films.","all these movies are very small films, because the films of movies, very small films, very small films.",4.140282199882549
943,"no fame, no glory, no money. what are you doing?","""oh, what's wrong? no.","""what's a month? no.",-0.8200273708751169
944,"you're doing it for the task itself, for the challenge -- and the ocean is the most challenging environment there is -- for the thrill of discovery, and for that strange bond that happens when a small group of people form a tightly knit team.","well, the most important thing that i got the most important thing that i got to do is the most important thing that i've got to do, and the most important thing that is the most important thing that i've got to do is the most important thing.","well, this is the most important thing that i've got a group of people, and that've got a group of the most important thing that've got to do, and that's a group of people.",3.1567025989606883
945,"because we would do these things with 10, 12 people, working for years at a time, sometimes at sea for two, three months at a time.","and occasionally we do a couple of months, because we're doing this stuff that we're doing 10232323,000 people in the year.","because we're doing 15-year-old people in this stuff because we're doing 15-year-old, and we're doing 15-year-old, and we're doing 15-year-old people in this stuff.",-3.7469517120113736
946,"and in that bond, you realize that the most important thing is the respect that you have for them and that they have for you, that you've done a task that you can't explain to someone else.","and this is something that you can see, and that's the task that you're going to be the task that're afraid of the task, and that's what they're doing is that you're doing.","and that's the task that's the task that you've got to be the task of the task that you've learned, and this is something else that you've learned about.",-4.051584416788714
947,"creates a bond, creates a bond of respect.","and it's a complete chaos, and it's a complete chaos.","and it's a complete chaos, and it's a complete chaos.",0.0
948,"so, when i came back to make my next movie, which was ""avatar,"" i tried to apply that same principle of leadership, which is that you respect your team, and you earn their respect in return.","so when i tried to go to college, i tried to try to help you, ""i want to help you to help you.","so when i tried to go back to the next team, i tried to try to try to help you.",1.9022563173039284
949,and it really changed the dynamic.,and it's really not really unhappy.,and it's really not true.,-4.2899162296305136
950,"so, here i was again with a small team, in uncharted territory, doing ""avatar,"" coming up with new technology that didn't exist before.","and so, i was a little bit of the last time, i was not a little bit of the dawn of the book, ""the revolution.","and we're going to create a very small team of a very small project, and we're going to create a very small project.",2.5442128423970054
951,tremendously exciting.,it's a real exciting.,and it's a lot of.,-31.22443911968712
952,tremendously challenging.,it's a lot of.,"well, it's difficult.",2.45971463568923
953,"and we became a family, over a four-and-half year period.",we've got four years old.,and we've got a half years old.,10.364015854007034
954,and it completely changed how i do movies.,and it's not a way to be a way.,and it's not a way.,-0.37528002806273264
955,"so, people have commented on how, ""well, you know, you brought back the ocean organisms and put them on the planet of pandora.""","and people are the ocean, ""you know how the ocean, you know, the ocean, the ocean, i're talking about the ocean, and i've been able to the ocean.","and people like, ""you know how the ocean"" on the ocean surface of the ocean, you know, the ocean, the ocean, the ocean.",-0.5166148063927984
956,"to me, it was more of a fundamental way of doing business, the process itself, that changed as a result of that.",the result of this is that the way that i did this work on the way that i did.,this is the way that i had to do this work on the way that i had to do this.,-6.605451927310028
957,"so, what can we synthesize out of all this?",so what can we understand?,so what can we understand?,0.0
958,"you know, what are the lessons learned?",what is this?,what's the lessons from all of these lessons?,24.479698998485315
959,"well, i think number one is curiosity.","well, i think, first.","well, i think, i think, curiosity.",21.49892549978034
960,it's the most powerful thing you own.,it could be a human nature.,it can be a human nature.,-2.21203761405339
961,imagination is a force that can actually manifest a reality.,and the reality is actually useful for the real game.,and the reality is actually useful.,-2.082374169835095
962,and the respect of your team is more important than all the laurels in the world.,"and the most important thing about the world, is about the most important.",and the most important thing about the most important thing.,-7.69260075631923
963,"i have young filmmakers come up to me and say, ""give me some advice for doing this.""","and i'm going to do this, ""you know how to do it.""","and i'm going to tell you how to do this, ""i'm going to do it.""",1.0568616150773273
964,"and i say, ""don't put limitations on yourself.","he said, ""no, ""no, don't you't have to be a joke.""","and he said, ""no, ""no, don't worry.""",0.029766458226017534
965,"other people will do that for you -- don't do it to yourself, don't bet against yourself, and take risks.""","and he's not doing it, ""don't do it.""","and they don't do it, ""don't do it.""",2.775299408813355
966,"nasa has this phrase that they like: ""failure is not an option.""","i have a ""the-expowered quadruist"" -- not a single word.""","it's not a perfect, ""don't have a machine.""",0.10574645538843086
967,"but failure has to be an option in art and in exploration, because it's a leap of faith.",but it should be a great idea that we need to be a great deal with a great deal with a great deal with art.,"but it's a huge difference in art, and it should be the art.",2.949981732244453
968,and no important endeavor that required innovation was done without risk.,there's no evidence that are no way to do.,"there's no way to do, no innovation, no innovation.",9.623289282463118
969,you have to be willing to take those risks.,so you need to get your own risks.,so you've got to take yourself in your body.,0.79154836847853
970,"so, that's the thought i would leave you with, is that in whatever you're doing, failure is an option, but fear is not. thank you.","so, i want to share the idea that i want to do, but i want to do, ""that's not a choice.","and so, i want to share the idea that i want you to do, but i want to tell you, ""that're wrong.",1.0206519985663505
971,"if i can leave you with one big idea today, it's that the whole of the data in which we consume is greater that the sum of the parts, and instead of thinking about information overload, what i'd like you to think about is how we can use information so that patterns pop and we can see trends that would otherwise be invisible.","if you think about how we can think about the data, if you can're thinking about the data, and the data, we can't think about the data, and the data that the data that we can see how we can use the data, and the data that we can use the data that we can use the data, and the data that we can use the data that we can","if you're thinking about how we can be able to think about the data, if you're thinking about it's one of the data, we can think about the data, we can use the data that we can use the data, we can use the data that we can use the data that we can use the data, if we can't be able to use the data,",1.7066977139949024
972,so what we're looking at right here is a typical mortality chart organized by age.,what we see here is the right here is the right here is the right brain of the right here.,what we see here is the right here is the diagram of the diagram of the right here.,1.8665345264095308
973,this tool that i'm using here is a little experiment.,this is the experiment that i use this experiment.,here's a little experiment that i use this experiment.,14.095606134744607
974,"it's called pivot, and with pivot what i can do is i can choose to filter in one particular cause of deaths -- say, accidents.","i can't afford to be the name of the name of the name of the name of the name of the name of the name of the name of the name of the name of the name of the name of the name of the name of the name of the name of the name of the name of the name of the name of the name of the name of the name of the name, i","i can't afford the name of the name of the name of my mind, i can't afford the name of the name of the name of the name of the name of the name of the name of the name of the name of the name of the name, i can's sandwich.",6.334474636670777
975,"and, right away, i see there's a different pattern that emerges.","and on the fence, there's a poet.","and i see that there's a mystery, and i see there's a mystery.",14.334216292584408
976,"this is because, in the mid-area here, people are at their most active, and over here they're at their most frail.","this is the most important region, because people are here in the region, and they're here in the area.","this is the most important region, because people have shown here in the area.",-10.679092717338758
977,"we can step back out again and then reorganize the data by cause of death, seeing that circulatory diseases and cancer are the usual suspects, but not for everyone.","and then we can see the most important point, but we can see the most important point, and then we can see the most important point, and then we can see the most important point, and then we can see the most important point.","and then we can see that data, we can't see that data, but then we can see the most effective data, and then we can see the most effective altogram alphabet.",3.8593008684629524
978,if we go ahead and we filter by age -- say 40 years or less -- we see that accidents are actually the greatest cause that people have to be worried about.,"if we see the biggest stunts, we've got to see that the biggest stunts why we've been doing it's why we've got to be a year.","if we look at 40 years, we've got to see that the biggest stunts why we've got to see if we've got to be more than 40 years old.",2.254301607554247
979,"and if you drill into that, it's especially the case for men.","and if we went to the most men, we went to do that.","and if we went out of that, we went to do that.",0.28536604187421233
980,"so you get the idea that viewing information, viewing data in this way, is a lot like swimming in a living information info-graphic.","so, in this way, we have a large data, we have a large data, and the information.","so, in this way, we have a large data, we have a big data collecting data.",-5.835453887965642
981,"and if we can do this for raw data, why not do it for content as well?","and if we can do this data, why can we do this data?","and if we can't do this data with this data, why can we do that?",-4.563261717554099
982,so what we have right here is the cover of every single sports illustrated ever produced.,"what we have here is the sports that we have here, you're all the qualities that we have.","what we have here is that we have here, and you're going to have the sports.",-0.14164614624449
983,it's all here; it's all on the web.,we have a network here. we have a network.,we have a network here. we have a network.,0.0
984,you can go back to your rooms and try this after my talk.,you can go to this experiment with this experiment with the experience.,you can go back to the experience of this experiment.,13.926815569447438
985,"with pivot, you can drill into a decade.",you can go back to the decade.,you can go back to a decade of a decade.,4.914405521025159
986,you can drill into a particular year.,you can go to certain.,you can go back to a year.,5.946540440690075
987,you can jump right into a specific issue.,you can see the issue of the issue.,you can see the issue of the issue.,0.0
988,"so i'm looking at this; i see the athletes that have appeared in this issue, the sports.","and i'm looking at this meeting, and i'm looking at this issue.","i'm looking at this, and i'm looking at this issue.",-0.6624279824086585
989,"i'm a lance armstrong fan, so i'll go ahead and i'll click on that, which reveals, for me, all the issues in which lance armstrong's been a part of.","so i'm a lot of them, because i'm not a lot of them, and i'm going to be able to get out of them, and i'm standing on.","so i'm a lot of them, and i'm a lot of them, and i'm going to get out of them, and i'm going to get out of it.",-2.4190636866812554
990,"now, if i want to just kind of take a peek at these, i might think, ""well, what about taking a look at all of cycling?""","now, if i wanted to look at this point, ""well, what do you want to look at this point, what do you want to look at the top?","now, if i wanted to look at this point, ""well, how do you want to look at this point, what do you want to look at the top?",-1.9460303628772735
991,"so i can step back, and expand on that.","and i can go back to the step back to the step back, and the step back.",and i can go back to the step back to this step back to the step back.,-11.407964057119411
992,and i see greg lemond now.,now i'm going to be a cartoon.,"now, i'm going to come up with me.",-2.673512905207982
993,"and so you get the idea that when you navigate over information this way -- going narrower, broader, backing in, backing out -- you're not searching, you're not browsing.","when you go to the idea of this, you're not going to go to the idea of the way, you're not going to the way to the way to the way.","when you're not looking at this way, you're not going to go to the idea, you're not going to the idea of this way.",3.2126767749721488
994,you're doing something that's actually a little bit different.,you're going to do something different.,you're going to do something different.,0.0
995,"it's in between, and we think it changes the way information can be used.",it's what we're using that we can use this way we use this way we use the way we use.,and we think it's how we can change the way we use this way we can change.,15.06169507620497
996,so i want to extrapolate on this idea a bit with something that's a little bit crazy.,so i want to talk to this idea of a little bit of this idea.,so i want to talk to a little bit of this idea.,-1.765089237484787
997,what we're done here is we've taken every single wikipedia page and we reduced it down to a little summary.,what we're going to do is we're going to do is to do with a little bit of the little bit of the little bit.,"what we're going to do is we're going to do here, and we're going to do.",-1.5781387425588562
998,so the summary consists of just a little synopsis and an icon to indicate the topical area that it comes from.,and all the things that you're just the subject of the subject of the subject of the subject of the subject of the subject of the subject of the subject of the subject of the subject of the subject of the subject of the subject of the subject of the subject of the subject.,it's just the subject that i'm just the subject of the subject of the subject of the subject of the subject of the subject that i's.,0.8971557901698421
999,i'm only showing the top 500 most popular wikipedia pages right here.,i'm going to just a little bit of the most famous brush here.,i'm going to show you a little bit of the most peaceful paper here.,4.999251628048153
