source,reference,prediction,error_category
قبل عدة سنوات، هنا في تيد، قدّم بيتر سكيلمان منافسة تصميم تسمي منافسة حلوي المارش مالو.,"several years ago here at ted, peter skillman introduced a design challenge called the marshmallow challenge.","a couple of years ago, here at ted, i've developed a competition to design a competition called the competition for a trade-based solution.",adequate
والفكرة غاية في البساطة. فريق مكوّن من اربعة يجب ان يبني اطول هيكل مستقيم من 20 قطعة من الماكرونة، وشريط بطول ياردة واحدة، وحبل بطول ياردة وحلوي المارش مالو.,"and the idea's pretty simple: teams of four have to build the tallest free-standing structure out of 20 sticks of spaghetti, one yard of tape, one yard of string and a marshmallow.","and the idea is very simple in simplicity. a team of four has to build the longest structure of 20 percent of the tuna, and the charconds of one, and it's about one footballers and the salado.",repetition
يجب ان تكون المارش مالو علي القمة.,the marshmallow has to be on top.,it should be familiar with the top.,adequate
ورغماً عن انها تبدو بسيطة للغاية، الا انها صعبة للغاية، لانها تجبر الناس علي التعاون بسرعة جداً.,"and, though it seems really simple, it's actually pretty hard because it forces people to collaborate very quickly.","and even though it looks very simple, it's very difficult, because people forced people to collaboration very quickly.",adequate
لذا فقد فكرت بان هذه فكرة مثيرة، وقمت بتضمينها في ورشة عمل للتصميم.,"and so, i thought this was an interesting idea, and i incorporated it into a design workshop.","so i thought that this is an interesting idea, and i made it in a fragile and the design of design.",adequate
وقد كان نجاحاً باهراً.,and it was a huge success.,and it was a huge success.,adequate
ومنذ ذلك الحين، قمت بعقد حوالي 70 ورشة عمل للتصميم عبر العالم مع الطلاب والمصممين والمهندسين المعماريين، وحتي مع مدراء التقنية لاكبر خمسين شركة، وهي شئ متعلق بهذا التمرين الذي يكشف عن درس بالغ العمق حول طبيعة التعاون، وارغب في تقاسم بعض منها معكم.,"and since then, i've conducted about 70 design workshops across the world with students and designers and architects, even the ctos of the fortune 50, and there's something about this exercise that reveals very deep lessons about the nature of collaboration, and i'd like to share some of them with you.","and since then, i've lost about 70 holes and design in the world with students with the designers and designers and architects, even with the largest technology, and it's something about two companies, which is something that's about two things that are discovered about the nature of collaboration, and i want to share with some of them.",repetition
اذاً، في العادة، يبدا معظم الناس بتوجيه انفسهم لهذه المهمة.,"so, normally, most people begin by orienting themselves to the task.","so, usually, most people start putting themselves into this task.",adequate
يتحدثون عنها، ويتعرفون علي كيف سيكون شكلها، ويتنافسون علي الفوز،,"they talk about it, they figure out what it's going to look like, they jockey for power.","they're talking about it, and you know how it's going to be the shape, and we're competitive.",adequate
ثم يقضون بعض الوقت في التخطيط، والتنظيم. انهم يرسمون ويخططون المكرونة,"then they spend some time planning, organizing, they sketch and they lay out spaghetti.","and then they spend some time in planning, and organizing, they draw and planners.",adequate
ويقضون معظم وقتهم في تجميع العصي في الهياكل المتنامية,they spend the majority of their time assembling the sticks into ever-growing structures.,and they spend most of their time in the rediscovered structures.,adequate
"ثم اخيراً، ينفذ الوقت منهم، ياخذ شخص ما حلوي المارش مالو، ثم يضعها بحذر شديد علي القمة، ثم يتراجعون الي الوراء، و "" تاداا""! ويثمنون عملهم.","and then finally, just as they're running out of time, someone takes out the marshmallow, and then they gingerly put it on top, and then they stand back, and -- ta-da! -- they admire their work.","and then finally, they're doing the time, they take someone who's a good solution, and then put it on the top, then they go back to back, ""wello!"" and they do their work.",adequate
"لكن حقيقة ما يحدث، في معظم الاوقات، هو ان تلك ال ""تاداا"" تتحول الي "" او-هو،"" لان وزن حلوي المارش مالو تتسبب في التواء الهيكل وانهياره.","but what really happens, most of the time, is that the ""ta-da"" turns into an ""uh-oh,"" because the weight of the marshmallow causes the entire structure to buckle and to collapse.","but the fact of what's happening, most of the time, is that this is the case, it turns into the ""muhythm,"" because the weight of the power of the structure of structure and it's the current.",repetition
"لذا فهناك عدد من الناس الذين لديهم لحظات ""او-هو"" اكثر من البقية، ومن بينهم الخريجيين الجُدد من كلية ادارة الاعمال.","so there are a number of people who have a lot more ""uh-oh"" moments than others, and among the worst are recent graduates of business school.","so there's a number of people who have moments of or a little bit more than the rest of the restors, and in the new york city college.",adequate
انهم يكذبون، يغشون، وينصرف انتباههم، وينتجون هياكل عرجاء حقاً.,"they lie, they cheat, they get distracted and they produce really lame structures.","they lie, they're laughing, and they act their attention, and we're going to do our attempts really awkward.",adequate
"وبالطبع هناك فرق التي لديها لحظات هياكل ""تاداا""، والافضل ضمنهم، هم الخريجون الجُدد من رياض الاطفال.","and of course there are teams that have a lot more ""ta-da"" structures, and among the best are recent graduates of kindergarten.","and of course, there's a difference that has moments of structures, and thousands of people, they prefer them, they're the prisons of children.",adequate
وهذا شئ رائع حقاً.,and it's pretty amazing.,and that's a really great thing.,adequate
كما يخبرنا بيتر، لا يقومون فقط بانتاج اطول الهياكل، لكنها ايضاً اكثر الهياكل اثارة بين الجميع.,"as peter tells us, not only do they produce the tallest structures, but they're the most interesting structures of them all.","as people tell me, they're not only producing the longest skeleton, but it's also more skeleton between everybody.",adequate
اذاً فالسؤال الذي ترغب بطرحه هو: كيف؟ لماذا؟ وماذا عنهم؟,so the question you want to ask is: how come? why? what is it about them?,so the question you want to ask is: how? why? what? and what did you do?,adequate
"ويريد بيتر منا ان نقول انه، "" ليس من بين الاطفال من يقضي اي وقت في محاولة ان يصبح مديراً تنفيذياً لشركة ماكرونة."" صحيح.","and peter likes to say that none of the kids spend any time trying to be ceo of spaghetti, inc. right?","and i want to say that, ""i'm not between children who spend time trying to get more money to get paid for a company."" right.""",adequate
ولا يقضون وقتاً في محاولة التنافس علي السلطة.,they don't spend time jockeying for power.,and they don't spend time trying to compete on power.,adequate
لكن هناك سبب اخر ايضاً.,but there's another reason as well.,but there's another reason.,adequate
والسبب هو ان طلاب ادارة الاعمال متدربون علي ايجاد طريق واحد صحيح، حسناً.,"and the reason is that business students are trained to find the single right plan, right?","and the reason is that business students are trained to find one way right, well.",adequate
ثم يقومون بتطبيقها علي الهيكل.,and then they execute on it.,and then they do it on the structure.,adequate
ما يحدث بعد ذلك، عندما يضعون حلوي المارش مالو علي القمة، ينفذ وقتهم، وماذا يحدث؟,"and then what happens is, when they put the marshmallow on the top, they run out of time and what happens?","what happens after that, when they put money on the top, they're doing their time, and what's happening?",adequate
انها ازمة.,it's a crisis.,it's a crisis.,adequate
تبدو مالوفاً؟ اليس كذلك.,sound familiar? right.,it sounds familiar? isn't it.,adequate
وما يفعله تلاميذ رياض الاطفال بطريقة مختلفة، هو انهم يبداون بحلوي المارش مالو، ويقومون ببناء نماذج متتالية، ودائماً يبقون علي المارش مالو علي القمة، لذا فلديهم عدة مرات لاصلاح النموذج المبني باعتلال طوال الطريق.,"what kindergarteners do differently is that they start with the marshmallow, and they build prototypes, successive prototypes, always keeping the marshmallow on top, so they have multiple times to fix when they build prototypes along the way.","and what the kids do in a different way, is that they start with the spadesh, and they build models, and always building models, they're clapping on the top, so they have several times of the building for the building.",adequate
لذا فالمصممون يعرفون هذا النوع من التعاون كعملية تكرار جوهرية.,designers recognize this type of collaboration as the essence of the iterative process.,"so, designers know this kind of collaboration as a replicator.",adequate
ومع كل نموذج، يتلقي الاطفال ردود افعال فورية حول عملهم وما لم يعملوه.,"and with each version, kids get instant feedback about what works and what doesn't work.","and with every model, the children are receiving the abilities around their work and what they didn't work.",adequate
اذاً فالمقدرة علي اللعب في النموذج هي اساسية فعلاً، لكن لنلقي نظرة علي كيف تعمل الفرق المختلفة.,"so the capacity to play in prototype is really essential, but let's look at how different teams perform.","so the ability to play in the model is really fundamental, but let's look at how different difference works.",adequate
اذاً فمتوسط معظم الناس هو حوالي 20 بوصة، طلاب ادارة الاعمال، حوالي نصف ذلك، المحامون، افضل قليلاً، لكن ليس افضل كثير عن ذلك، تلاميذ رياض الاطفال، افضل من معظم البالغين.,"so the average for most people is around 20 inches; business schools students, about half of that; lawyers, a little better, but not much better than that, kindergarteners, better than most adults.","so the average of most people are about 20 stories, the business students, about half of that, a half, a little better, but not much better than that, the kids are better than adults, most adults.",adequate
من هو افضل الفاعلين؟,who does the very best?,who is the best of the market?,adequate
المهندسون والمعماريون، بحمد الله.,"architects and engineers, thankfully.","engineer and suffering and suffering, the god of god.",over-generation
اطول الهياكل التي رايتها بلغ 39 بوصة.,thirty-nine inches is the tallest structure i've seen.,it's the longest skeleton that i've seen in 39 inches.,adequate
ولماذا هذا؟ لانهم يفهمون المثلثات والانماط الهندسية التي تعيد ضبط نفسها التي هي مفتاح بناء هياكل مستقرة.,and why is it? because they understand triangles and self-reinforcing geometrical patterns are the key to building stable structures.,and why is this? because they understand gas and india and india that render the same thing that is the key to build a stable skeleton.,adequate
لذا فالمدراء التنفيذيون، افضل قليلاً عن المتوسط. لكن هنا حيث يصير الامر مثيراً.,"so ceos, a little bit better than average, but here's where it gets interesting.","so the ceo, the best thing about average, but here is where it's exciting.",adequate
اذا وضعت مديراً تنفيذياً. علي راس الفريق، يتحسن اداؤهم بصورة ملحوظة.,"if you put you put an executive admin. on the team, they get significantly better.","if i put over the course of the execution. on the team, they're going to improve their performance differently.",adequate
"انه مذهل. كما تعلمون، تنظرون في الجوار، وتقولون،"" اوه، ذلك الفريق سيفوز.""","it's incredible. you know, you look around, you go, ""oh, that team's going to win.""","it's amazing. you know, look at the mountain, and you say, ""oh, that team will win.""",adequate
يمكننا قول ذلك مسبقاً. ولم يحدث ذلك؟,you can just tell beforehand. and why is that?,we can say that before. and it's not happening?,adequate
لان لديهم مهارات خاصة للتسيير.,because they have special skills of facilitation.,because they have special skills.,adequate
انهم ينظمون العملية، ويفهمون العملية.,"they manage the process, they understand the process.","they regrow the process, and they're doing the process.",adequate
واي فريق يقوم بالتنظيم ويولي اهتمام شديد الي العمل سيتحسن بشدة من اداءالفريق.,and any team who manages and pays close attention to work will significantly improve the team's performance.,and what team is doing with organizing and pay attention to work very much better than the team doing.,adequate
المهارات المتخصصة ومهارات التسيير، والتركيبة التي تقود الي نجاح ساحق.,specialized skills and facilitation skills are the combination that leads to strong success.,"skills and skills and political skills, and demos that lead to the success of the coast.",adequate
اذا كان لديك 10 فرق تعمل تتنافس، فانت ستحصل علي ربما ستة او شئ كهذا من الهياكل المنتصبة.,"if you have 10 teams that typically perform, you'll get maybe six or so that have standing structures.","if you have 10 difference to compete, you're going to get six or something like that's skeleton.",adequate
وقد حاولت شيئاً مثيراً.,and i tried something interesting.,and i tried something interesting.,adequate
فكرت، لافعلها بطريقة مختلفة.,"i thought, let's up the ante, once.","i thought, i didn't do it in a different way.",adequate
لذا فقد عرضت جائزة قدرها 10،000 دولار من البرمجيات للفريق الفائز.,"so i offered a 10,000 dollar prize of software to the winning team.","so i offered 10,000 dollars of software for the winner.",adequate
اذاً ما الذي تعتقدون انه حدث لتصاميم الطلاب هذه؟,so what do you think happened to these design students?,so what do you think it's happened to design these students?,adequate
ماذا كانت النتيجة؟,what was the result?,what was the result?,adequate
ها هو ما حدث. لم ينجح حتي فريق واحد في ايقاف الهيكل.,here's what happened: not one team had a standing structure.,here's what happened. it wasn't even one team at the end of the structure.,adequate
اذا بني اي شخص ، لنقل، هيكل بطول بوصة واحدة، لكان بمستطاعه اخذ الجائزة معه.,"if anyone had built, say, a one inch structure, they would have taken home the prize.","if you build any person, say, the structure of one inches in one story, it could be able to take the reward with him.",adequate
اذاً، اليس ذلك مثيراً بان الرهانات العالية لديها تاثير قوي.,"so, isn't that interesting? that high stakes have a strong impact.","so, isn't it interesting that the high potential has a strong effect.",adequate
قمنا بالتمرين مجدداً مع نفس الطلاب.,we did the exercise again with the same students.,we've done again with the same students.,adequate
ماذا تظنون الذي حدث عندئذ؟,what do you think happened then?,what do you think of what happened then?,adequate
اذاً الان فهموا قيمة النموذج الاولي.,so now they understand the value of prototyping.,so now they understand the first model.,adequate
لذا فنفس الفريق تقدم من كونه الاسوا ليصبح ضمن افضل الفرق.,so the same team went from being the very worst to being among the very best.,so the team competition made out as the worst to become better in the difference.,adequate
لقد صنعوا اطول الهياكل في اخر الزمن المتاح.,they produced the tallest structures in the least amount of time.,they made the longest skeleton in the last time.,adequate
اذاً فهناك درساً بليغاً لنا حول طبيعة الحوافز والنجاح.,so there's deep lessons for us about the nature of incentives and success.,so there's a lesson to us around the nature of incentives and success.,adequate
اذاً، ربما تسالوا: لماذا يقضي اي شخص الزمن في كتابة منافسة حلوي المارش مالو؟,"so, you might ask: why would anyone actually spend time writing a marshmallow challenge?","so, you might ask: why do you spend any time in writing a competition with the competition?",adequate
والسبب هو، انا اساعد في انشاء معدات رقمية وعمليات لمساعدة الفرق في بناء السيارات والعاب الفيديو ومؤثرات مرئية.,"and the reason is, i help create digital tools and processes to help teams build cars and video games and visual effects.","and the reason is, i help create digital equipment and assistance to help the difference in building cars and video and video.",adequate
وما تفعله منافسة المارش مالو هي انها تساعدهم في التعرف علي الافتراضات الخفية.,and what the marshmallow challenge does is it helps them identify the hidden assumptions.,and what it's doing is that it helps to recognize the hidden diseases.,adequate
لانه، بكل صراحة، لكل مشروع المارش مالو خاصته، اليس كذلك.,"because, frankly, every project has its own marshmallow, doesn't it?","because, all of the surgery, every single project of his own money, right.",adequate
التحدي يقدم تجربة مشتركة، لغة مشتركة، موقف مشترك لنباء النموذج الصحيح.,"the challenge provides a shared experience, a common language, a common stance to build the right prototype.","the challenge is giving a common sense of a common language, a common position of the right model.",repetition
ولذا، هذه هي قيمة التجربة، لهذا التمرين البسيط.,"and so, this is the value of the experience, of this so simple exercise.","so, this is the value of the experiment, for this simple exercise.",adequate
ولاؤلئك الراغبين منكم، ربما يرغبون في زيارة marshmallowchallenge.com,and those of you who are interested may want to go to marshmallowchallenge.com.,"and for those of you, maybe they're going to visit xl.m.",adequate
انها مدونة يمكنكم النظر فيها لكيفية بناء مارش مالو.,it's a blog that you can look at how to build the marshmallows.,it's blogging you can look at how to build mario.,adequate
وهناك تعليمات خطوة وبخطوة حول هذا.,there's step-by-step instructions on this.,and there's a step and a step on this.,adequate
وهناك نماذج مجنونة من كل انحاء العالم لكيفية ضبط الناس للنظام.,there are crazy examples from around the world of how people tweak and adjust the system.,there's a crazy models of all over the world of how people link to the system.,adequate
هناك ايضاً رقم قياسي عالمياً .,there's world records that are on this as well.,there's also a global record number.,low overlap
والدرس الاساسي، كما اعتقد، هو ان التصميم حقيقة هو رياضة تواصل.,"and the fundamental lesson, i believe, is that design truly is a contact sport.","and the basic study, as i think, is the design fact is a mathematical model.",adequate
انه يتطلب منا تكريس كل انتباهنا الي المهمة، واننا نطبق افضل مافي تفكيرنا، مشاعرنا وفعلنا الي التحدي الذي لدينا في ايدينا.,"it demands that we bring all of our senses to the task, and that we apply the very best of our thinking, our feeling and our doing to the challenge that we have at hand.","it takes us all the attention to the mission to the task, and if we apply the best of our thinking, our emotions, and we do to challenge our challenge that we have any challenge.",adequate
"وبعض الاحيان، بناء نموذج اولي صغير لهذه التجربة هو كل ما ياخذه ليقلب حالنا من لحظة "" او-ها"" الي لحظة ""تاداا"".","and sometimes, a little prototype of this experience is all that it takes to turn us from an ""uh-oh"" moment to a ""ta-da"" moment.","and sometimes, building a small model for this experiment is every thing, and it's going to move us from a moment or ""hella"" moment.""",adequate
ويمكن لذلك احداث تغيير كبير.,and that can make a big difference.,so it can change a big change.,adequate
شكراً جزيلاً لكم.,thank you very much.,thank you very much.,adequate
"دعونا نتظاهر ان هناك ماكينة هنا ,",let's pretend right here we have a machine.,let's show you that there's a machine here.,adequate
"ماكينة كبيرة , الة تيد الحديثة , وانها الة زمنية .","a big machine, a cool, ted-ish machine, and it's a time machine.","mcdon't, ted machine, and it's a time machine.",adequate
وكل شخص في هذه الغرفه عليه ان يدخل داخلها .,and everyone in this room has to get into it.,and everybody in this richness had to go inside.,adequate
"وانكم تستطيعون ان ترجعوا للماضي , او للمستقبل , لا تستطيعون ان تبقوا حيث انتم .","and you can go backwards, you can go forwards; you cannot stay where you are.","and if you can go back to the past, or the future, you can't stay away where you are.",adequate
"وانني لاتعجب ماذا ستختارون , لانني سالت اصدقائي هذا السؤال كثيراَ مؤخراَ , وكلهم ارادوا ان يعودوا الي الماضي .","and i wonder what you'd choose, because i've been asking my friends this question a lot lately and they all want to go back.","and if i don't like what you would choose, because i asked my friends this question a lot recently, and they wanted them back to the past.",adequate
"انا لا اعرف . انهم يريدون ان يرجعوا الي فترة ما قبل السيارات او تويتر او "" امريكان ايدول"" .","i don't know. they want to go back before there were automobiles or twitter or ""american idol.""",i don't know. they want to go back to a period of cars or twitter or u.d.s.,adequate
لا اعرف .,i don't know.,i don't know.,adequate
"انا مقتنع ان هناك نوع من الميل نحو الايام الخوالي , نحو التمني .","i'm convinced that there's some sort of pull to nostalgia, to wishful thinking.","i'm convinced that there's a kind of argument about the next days, to the object.",adequate
وانا اتفهم ذلك .,and i understand that.,and i understand that.,adequate
"انا لست جزء من تلك المجموعة , لابد وان اقول .","i'm not part of that crowd, i have to say.","i'm not part of those group, and i have to say.",adequate
"انا لا اريد ان اعود للماضي , وذلك ليس بسبب انني احب الاثارة --","i don't want to go back, and it's not because i'm adventurous.","i don't want to go back to the past, and that's not because i love the math -- i love.",adequate
"انما بسبب الفرص علي هذا الكوكب , انهم لن يرجعوا الي الوراء ، يذهبون نحو المستقبل .","it's because possibilities on this planet, they don't go back, they go forward.","it's because opportunities in this planet, they're not going to go back, they go towards the future.",adequate
"لذلك فانا اريد ان ادخل للالة , وان اذهب للمستقبل .","so i want to get in the machine, and i want to go forward.","so i want to go into a machine, and go for the future.",adequate
"هذا اعظم وقت مرّ علي هذا الكوكب بكل المقاييس التي تختاروها: الصحة , الثراء , حرية السفر والحركة , فرص العمل , انخفاض معدلات الامراض .","this is the greatest time there's ever been on this planet by any measure that you wish to choose: health, wealth, mobility, opportunity, declining rates of disease ...","this is the greatest time on this planet with all scales that you choose: health, free health, travel, the opportunity, the jobs, the decline of diseases.",adequate
لم يكن هناك وقت مثل هذا من قبل .,there's never been a time like this.,there wasn't time like this before.,adequate
"اجدادي الاوائل ماتوا , كلهم , عندما كانوا في عمر الستين .","my great-grandparents died, all of them, by the time they were 60.","my first one of the men died, all of them, when they were in the age of six.",adequate
اجدادي دفعوا هذا الرقم الي عمر السبعين .,my grandparents pushed that number to 70.,they paid this number to seven-year-old.,adequate
اما ابائي قاربوا الثمانين .,my parents are closing in on 80.,so i've got a second boat.,low overlap
لذا من المفترض ان هناك رقم 9 في بداية عمر وفاتي .,so there better be a nine at the beginning of my death number.,so it's supposed to be when there's nine in the age of my life.,adequate
لكن الامر ليس عن اناس مثلنا لان الامر اكبر واهم من ذلك .,"but it's not even about people like us, because this is a bigger deal than that.",but it's not about people like we've made it bigger than that.,adequate
طفل مولود في نيو دلهي اليوم يُتوقع ان يعيش طويلاً مثلما فعل اغني رجل في العالم منذ مائة عام مضت .,a kid born in new delhi today can expect to live as long as the richest man in the world did 100 years ago.,a child who's born in new delhi today was expected to live a long time as much older than the rich man in the world since a hundred years ago.,adequate
فكروا بذلك الامر . انها حقيقة مذهلة .,"think about that, it's an incredible fact.",think about it. it's really amazing.,adequate
ولماذا هذا الامر حقيقي ؟,and why is it true?,and why is that real?,adequate
الجدري . الجدري قتل مليارات من البشر علي هذا الكوكب .,smallpox. smallpox killed billions of people on this planet.,"smallpox. smallpox, killing billions of humans on this planet.",adequate
انه اعاد تشكيل ديموغرافية العالم بكيفية لا يمكن لاي حرب ان تفعل .,it reshaped the demography of the globe in a way that no war ever has.,it's rethinking the demographic of the world as a war can't do.,adequate
قد انتهي . اختفي .,it's gone. it's vanished.,he ended up.,low overlap
نحن محوناه . تلاشي .,we vanquished it. puff.,we are denied.,adequate
"في العالم الغني , الامراض التي هددت الملايين منا منذ قرن مضي تقريباً , ليست موجودة الان.","in the rich world, diseases that threatened millions of us just a generation ago no longer exist, hardly.","in the rich world, the disease that millions of us have gone from almost a century ago, not exist right now.",adequate
"الدفتيريا , الحصبة , شلل الاطفال ...","diphtheria, rubella, polio ...","the bacteria, the pillow, polio polio.",adequate
حتي هل من احد منكم يعرف ماهية هذه الاشياء ؟,does anyone even know what those things are?,so anyone who knows what these things?,adequate
"التطعيمات , الطب الحديث , مقدرتنا علي اطعام المليارات من البشر , هذه تعتبر انتصارات للطريقة العلمية .","vaccines, modern medicine, our ability to feed billions of people, those are triumphs of the scientific method.","the evidence, modern medicine, our ability to feed billions of humans, these are the ones of scientific ways.",adequate
"وفي رايي , ان الطريقة العلمية , محاولة التجربة , لنري اذا كانت تعمل , نقوم بتغييرها اذا كانت لا تعمل , هي واحد من اهم و اعظم الانجازات الانسانية .","and to my mind, the scientific method -- trying stuff out, seeing if it works, changing it when it doesn't -- is one of the great accomplishments of humanity.","and in my opinion, that the scientific way, to try, let's see if it works, we change if they don't work, it's one of the most important and the greatest achievement of humanity.",adequate
لذا فتلك هي الاخبار الجيدة .,so that's the good news.,so that's the good news.,adequate
"لسؤء الحظ , تلك كل الاخبار الجيدة لان هناك بعض المشاكل الاخري , وقد ذُكرت مرات عديدة ,","unfortunately, that's all the good news because there are some other problems, and they've been mentioned many times.","so unfortunately, that's all good news because there are some other problems, and i mentioned many times, many times.",adequate
"وواحد منها هو ان , بالرغم من كل انجازاتنا , مليار نسمة تنام جوعي في هذا العالم , كل يوم .","and one of them is that despite all our accomplishments, a billion people go to bed hungry in this world every day.","and one of them is that, despite all of our achievements, a billion people in this world, every day.",adequate
"ان هذا الرقم يرتفع , و يرتفع بسرعة كبيرة , وذلك شيئ سيء جداً .","that number's rising, and it's rising really rapidly, and it's disgraceful.","that's the height, and it's very rapidly, and this is a very bad thing.",adequate
"ليس هذا فقط , فقد استخدمنا خيالنا للتخلص نهائياً من هذا العالم .","and not only that, we've used our imagination to thoroughly trash this globe.","it's not only, we used our imagination to get rid of this world.",adequate
"مياه الشرب , الاراضي الزراعية , الغابات , البترول , الغاز : سوف تنتهي قريباً , سينتهون قريباً , وما لم نبتكر طريقنا للخروج من هذه الفوضي , سوف ننتهي ايضاً .","potable water, arable land, rainforests, oil, gas: they're going away, and they're going away soon, and unless we innovate our way out of this mess, we're going away too.","the drinking water, agriculture, the forests, oil, gasol, it will end up, and it will soon, and what we didn't invent these chaos, we'll end up.",adequate
اذاً السؤال هو : هل نستطيع ان نفعل ذلك ؟ اعتقد اننا نستطيع .,so the question is: can we do that? and i think we can.,so the question is: can we do that? i think we can.,adequate
انا اعتقد بوضوح اننا نستطيع ان نصنع طعاماً سوف يُطعم مليارات من الناس بدون اغتصاب الاراضي التي يعيشون عليها .,i think it's clear that we can make food that will feed billions of people without raping the land that they live on.,i think it's clearly that we can create a way that we're going to support billions of people without the arabic land that live.,adequate
اعتقد اننا نستطيع دعم هذا العالم بالطاقة التي في نفس الوقت لا تدمر هذا العالم .,i think we can power this world with energy that doesn't also destroy it.,i think we can support this world with energy that at the same time that we don't run this world.,adequate
"انا بالفعل اؤمن بذلك , وان ذلك ليس تمني .","i really do believe that, and, no, it ain't wishful thinking.","i really believe that, and that's not me.",adequate
"لكن الشئ الذي يؤرقني بالليل -- احد الاشياء التي تؤرقني بالليل اننا لم نكن في حوجة للتقدم العلمي اكثر من حوجتنا له الان , ابداً ,",but here's the thing that keeps me up at night -- one of the things that keeps me up at night: we've never needed progress in science more than we need it right now. never.,"but the thing that brings me a little bit of analysis -- one of the things that i'm sad in the evidence that we didn't have, even more science as much more than our wife, never,.",adequate
و اننا لم نكن في موقف يسمح لنا بنقل هذا العلم بطريقة صحيحة كما نستطيع اليوم .,and we've also never been in a position to deploy it properly in the way that we can today.,and we weren't going to allow us to move this science right in a way that we can do today.,adequate
"نحن علي وشك الوصول الي نتائج مذهلة في مجالات عديدة . وبالرغم من ذلك , انا اعتقد بالفعل اننا لابد لنا من الرجوع للماضي مئات , ثلاثمائة عام , قبل عصر النهضة , لنعرف عندما حققنا تقدم , عندما حاولنا جاهدين علي هذه الاشياء بجدية اكثر , في مجالات اكثر , مما نبحث الان .","we're on the verge of amazing, amazing events in many fields, and yet i actually think we'd have to go back hundreds, 300 years, before the enlightenment, to find a time when we battled progress, when we fought about these things more vigorously, on more fronts, than we do now.","we're going to access to incredible results in many cases, and yet, i think we've already have to give us hundreds of hundred years ago, in the age of the renaissance, we don't know when we't really tried, when we tried to try and find these things in the most of these things.",adequate
"الناس يقوقعوا انفسهم في معتقداتهم , ويفعلون ذلك بمهاره حتي انكم لا تستطيعون عتقهم واعادتهم للحرية .","people wrap themselves in their beliefs, and they do it so tightly that you can't set them free.","people expect themselves in their lives, and they do that day, even you can't stand them and give them and conscious their freedom.",adequate
ولا حتي الحقيقة التي سوف تحررهم .,not even the truth will set them free.,and it's not even the fact that they're going to decide.,adequate
"واسمعوا , كل واحد منهم متعلق برايه , انهم حتي متمسكون بارائهم عن التقدم ,","and, listen, everyone's entitled to their opinion; they're even entitled to their opinion about progress.","and i hear, every one of them are talking about a head, they even have a sense of progress.",adequate
لكن اتعلمون ما الذي انتم لستم متمسكون به ؟,but you know what you're not entitled to?,but you know what you don't care about?,adequate
"انكم لستم متمسكون بحقيقتكم الخاصة بكم . اسف , لا .","you're not entitled to your own facts. sorry, you're not.","you're not holding your own values. sorry. sorry, no.",adequate
وقد اخذ مني هذا بعض الوقت لاستنتاجه .,and this took me awhile to figure out.,and i took me some time for the conclusion.,adequate
"منذ حوالي عشر سنوات , كتبت مقالة عن التطعيمات ل "" النيو يوركير "" مقالة قصيرة .","about a decade ago, i wrote a story about vaccines for the new yorker. a little story.","about 10 years ago, i wrote a article about the intentions of the nigerian, a short article.",adequate
"وكنت مذهول لاجد اعتراضات , اعتراض لما كان , فوق كل شئ , المعيار الاكثر تاثيراُ لقياس الصحة العامة في التاريخ البشري .","and i was amazed to find opposition: opposition to what is, after all, the most effective public health measure in human history.","and i was amazing to find things, assuming what it was, above everything, the most effective current of the world measurements for the public health of human history.",adequate
"لم اعرف ماذا افعل , لذا فعلت ما افعله , كتبت مقالة وتابعت عملي .","i didn't know what to do, so i just did what i do: i wrote a story and i moved on.","i didn't know what i did, so i did what i do, i wrote an article and i wrote my job.",repetition
"وبعد ذلك بفترة قصيرة , كتبت قصة عن الغذاء الجيني المعدل .","and soon after that, i wrote a story about genetically engineered food.","and then, shortly, i wrote a story about the metal food story.",adequate
"نفس الشيء , معارضة اكبر فقط .","same thing, only bigger.","the same thing, with just bigger opposition.",adequate
جُن جنون الناس به .,people were going crazy.,they're crazy.,adequate
"لذا كتبت مقالة عن ذلك ايضاً , ولم استطع ان افهم لماذا ظنّ الناس ان ذلك كان جدل حول "" الغذاء المعدل, "" لماذا ظن الناس ان تحريك الجزيئات في مسار خاص , بدلاً من مسار عشوائي , كان تدخل في الطبيعة الداخلية .","so i wrote a story about that too, and i couldn't understand why people thought this was ""frankenfoods,"" why they thought moving molecules around in a specific, rather than a haphazard way, was trespassing on nature's ground.","so i wrote an article about that, and i couldn't understand why people think it was so serious about food, ""why don't think the molecules in a special trajectory, rather than randomly, in nature's inside of nature.",adequate
"لكن , اتعرفون , انا افعل ما افعل . كتبت المقالة , وتابعت عملي .","but, you know, i do what i do. i wrote the story, i moved on.","but, you know, i do what i do. i wrote an article, and i wrote my job.",adequate
"انا اقصد , انني صحفي ,","i mean, i'm a journalist.","i mean, i mean. i'm a journalist.",adequate
"نحن نكتب , نرسل , نذهب الي العشاء , كل شئ بخير .","we type, we file, we go to dinner. it's fine.","we're writing, we send it to dinner, everything is fine.",adequate
"لكن هذه القصص ضايقتني , ولم استطع ان افسر لماذا , وبمرور الوقت فهمت .","but these stories bothered me, and i couldn't figure out why, and eventually i did.","but these stories, i couldn't explain why, and i didn't think about why, at the time understood.",adequate
وذلك بسبب تلك التعصب الذي كان يقودني للجنون لم يكن في الحقيقة متعصبين علي الاطلاق .,and that's because those fanatics that were driving me crazy weren't actually fanatics at all.,and that's because of the violence that he leads me to the arts center of the arts didn't really be tired at all.,repetition
"كانوا اناس مفكرين , متعلمين جيداً , و اناس كرماء .","they were thoughtful people, educated people, decent people.","they were thinking, they were good, teachers, and people like the names.",adequate
كانوا تماما اناس مثل الذين في هذه القاعة .,they were exactly like the people in this room.,they were completely people like this room.,adequate
وقد ازعجني ذلك جداً ...,and it just disturbed me so much.,and it's so annoying me.,adequate
"لكن حينها فكرت , اتعلمون , دعونا نكون صريحين :","but then i thought, you know, let's be honest.","but then i thought, you know, let's be honest.",adequate
نحن في موقف الان في هذا العالم حيث لم يعد لدينا نفس العلاقة السابقة بالتقدم الذي اعتدنا ان نحققه .,we're at a point in this world where we don't have the same relationship to progress that we used to.,we're in a position now in this world where we didn't have the same relationship with the previous relationship that we used to achieve.,adequate
فنحن نتحدث عنه بشكل متناقض .,we talk about it ambivalently.,we're talking about a contraceptible.,adequate
"نتحدث عنه في لهجة سخرية مع قليل من التعجب حوله : "" التقدم . ""","we talk about it in ironic terms with little quotes around it: ""progress.""","we're talking about it in a little absence with a little bit of compassion about it: "" progress.""",adequate
"حسناً , هناك بعض الاسباب لذلك , واعتقد اننا نعرف تلك الاسباب .","okay, there are reasons for that, and i think we know what those reasons are.","well, there's some reasons for that, and i think we know those reasons.",adequate
"اننا فقدنا ايماننا بالمؤسسات , في السلطات , وفي بعض الاحيان في العلم نفسه , واعتقد انه لا يوجد سبب يمنعنا من ذلك .","we've lost faith in institutions, in authority, and sometimes in science itself, and there's no reason we shouldn't have.","we've lost the institutions, in authorities, and sometimes in science itself, and i think there's no reason we do that.",adequate
نستطيع ان نذكر بضعة اسماء فقط والناس ستفهم .,you can just say a few names and people will understand.,we can remember a couple of names and people will understand.,adequate
"شيرنوبل , بهوبال , التشالنجر , فيوكس , اسلحة الدمار الشامل , اقصد , تعرفون بالطبع ان تختاروا قائمتكم .","chernobyl, bhopal, the challenger, vioxx, weapons of mass destruction, you know, you can choose your list.","nanotechnology, you know, the jennifer, in xl, the weapons of mass destruction, i mean, of course, you're able to choose your leader.",adequate
هناك اسئلة ومشاكل مع الناس الذين اعتدنا دائماً ان نصدقهم . اصبحنا نشك .,"there are questions and problems with the people we used to believe were always right, so be skeptical.",there are questions and problems with people who are always believe that we believe them. we're beginning.,adequate
"اسالوا اسئلة , اطلبوا برهان , اطلبوا دليل .","ask questions, demand proof, demand evidence.","ask questions, ask me to think of evidence, ask evidence.",adequate
لا تصدقوا اي شئ دون تفكير كاف .,don't take anything for granted.,don't believe anything without thinking.,adequate
"لكن هنا الفكرة : عندما تحصلون علي برهان , تحتاجون ان تقبلوا هذا الدليل , ونحن لسنا جيدين في عمل ذلك .","but here's the thing: when you get proof, you need to accept the proof, and we're not that good at doing that.","but here's the idea: when you get religion, you need to accept this evidence, and we're not good at doing that.",adequate
والسبب الذي يجعلني اقول ذلك هو ان نحن الان نعاني من مشكلة خوف مثلما لم اري من قبل واتمني الا اراها ثانية .,and the reason that i can say that is because we're now in an epidemic of fear like one i've never seen and hope never to see again.,and the reason that makes me say that is that we are now that we're having a fear like i've never seen before and i'm hoping for a second.,adequate
"منذ حوالي 12 عاماً مضت , نُشرت مقالة , مقالة مفزعة , ربطتوباء مرض التوحد مع جرعات تطعيم الحصبة , حمي النكاف , مصل الحميراء .","about 12 years ago, there was a story published, a horrible story, that linked the epidemic of autism to the measles, mumps and rubella vaccine shot.","about 12 years ago, we've spread an article, an article with hiv infections with autism, with the anti-pressant leader, friendship, fighters.",adequate
شيئ مخيف جداً .,very scary.,something is very scary.,over-generation
دراسات عديدة قد تمتْ لتري اذا كان ذلك حقيقي .,tons of studies were done to see if this was true.,many studies have been absorbed if that's real.,low overlap
مئات الدراسات كان من المفترض ان تتم : انها مشكلة حقيقية .,tons of studies should have been done; it's a serious issue.,hundreds of studies were supposed to be a real problem.,adequate
جاءت البيانات.,the data came back.,data came up.,adequate
"جاءت البيانات من الولايات المتحدة , من انجلترا , من السويد , من كندا , وكانت كلها تحمل نتيجة واحدة , لا تطابق , لا ارتباط بينهم , علي الاطلاق .","the data came back from the united states, from england, from sweden, from canada, and it was all the same: no correlation, no connection, none at all.","the data came from the united states, from england, from sweden, from canada, and they were all carrying one result, not matched between them, at all.",adequate
"لا يهم . لا يهم لاننا نصدق ما نسمع , نصدق ما نري , ما نعتقد اننا نراه , نصدق ما يجعلنا نشعر بوجودنا .","it doesn't matter. it doesn't matter because we believe anecdotes, we believe what we see, what we think we see, what makes us feel real.","it doesn't matter. because we don't really believe what we're thinking, we think, what we think we see, we believe that we are self-interest.",adequate
"لا نؤمن بحزمة من الاوراق من مصدر رسمي حكومي يعطينا معلومات , وانا اتفهم ذلك , اعتقد اننا كلنا نفهم ذلك .","we don't believe a bunch of documents from a government official giving us data, and i do understand that, i think we all do.","we don't believe a bunch of cards from the paper source of a government source of information, and i understand that, i think we all understand it.",adequate
"لكن , اتعلمون ؟",but you know what?,"but, you know?",adequate
"النتيجة لذلك كانت كارثية ,",the result of that has been disastrous.,so the result was carcinogenic.,adequate
كارثية بسبب هذه الحقيقة : الولايات المتحدة واحدة من الدول القليلة في العالم حيث ان معدل فعالية مصل الحصبة يتراجع .,disastrous because here's a fact: the united states is one of the only countries in the world where the vaccine rate for measles is going down.,"karlia because of this truth: the united states is one of the few countries in the world, where the effective rate of an effective rate increases.",adequate
وذلك يعتبر نقمْة . ولابد لنا ان نخجل من انفسنا .,"that is disgraceful, and we should be ashamed of ourselves.",and that's a peculiar. and we don't want to save ourselves.,adequate
انه لشيئ مُفزع .,it's horrible.,it's very motivating.,adequate
ما نوع هذا الشيئ الذي حدث الذي جعلنا نفعل ذلك .,what kind of a thing happened that we could do that?,what kind of the kind of thing that made us do.,adequate
"الان , انا افهمه . انا بالفعل افهمه .","now, i understand it. i do understand it.","now, i understand him. i really understand it.",adequate
"لان , هل هناك اي مريض بالحصبة هنا ؟","because, did anyone have measles here?","because, is there any patient in here?",adequate
هل سبق و ان راي اي واحد منكم هنا شخص ما يموت من الحصبة ؟,has one person in this audience ever seen someone die of measles?,have you ever seen any of you here someone who die from the hole?,adequate
لا يحدث كثيراً .,doesn't happen very much.,it doesn't happen much.,adequate
"لا يحدث مطلقاً في هذا البلد , لكنه حدث 160,000 مرة في العالم العام الماضي .","doesn't happen in this country at all, but it happened 160,000 times in the world last year.","it's never happening in this country, but it happened 160,000 times in the world over the last year.",adequate
"هذا عدد كثير للموتي جراء مرض الحصبة , معدل 20 شخص كل ساعة .",that's a lot of death of measles -- 20 an hour.,"that's a lot of the growth of the patient's disease, 20 people's rate.",adequate
"لكن حيث انها لم تحدث هنا , نستطيع ان نتركها خارج عقولنا , واناس مثل جيني ماكارثي يستطيعون ان يبشروا برسائل وعظات عن الخوف والامية من مراكزهم مثل اوبرا و برنامج لاري كينج علي الهواء .","but since it didn't happen here, we can put it out of our minds, and people like jenny mccarthy can go around preaching messages of fear and illiteracy from platforms like ""oprah"" and ""larry king live.""","but it's not happening here, we can leave it out of our brains, and i'm like a genetic ideas that they can build up with the problems and the fear of fear and their centers like the opera program or a program.",adequate
وانهم يستطيعون ان يوصلوا رسالتهم بسبب انهم لا يربطون بين السبّبية وتاثيرها علي الاشياء .,and they can do it because they don't link causation and correlation.,and they can get their message because they don't connect between the black and influence on things.,adequate
"انهم لا يفهمون ان هذه الاشياء تبدو واحدة , لكن هذه الاشياء ابداً ليست كما تبدو .","they don't understand that these things seem the same, but they're almost never the same.","they don't understand that these things look like, but these things never look like.",adequate
"وانها شئ نحتاج ان نتعلمه , ونحتاج ان نتعلمه في القريب العاجل .","and it's something we need to learn, and we need to learn it really soon.","and it's something we need to learn, and we need it to learn in the nearby.",adequate
"جوناس سالك , هذا الرجل كان بطل .","this guy was a hero, jonas salk.","let's go, this guy was hero.",adequate
فقد اخذ واحد من اسوا الامراض في التاريخ بعيداً عنا .,he took one of the worst scourges of mankind away from us.,he took one of the worst diseases in history away from us.,adequate
"لا خوف , لا عذاب , شلل , الم تنهدات , كلها انتهت .","no fear, no agony. polio -- puff, gone.","no fear, it's not tortured, polio, all over.",adequate
"هذا الرجل في المنتصف , ليس بالكثير .","that guy in the middle, not so much.","this guy in the middle, not a lot.",adequate
اسمه بول اوفيت .,his name is paul offit.,his name is paul.,adequate
قد توصل الي مصل متعدد مع مجموعة اخري من العلماء .,he just developed a rotavirus vaccine with a bunch of other people.,it might be connected to a multiverse with another group of scientists.,adequate
"تنقذ حياة 400, الي 500 الف طفل في العالم النامي كل عام .","it'll save the lives of 400 to 500,000 kids in the developing world every year.","saving 400 lives, to 500 children in the developing world every year.",adequate
"عدد كبير جيد , صحيح ؟","pretty good, right?","a great number, right?",adequate
"حسناً , انه جيد , ماعدا ان بول يذهب ليتحدث عن الامصال ويتحدث عن مدي فائدتها وقيمتها وانه ينبغي للناس ايقاف الانين.","well, it's good, except that paul goes around talking about vaccines and says how valuable they are and that people ought to just stop the whining.","well, it's good, that paul's going to go to talk about the mother and talk about it, and i've got to stop people now.",adequate
وهو في الحقيقة يقولها بتلك الطريقة .,and he actually says it that way.,and it's actually saying that way.,adequate
"لذلك , بول ارهابي .","so, paul's a terrorist.","so, paul is.",adequate
"عندما يتحدث بول في جلسات استماع رسمية , لا يستطيع الادلاء بشهادته بدون حراس مسلحين .","when paul speaks in a public hearing, he can't testify without armed guards.","when he talks about paul in a magazine, he can't pay attention, he couldn't raise her to his mother without charged head.",adequate
انه يستقبل مكالمات في منزله لان الناس تحب ان تخبره انهم يتذكرون مكان مدرسة اطفاله .,he gets called at home because people like to tell him that they remember where his kids go to school.,it's just accepting in his house because people like to tell him that they remember a place of their children's school.,adequate
ولماذا ؟ لان بول قد صنع مصل .,and why? because paul made a vaccine.,why? because paul could make a call.,adequate
"انا لست محتاجاَ لاقول هذا , لكن الامصال مهمة وحيوية للغاية .","i don't need to say this, but vaccines are essential.","i don't need to say this, but the mother is very important.",adequate
"اذا اخذتهم بعيداَ , ترجع الامراض والاوبئة من جديد , امراض فظيعة , وذلك يحدث","you take them away, disease comes back, horrible diseases. and that's happening.","if you take them away, they go back and 100 new diseases, terrible diseases, and that's happening.",adequate
هناك حصبة في هذا البلد الان .,we have measles in this country now.,there's a water in this country now.,adequate
"وانها في طريقها للاسوا , وقريباَ جداَ سيموت اطفال بسببها مجدداَ لانها مجرد لعبة ارقام .","and it's getting worse, and pretty soon kids are going to die of it again because it's just a numbers game.","and it's done by families, and they're very difficult to die of her children because she's just a game.",adequate
وانهم لن يموتوا من الحصبة فقط .,and they're not just going to die of measles.,and they're not going to die from just a hole.,adequate
ماذا عن الشلل ؟ دعونا نمرض به . لم لا ؟,what about polio? let's have that. why not?,what about polio? let's get sick. no?,adequate
زميلة دراسة معي بالكلية كتبت لي منذ اسبوعين بما معناه انها ظنت انني صارم قليلاً او حاد .,a college classmate of mine wrote me a couple weeks ago and said she thought i was a little strident.,"i've been looking at me with me, i wrote a couple of two weeks ago with something that i thought i was very strict or a little bit.",adequate
لم يقل ذلك اي شخص من قبل .,no one's ever said that before.,it wasn't any person before.,low overlap
لم تكن تنوي ان تُطعّم طفلها ضد شلل الاطفال . مستحيل.,"she wasn't going to vaccinate her kid against polio, no way.",it wasn't being able to teach her child against polio.,adequate
جيد .,fine.,good.,low overlap
لماذا ؟ لان مرض شلل الاطفال غير متواجد . و اتعرفون ؟,why? because we don't have polio. and you know what?,why? because the polio eradication is no. and you know?,adequate
لم يكن عندنا شلل الاطفال امس في هذا البلد .,we didn't have polio in this country yesterday.,we didn't have polio the children in this country.,adequate
"اليوم , انا لا اعرف , من الممكن ان هناك رجل ما في لاغوس علي متن طائرة هذا الصباح , وهو في طريقه الي مطار لوس انجلوس , هو يحلق الان فوق ولاية اوهايو .","today, i don't know, maybe a guy got on a plane in lagos this morning, and he's flying to lax, right now he's over ohio.","today, i don't know, maybe there's a man in lagos on the morning, and it's the way to los angeles, he's flying over the state or alzheimer's.",adequate
"وهو سوف يهبط خلال ساعات , ربما سيؤجر سيارة , وياتي الي لونغ بيتش , وانه ينوْي ان يحضر واحد من عشاء مؤتمرات تيد الرائعة هذه الليلة .","and he's going to land in a couple of hours, he's going to rent a car, and he's going to come to long beach, and he's going to attend one of these fabulous ted dinners tonight.","and he's going to slow through hours, maybe it's a car, and comes back to the color of the house, and it gives me one of one of the ted dinner. this night.",repetition
"وانه لا يعلم انه حامل عدوي فيروس مرض شلل الاطفال , واننا نحن ايضاً لا نعْلم لان تلك هي السببية او كيف يسير العالم .","and he doesn't know that he's infected with a paralytic disease, and we don't either because that's the way the world works.","and it doesn't know that it's a number of polio virus, and that we also don't mean, because that's why it works or how the world works.",adequate
هذا هو كوكبنا الذي نعيش فيه . لا تتظاهروا انه ليس كذلك .,that's the planet we live on. don't pretend it isn't.,this is our planet that we live. they don't pretend that it's not.,adequate
"الان , نحن نود ان نُغَلف انفسنا باكاذيب . نحب ان نفعل ذلك .","now, we love to wrap ourselves in lies. we love to do it.","now, we want to sing ourselves to torture. we love to do that.",adequate
هل اخذ كل واحد منكم فيتاميناته هذا الصباح ؟,everyone take their vitamins this morning?,do you take every one of the vitamin of this morning?,over-generation
"اعشاب , قليل من مضادات التاكسد لتساعدكم علي النشاط .","echinacea, a little antioxidant to get you going.","you know, it's a little bit of integrative habits to help you on activity.",adequate
انا اعرفكم انكم فعلتم لان نصف الامريكيين يفعلون ذلك يومياً.,i know you did because half of americans do every day.,i know you know you're doing because half americans do it every day.,adequate
"انهم ياخذون المقويات , وايضا ياخذون الادوية البديلة ، ولا يهم كم هم معتادون نحن نكتشف ان هذه الاشياء غير مفيدة .","they take the stuff, and they take alternative medicines, and it doesn't matter how often we find out that they're useless.","they take the contents, and they also take the drugs, and it doesn't matter how much they're thinking that these things aren't useful.",adequate
المعلومات توضح ذلك طوال الوقت .,the data says it all the time.,information shows all the time.,adequate
انها فقط تجعل البول بلون غامق . انها في الغالب لا تفعل اكثر من ذلك .,they darken your urine. they almost never do more than that.,it's just making a mysterious but they're often not doing more than that.,adequate
"لا باس, تريدون ان تدفعوا 28 مليار دولار لبول غامق ,","it's okay, you want to pay 28 billion dollars for dark urine?","don't, you want to pay two billion dollars a mystery.",adequate
انا معكم تماماَ .,i'm totally with you.,i'm completely with you.,adequate
بول غامق . غامق .,dark urine. dark.,paul's. he's a mystery.,low overlap
لماذا نفعل ذلك ؟ لماذا نفعل ذلك ؟,why do we do that? why do we do that?,why do we do that? why do you do it?,adequate
"حسناَ , انا اعتقد انني افهم , اننا نكره الصيدليات الكبيرة .","well, i think i understand, we hate big pharma.","well, i think i understand, that we hate the big operations.",adequate
نكره الحكومات الكبيرة . اننا لا نثق بالرجل .,we hate big government. we don't trust the man.,we hate governments. we don't trust the guy.,adequate
وهذا هو المفترض . نظامنا للرعاية الصحية سيء للغاية .,and we shouldn't: our health care system sucks.,and that's supposed. our system of health care system is very bad.,adequate
انه مُرهق لملايين من الناس .,it's cruel to millions of people.,it's a couple of millions of people.,adequate
انه بالتاكيد نظام غير صديق لا يعمل للصالح العام ومحطم للروح للذين لا يملكون المال اللازم له .,it's absolutely astonishingly cold and soul-bending to those of us who can even afford it.,it's certainly not a friend who doesn't work on the last year and the soul of those who don't have the money for him.,adequate
"لذا فاننا نهرع منه , والي اين نذهب ؟","so we run away from it, and where do we run?","so we're the river of it, and where are we going?",adequate
نحن نرتمي في احضان اي دواء وهمي معروف .,we leap into the arms of big placebo.,"we're denied in any clinical drug, and they're known.",low overlap
ذلك رائع . انا احب الادوية الوهمية.,that's fantastic. i love big placebo.,that's great. i love the illusion.,adequate
"لكن , اتعرفون , انه لشيء خطير فعلاَ لان هذه الاشياء ليست جيدة , ونحن ننفق مليارات الدولارات عليها .","but, you know, it's really a serious thing because this stuff is crap, and we spend billions of dollars on it.","but, you know, it's a really dangerous thing because these things aren't good, and we spend billions of dollars.",adequate
ومعي هنا كل انواع الوسائل المساعدة .,and i have all sorts of little props here.,and i'm aware here all sorts of help.,adequate
"ليس باي منها -- جينكجو , خداع , اشينكا , خداع اساي , انا حتي لا اعرف ما هو لكننا ننفق مليارات من الدولارات عليها , انه خداع .","none of it ... ginkgo, fraud; echinacea, fraud; acai -- i don't even know what that is but we're spending billions of dollars on it -- it's fraud.","it's not any of them -- jennifer, deception, don't even know what we're spending billion dollars on it, that's deception.",adequate
"اوتعرفون ؟ عندما اقول هذه الاشياء , الناس تصرخ في , قائلين , "" لماذا تهتم ؟ دعْ الناس تفعل ما يريدون .","and you know what? when i say this stuff, people scream at me, and they say, ""what do you care? let people do what they want to do.","or you know? when i say these things, people screaming, ""what do you care?"" people want to do what they want.",adequate
"انه يجعلهم يحسون احساس جيد . ""","it makes them feel good.""",it makes them feel good.,adequate
اوتعرفون ؟ انكم مخطئون .,and you know what? you're wrong.,or you know? you're wrong.,adequate
"لانني لا اهتم اذا خرج علينا وزير الصحة والخدمات الانسانية الذي يقول , "" امم , انا لن اخذ بالدليل لخبرائي علي جهاز كشف سرطان الثدي , "" او احد المخادعين الذي يريد معالجة مريضه بالسرطان بغسيل المعدة بالقهوة .","because i don't care if it's the secretary of hhs who's saying, ""hmm, i'm not going to take the evidence of my experts on mammograms,"" or some cancer quack who wants to treat his patient with coffee enemas.","because i don't care if we go out and the human health services that says, ""mah, i'm not going to take the evidence of breast cancer on the breast cancer, or one of the brain is treated with the patient's patients.",adequate
عندما تبدا طريق الانحدار حيث تؤمن بالقوي الخارقة وتبدل الادلة والعلم حينها تنتهي الي مكان لا تريد ان تتواجد به .,"when you start down the road where belief and magic replace evidence and science, you end up in a place you don't want to be.","when you start through the wall, where you believe in the irony, the evidence, and the evidence will end up to a place where you don't want to do.",adequate
يمكن ان ينتهي بك الحال عند تابو مبيكي في جنوب افريقيا .,you end up in thabo mbeki south africa.,you can end up at south africa in south africa.,adequate
لقد قتل 400 الف من اهله باصراره علي ان البيتروت الثوم و زيت الليمون كانوا اكثر تاثيراً من نوع من الادوية الذي نعرف انه يستطيع ان يبطئ من تاثير الايدز .,"he killed 400,000 of his people by insisting that beetroot, garlic and lemon oil were much more effective than the antiretroviral drugs we know can slow the course of aids.","he killed 400,000 people with his secrets on the house and meat, and the night oil was more powerful than the pharmaceutical drugs we know that it could slow down the effects of hiv.",adequate
مئات من الالاف من الوفيات التي لا ضرورة لها في دولة عانت كثيراَ اكثر من اي دولة من هذا المرض .,hundreds of thousands of needless deaths in a country that has been plagued worse than any other by this disease.,hundreds of thousands of deaths that don't need to have a country a lot more than any country than this disease.,adequate
"من فضلكم , لا تقولوا لي انه ليس هناك مضاعفات لهذه الاشياء .","please, don't tell me there are no consequences to these things.","please, don't say it's not that there's no risk of these things.",adequate
لها تبعات . دائماَ لها تبعات .,there are. there always are.,it's always follows. they're always follow.,adequate
"الان , الوباء الاكثر ضرراً الذي نعاني منه الان هي هذه المعركة السخيفة بين المؤيدين للغذاء المعدل جينياً وبين صفوة مؤيدين الاغذية الطبيعية .","now, the most mindless epidemic we're in the middle of right now is this absurd battle between proponents of genetically engineered food and the organic elite.","now, the most important epidemic that we have now is this terrible movement between the metal food supply of metal food and between normal foods.",adequate
انه جدل غبي . لابد له ان يتوقف .,it's an idiotic debate. it has to stop.,it's very stupid. it must have to stop.,adequate
"انها مناظرة عن الكلمات , عن التلاعب بها .","it's a debate about words, about metaphors.","it's a debate about words, about manipulation.",adequate
"انها ايديلوجيا , انها ليست علم .","it's ideology, it's not science.","it's no alternative, they're not science.",adequate
"كل شئ ناكله , كل حبة ارز , كل قطعة صغيرة من الاعشاب , كل ثمرة كرنب قد عُدلت بواسطة الانسان .","every single thing we eat, every grain of rice, every sprig of parsley, every brussels sprout has been modified by man.","everything we eat it, every single piece of woods, every little piece of the grass, and then the bombed up with the human being.",adequate
"اتعرفون , لم يكن هناك تانجرين في جنة عدن .","you know, there weren't tangerines in the garden of eden.","you know, there wasn't a couple of cities in jorden.",adequate
لم يكن هناك اي كنتالوب . لم يكن هناك اشجار عيد الميلاد . نحن صنعناها كلها .,there wasn't any cantaloupe. there weren't christmas trees. we made it all.,there wasn't any demand. there was no christmas trees. we made it all.,adequate
"نحن صنعناها خلال ال 11,000 عاماً الاخيرة .","we made it over the last 11,000 years.","we made it through 11,000 years.",adequate
وبعض هذه الاشياء نجحت وبعضها لم ينجح .,"and some of it worked, and some of it didn't.",some of these things worked and some of them didn't work.,adequate
تخلصنا من الاشياء التي لم تنجح .,we got rid of the stuff that didn't.,we get rid of the things that didn't work.,adequate
"الان نستطيع ان نصنعها ببراعة وتقنية اكثر . وهناك مخاطر , بالتاكيد . لكننا نستطيع ان نضع شئ مثل فيتامين ""ا"" بالارز , وهذا الشئ يمكن ان يساعد الملايين من الناس , ملايين من البشر , لاطالة اعمارهم .","now we can do it in a more precise way -- and there are risks, absolutely -- but we can put something like vitamin a into rice, and that stuff can help millions of people, millions of people, prolong their lives.","now we can create it with more and technology, and there's the risk of course, but we can put something like vitamin, and that's something that can help millions of people, million people, millions of human lives.",repetition
الا تريدون ان تفعلوا ذلك ؟,you don't want to do that?,don't you want to do that?,adequate
"انا لابد ان اقول , انا لا افهم ذلك .","i have to say, i don't understand it.","i have to say, i don't understand that.",adequate
نحن نعترض علي الغذاء المعْدل جينياً .,we object to genetically engineered food.,we're taking advantage to the problem with genesis.,low overlap
لماذا نعترض علي ذلك ؟,why do we do that?,why don't we put that?,adequate
"حسناَ , الاشياء التي اسمعها تكراراً هي : مواد كيميائية كثيرة , مبيدات افات , هرمونات , الزراعة الاحادية , نحن لا نريد مزارع كبيرة من الشيئ الواحد , ذلك خطا .","well, the things i constantly hear are: too many chemicals, pesticides, hormones, monoculture, we don't want giant fields of the same thing, that's wrong.","well, the things that we're being sold, is a lot of chemicals, chemicals, water, agriculture, we don't want to accelerate one thing, that's wrong.",adequate
نحن لا نكّون شركات لتسجيل براءات اختراع للحياة .,we don't companies patenting life.,we don't have companies to record the invention of life.,over-generation
نحن لا نريد تكوين شركات تمتلك البذور .,we don't want companies owning seeds.,we don't want to create seeds companies.,adequate
وتعرفون ما هو ردي علي كل ذلك ؟,and you know what my response to all of that is?,and you know what do you know?,adequate
"نعم , انتم علي حق . دعونا نصلحها .","yes, you're right. let's fix it.","yes, you're right. let's fix it.",adequate
"انها حقيقة , هناك مشكلة غذاء كبيرة لدينا , لكن هذا ليس علم .","it's true, we've got a huge food problem, but this isn't science.","it's true, there's a big food problem, but that's not science.",adequate
هذا ليس له علاقة بالعلم .,this has nothing to do with science.,that's not a relationship with science.,adequate
"انه قانون , انه شئ اخلاقي , انه شئ حقوقي .","it's law, it's morality, it's patent stuff.","he's law, it's a moral thing, that's true.",adequate
انتم تعلمون ان العلم ليس شركة .,you know science isn't a company.,"you know, science is not a company.",adequate
انه ليس دولة .,it's not a country.,it's not a country.,adequate
"انه ليس حتي فكرة , انه استمرارية للتقدم .",it's not even an idea; it's a process.,"it's not even the idea, he's listening to the progress.",adequate
"انه عملية , واحياناَ ينجح واحياناً اخري لا ينجح , لكن الفكرة التي تقول بانه ينبغي ان لا نسمح للعلم بان يقوم بوظيفته بسبب اننا خائفون , هي فعلاً فكرة مسْكنة للغاية , وانها تمنع ملايين من البشر من الازدهار .","it's a process, and sometimes it works and sometimes it doesn't, but the idea that we should not allow science to do its job because we're afraid, is really very deadening, and it's preventing millions of people from prospering.","it's a process, and sometimes it works and sometimes they don't work, but the idea that the idea should not allow us to allow him to recruit it because we're afraid that we are really afraid, is really an idea of a lot of humans, and it prevent millions of prosperity.",repetition
"اتعرفون , في الخمسين عاماً القادمة علينا يجب علينا زراعة غذاء بنسبة 70 % اكثر مما نفعل الان , 70 % .","you know, in the next 50 years we're going to have to grow 70 percent more food than we do right now, 70 percent.","you know, in the next 50 years we have to grow food by 70 percent more than we do now, 70 percent.",adequate
هذا الاستثمار في افريقيا خلال الثلاثين عاماً الماضية .,this investment in africa over the last 30 years.,this investment in africa in the last 30 years.,adequate
"انهم يحتاجونه , ونحن لا نعطيه لهم .","they need it, and we're not giving it to them.","they need it, and we don't give them.",adequate
ولماذا ؟ غذاء معدل جينياً .,and why? genetically engineered food.,and why? the rate is the rate of a gene.,over-generation
"اننا لا نريد ان نُشجع الناس لتاكل ذلك الشئ الفاسد , مثل الكاسافا علي سبيل المثال .","we don't want to encourage people to eat that rotten stuff, like cassava for instance.","we don't want to encourage people to eat this stuff, like a struggle for example.",adequate
الكاسافا شيئ ياكله نصف مليار من البشر .,cassava's something that half a billion people eat.,it's enough to eat half billion people.,adequate
انها نوع من البطاطس .,it's kind of like a potato.,it's kind of potatoes.,adequate
تحتوي الكثير من السعرات الحرارية . انها سيئة .,it's just a bunch of calories. it sucks.,it has a lot of thermodynamics. it's bad.,adequate
"انها لا تحتوي علي نيتروجين , لا تحتوي علي بروتين , والعلماء يعملون علي هندسة كل ذلك ليكون بداخلها الان .","it doesn't have nutrients, it doesn't have protein, and scientists are engineering all of that into it right now.","it doesn't have hydrogen sulfide, has no protein, and scientists working on engineering all that to be inside now.",adequate
وعندها سيكون بامكان الناس اكلها دون ان يصابوا بالعمي .,and then people would be able to eat it and they'd be able to not go blind.,and then it's going to be able to eat it without being able to do with my dream.,adequate
"لن يتضوروا جوعاً , اوتعرفون ؟","they wouldn't starve, and you know what?","let's go away, or you know?",low overlap
"سيكون شيئ جيد . لن يكون مثل شيز بانسي , لكنه سيكون شيئ لذيذ .","that would be nice. it wouldn't be chez panisse, but it would be nice.",it's going to be a good thing. it won't be something that you're going to eat.,adequate
وكل ما استطيع قوله عن هذا : لماذا نحاربه ؟,and all i can say about this is: why are we fighting it?,and all i can say about this: why do we love?,adequate
"اقصد , دعونا نسال انفسنا : لماذا نحاربه ؟","i mean, let's ask ourselves: why are we fighting it?","i mean, let's ask ourselves: why do we love?",adequate
لاننا لا نريد ان نُحرك الجينات داخلها ؟,because we don't want to move genes around?,because we don't want to leave the genes inside?,adequate
هذا عن تحريك الجينات عن مكانها . لا يتعلق بالمواد الكيميائية .,this is about moving genes around. it's not about chemicals.,this is moving the genes on the place. it's not about chemical materials.,adequate
"ان ذلك ليس له علاقة بشغَفنا السخيف بالهرمونات , ان هدفنا هو ان نحصل علي طعام بكميات اكبر , طعام اجود , طعام مُتفرد .","it's not about our ridiculous passion for hormones, our insistence on having bigger food, better food, singular food.","that's not having a relationship with the essence of the hormones, that our goal is that our target is that we get food more food, food, expensive food.",repetition
"ان هذا ليس مثل ارز كرسبيس , هذا للحفاظ علي البشر احياء , وايضا انه الوقت الصحيح حيث بدانا نفهم ماذا يُعني ذلك .","this isn't about rice krispies, this is about keeping people alive, and it's about time we started to understand what that meant.","that's not like a predator-like thing, this is to keep human beings alive, and also it's the right time where we started to understand what it means.",adequate
"بسبب , اتعرفون ؟","because, you know something?","because, you know?",adequate
"اذا لم نفعل , اذا استمرينا نتصرف بنفس الطريقة مثلما نفعل , فاننا مذنبون في شيئ لا اعتقد اننا نريد ان نكون مذنبون فيه , استعمار عبر التكنلوجيا المتقدمة.","if we don't, if we continue to act the way we're acting, we're guilty of something that i don't think we want to be guilty of: high-tech colonialism.","if we don't do, if we listen to the same way we do, we're talking about something that we didn't want to be the comet, we borrowing across the technology.",adequate
لا يوجد هناك اي طريق اخر لنصف به ما يحدث هنا .,there's no other way to describe what's going on here.,there's no other way to describe what's happening here.,adequate
"انها انانية ,انها قبح , انها كامنة فينا، ونحن حقيقةً نحتاج ان نوقفها .","it's selfish, it's ugly, it's beneath us, and we really have to stop it.","it's self-interest, they're just as an artist in us, and we really need to stop.",adequate
"لذا بعد هذه المحادثة الطريفة الرائعة , من المحتمل ان تودوا ان تقولوا , "" حسناَ , هل مازلت تريد ان تدخل الي الة الزمن السخيفة تلك وتذهب للمستقبل ؟ ""","so after this amazingly fun conversation, you might want to say, ""so, you still want to get in this ridiculous time machine and go forward?""","so after this wonderful conversation, you might like to say, ""well, do you want to go into time and go back to the future?""",adequate
"بالتاكيد . بالتاكيد , اود ان افعل .","absolutely. absolutely, i do.","of course, i'd like to do.",adequate
"انها معلقة في الحاضر الان , لكننا امامنا فرصة عظيمة .","it's stuck in the present right now, but we have an amazing opportunity.","it's a conversation in the present now, but we have a great opportunity.",adequate
نستطيع ان نجهز الة الزمن هذه لاي شئ نريده .,we can set that time machine on anything we want.,we can go through time machine that doesn't want anything.,adequate
"نستطيع ان نتحرك بها الي اي مكان نريد ان نذهب اليه , وسوف نتحرك بها الي حيثما نريد ان نذهب .","we can move it where we want to move it, and we're going to move it where we want to move it.","we can move it into any place we want to go, and we're going to move into where we need to go.",adequate
"لابد لنا من هذه المحادثات والمناقشات , لابد لنا ان نفكر بها , لكن عندما ندخل الي الة الزمن ونتحرك بها لهدفنا , سنكون في طريقنا للسعادة , سنفعل .","we have to have these conversations and we have to think, but when we get in the time machine and we go ahead, we're going to be happy we do.","we've got to give us these conversations and discussions, we have to think about it, but when we enter into a machine and move it into our purpose, we're going to keep happiness, we going to do.",adequate
"انا اعرف اننا نستطيع , و بقدر ما انا مهتم , انه شئ يحتاجه العالم الان .","i know that we can, and as far as i'm concerned, that's something the world needs right now.","i know we can, and as much as i'm interested, is something that the world needs now.",adequate
اشكركم . اشكركم .,thank you.,"thank you, thank you.",over-generation
احد كتاب الاعمدة الصحفية في صحيفة لوس انجليس ستيف لوبيز كان يوماً يسير في احدي طرق وسط المدينة في لوس انجليس عندما سمع موسيقي جميلة جداً,"one day, los angeles times columnist steve lopez was walking along the streets of downtown los angeles when he heard beautiful music.","one of the media is hidden in los angeles newspaper, steve if he was going on in the middle of the city in los los angeles, when he had a beautiful music music.",repetition
كانت تصدر من رجلٍ رجلٍ امريكي من اصل افريقي ساحر .. مُعدم ... مُشرد يعزف علي كمان يحوي فقط وترين,"and the source was a man, an african-american man, charming, rugged, homeless, playing a violin that only had two strings.","she was a man who was a american guy who was in my coastalie, not only play as a manner.",repetition
"وقد دفعت ناثانيل لترك جوليارد وعاني من انهيار تام لاحقاً وبعد 30 عاماً اصبح بلا ماوي بين اروقة شوارع منتصف مدينة لوس انجليس في "" سكيد رو ""","nathaniel dropped out of juilliard, he suffered a complete breakdown, and 30 years later he was living homeless on the streets of skid row in downtown los angeles.","and it took us methane to julian julia, and it's a total, and then 30 years later, after 30 years, it became -- the streets of the middle of los angeles city in los angeles.",adequate
"وانا احثكم جميعاً علي قراءة كتاب "" ستيف "" او مشاهدة الفلم الذي صدر عنه لكي تستطيعوا ان تفهم الرابط الجميل الذي تشكل بين هذين الرجلين وكيف ساعدت الموسيقي علي تشكيل هذا الرابط وقد لعبت دوراً فعالاً جداً .. حبذا لو عذرتموني في كلمات التعبير التالي ولمساعدة ناثانيل للخروج من الشوارع","i encourage all of you to read steve's book or to watch the movie to understand not only the beautiful bond that formed between these two men, but how music helped shape that bond, and ultimately was instrumental -- if you'll pardon the pun -- in helping nathaniel get off the streets.","and i urge you all to read a book, steve or watching the movie that you can understand the beautiful link between these two things, and how do i call this link, and i played a very efficient role, and it's very effective, if you don't know the next words of the next to help me.",repetition
قابلت السيد ناثانيل في عام 2008 منذ عامين في قاعة تستضيف حفلاً لولت ديزني,"i met mr. ayers in 2008, two years ago, at walt disney concert hall.","i met methaneania in 200 years ago in the hall, a bunch of detrodney.",adequate
وكان قد ادي للتو معزوفة بتهوفن الاولي والرابعة ومن ثم وخلف الكواليس تعرف عليه,"he had just heard a performance of beethoven's first and fourth symphonies, and came backstage and introduced himself.","and he was just isolated from his first garage and a bridge, and then the next class, and he knew about it.",adequate
"وقد كان يتحدث بروح مرحة واجتماعية للغاية عن "" يويو ما "" وعن "" هيلاري كلينتون "" وكيف ان فريق "" الدوجرز "" لن يصل الي بطولة العالم كُل هذا بسبب ان عازفي الكمان اجادوا المقطع الاول من القسم الاخير من السيمفونية الرابعة لبيتهوفين","he was speaking in a very jovial and gregarious way about yo-yo ma and hillary clinton and how the dodgers were never going to make the world series, all because of the treacherous first violin passage work in the last movement of beethoven's fourth symphony.","and he was talking to him, and he's very excited about ""what,"" and he said, ""no, and how do we call the word ""the son of the world's not going to be done because of this is because it's the number one of the first part of the last 50 percent of the day.",repetition
"ومن ثم تحدثنا عن الموسيقي , وبعدة عدة ايام راسلت الصحفي ستيف اُخبره ان ناثانيل مهتم بدروس للعزف علي الكمان معي","and we got talking about music, and i got an email from steve a few days later saying that nathaniel was interested in a violin lesson with me.","and then we talked about music, and several days, steve i told him that methane, i had to play quantum mechanics with me.",adequate
"ويجب ان اذكر لكم ان ناثانيل رفض العلاج لان العلاج في المصحة كان يتضمن علاجاً بالصدمات وقيود ايدي و عقار "" ثورازين "" وبقي ذلك مؤثراً عليه ويرافقه طيلة حياته","now, i should mention that nathaniel refuses treatment because when he was treated it was with shock therapy and thorazine and handcuffs, and that scar has stayed with him for his entire life.","and i've got to tell you that methane, it refused to treatment, because the treatment of treatment were holding in terms of service and service, and a penisode, and that's a sense of him, and he agreed with his life.",adequate
ولكن اليوم ونتيجة لهذا فهو معرض لتلك الحالات من الانفصام واسوء ما قد يحدث نتيجة لهذا هو انفجاره بصورة ما ومن ثم اختفاءه لعدة ايام متجولا في شوارع سكيد رو معرضاً نفسه للخطر .. في مواجهة عذابه الفكري الخاص والذي يخرج امامه كل حين,"but as a result now, he is prone to these schizophrenic episodes, the worst of which can manifest themselves as him exploding and then disappearing for days, wandering the streets of skid row, exposed to its horrors, with the torment of his own mind unleashed upon him.","but today, as a result of this, it's an exhibition of the nose, and worse, what happens to this is a result, and then he disappearing for many days in the streets of scott's monitorium, an exhibition itself in the front of his mouth, and it comes out in front of the time.",repetition
لقد كان ناثانيل في حالة من الاثارة عندما بدانا درسنا الموسيقي الاول في قاعة حفلات ولت ديزني وقد كان يملك نظرة هوس براقة في عينيه تشعرك انه ضائع,"and nathaniel was in such a state of agitation when we started our first lesson at walt disney concert hall -- he had a kind of manic glint in his eyes, he was lost.","it was methane in the case of the excitement when we started studying the first music in the party hall, and i had a look at me, and he had a viewer in his eyes of his eyes.",repetition
وكان يتحدث دوماً عن الشياطين والادخنة الغير مرئية وكيف ان احدهم حاول تسميمه اثناء نومه,"and he was talking about invisible demons and smoke, and how someone was poisoning him in his sleep.","and he was always talking about the ships and the non-year-old, and how someone tried to be trying to intimate during the day.",adequate
وكنت خائفاً ليس علي نفسي .. انما من احتمال ان اخسره جراء غرقه في احدي حالاته التي كان يمر بها وانني سوف اُدمر علاقته مع الكمان ان بدات التحدث عن المعطيات والجداول والاصوات التتابعية والاشكال الاخري المثيرة لعلم التربية بواسطة الكمان,"and i was afraid, not for myself, but i was afraid that i was going to lose him, that he was going to sink into one of his states, and that i would ruin his relationship with the violin if i started talking about scales and arpeggios and other exciting forms of didactic violin pedagogy.","and i was afraid to myself, it's probably the probability of his brother in one of his cases that he was going to go through, and i'm going to be able to talk about the data and to speak about data and friends and the other forms.",repetition
لذا بدات بالعزف علي الفور,"so, i just started playing.",so i started playing right away.,adequate
وعزفت القسم الاول من مقطوعة بيتهوفين بواسطة الكمان,and i played the first movement of the beethoven violin concerto.,and the first part of the first piece of his house with quantum mechanics.,adequate
وانا اعزف استطعت ان اعيَّ تغيراً يحدث في عينيّ ناثانيل,"and as i played, i understood that there was a profound change occurring in nathaniel's eyes.",and i'm playing with a change that's happening in the eyes of methane.,adequate
كان الامر كما لو انه حصل علي جرعة خفية من الادوية مما انتج ردة فعل كيميائية تجاه الموسيقي التي اعزف والتي كانت المُحفز لردة الفعل تلك,"it was as if he was in the grip of some invisible pharmaceutical, a chemical reaction, for which my playing the music was its catalyst.",it was like that if he had a hidden farm of drugs from the pharmaceutical response to the music that played was jump to the task.,adequate
وتحول هوس ناثانيل بالغضب الي نوع من الفهم والوعي مع قليل من الفضول والراحة,"and nathaniel's manic rage was transformed into understanding, a quiet curiosity and grace.",and it's a nathan ethan with a kind of understanding and consciousness with a little bit of curiosity and surgery.,adequate
"وكمعجزة .. رفع الة الكمان الخاصة به وبدا يعزف تبعاُ لسمعه بعض مقاطع من حفلة الكمان ومن ثم طلب مني ان اكمل العزف ,, ان اعزف "" مينديلسون "" تشايكوفيسكي , سيبيلوس","and in a miracle, he lifted his own violin and he started playing, by ear, certain snippets of violin concertos which he then asked me to complete -- mendelssohn, tchaikovsky, sibelius.","and as a little bit, i lift the quantum machine, and he began playing with some clips of quantum clips, and then he asked me to play, to play ""the pounder.""",adequate
"ومن ثم تحدثنا عن الموسيقي وتحدثنا عن "" باخ "" و "" بيتهوفين "" و "" برهامز "" "" برنكنير "" وكل العازفين الذي يبدا اسمهم بحرف الباء من "" بارتوك , وصولاً الي "" عيسي بيكا سالونين ""","and we started talking about music, from bach to beethoven and brahms, bruckner, all the b's, from bartók, all the way up to esa-pekka salonen.","and then we talked about music and talked about it says, ""the householder's loyalty"" -- and all of the name of them started with a barbacle, and i said, ""you've asked me.""",adequate
وقد ادركت حينها ليس فقط انه موسوعة معلومات موسيقية انما انه ايضاً مرتبط الي كل تلك الموسيقي بصورة شخصية ومباشرة,"and i understood that he not only had an encyclopedic knowledge of music, but he related to this music at a personal level.","and i realized that it wasn't just a piece of music, it's also connected to all that music, in a character.",adequate
وقد تحدث عنها بشغف .. ووعي وفهم كما اتحدث انا مع زملائي في جمعية محبي الموسيقي في لوس انجليس,he spoke about it with the kind of passion and understanding that i share with my colleagues in the los angeles philharmonic.,"and he talked about it, and awareness, as i'm talking with my colleagues in the class of music in los angeles.",adequate
"وعبر العزف والتحدث عن الموسيقي تغير الرجل من رجل مصاب بالرهاب رجلٍ مضطرب والذي كان يجول شوارع وسط مدينة لوس انجليس الي رجل ساحر , ضليع المعرفة ذكي , موسيقي متدرب في جوليارد","and through playing music and talking about music, this man had transformed from the paranoid, disturbed man that had just come from walking the streets of downtown los angeles to the charming, erudite, brilliant, juilliard-trained musician.","and he was playing and talking about music, a man has a man who had a double man who was hit the streets of los angeles city in los angeles to a man, an intelligent music, in julian music.",repetition
ان الموسيقي دواء . ان الموسيقي تغيرنا,music is medicine. music changes us.,"music, the music is that the music change.",adequate
وبالنسبة لناثانيل كانت الموسيقي هي الصحة العقلية,"and for nathaniel, music is sanity.",and for us methane was the mental health of our mental health.,over-generation
لان الموسيقي كانت تسمح له بتحويل افكاره واوهامه وتشذيبها عبر خياله وابداعه الي الواقعية,"because music allows him to take his thoughts and delusions and shape them through his imagination and his creativity, into reality.",the music was allow him to turn his ideas and his thoughts and tortured through his imagination and started his imagination.,adequate
وكان هذا هو مهربه من حالته الهوسية التي كانت تعذب نفسه,and that is an escape from his tormented state.,"and this was a vagina monitorium, which was tortured himself.",low overlap
وقد استوعبت ان هذا هو دور الفن حقاً وجوهره,and i understood that this was the very essence of art.,and i came back to this is really the role of art and the core of his core.,adequate
"وهذا هو السبب الحقيقي الذي يجعلنا نصنع الموسيقي وباستيعاب هذا الشيء الذي يحيط بنا دائما في منتصف نواة عواطفنا .. الاساسية وعبر كل مناظرينا الفنية وعبر ابداعنا , فنحن قادرون علي ان نشذب ونحول تلك العواطف الي حقيقة","this was the very reason why we made music, that we take something that exists within all of us at our very fundamental core, our emotions, and through our artistic lens, through our creativity, we're able to shape those emotions into reality.","and that's the real reason that makes us create music, and in this thing that we've always surrounding us in the middle of our emotions and our basic emotions, and all of our art and creative, we're creative, and we are able to lie, and they're able to attract those emotions to the reality.",repetition
و واقعية ذلك التعبير عن المشاعر سيصل الي الجميع حتماً ويحركهم .. ويُلهمهم ويوحدهم,"and the reality of that expression reaches all of us and moves us, inspires and unites us.","and the reality of that emotions are going to get everybody and move them, and they're all conscious.",adequate
وبالنسبة لناثانيل فقد اعادته الموسيقي الي اصدقائه الكثر,"and for nathaniel, music brought him back into a fold of friends.","and for us methane, he lost his music to his friends.",adequate
وقد اعادته قوتها - الموسيقي - المسيطرة الي عائلة الموسيقين الذين يفهمونه ويقدرون موهبته ويحترمونه,"the redemptive power of music brought him back into a family of musicians that understood him, that recognized his talents and respected him.",and he lost his textbook -- the christian family in the music of the people who understand and read him and appreciate him and respect it.,adequate
"وسوف اعزف دوما الموسيقي مع ناثانيل سواء كنا في حفل لولت ديزني او كنا في شوارع ""سكيد رو "" لانه يذكرني بالسبب الذي جعل مني موسيقياً","and i will always make music with nathaniel, whether we're at walt disney concert hall or on skid row, because he reminds me why i became a musician.","and i'm going to play music with methane, whether we've been at a party party, or we were in the streets of a soul, because it reminds me of the reason that made me feel like to me physically.",adequate
شكراً,thank you.,thank you.,adequate
برونو جيساني : شكراً . شكراً,bruno giussani: thank you. thanks.,bruno giussani: thank you.,adequate
روبرت جوبتا,robert gupta.,robert bakland.,adequate
روبرت جوبتا : اريد ان اعزف شيئا للاسف سرقته من عازف كمان,robert gupta: i'm going to play something that i shamelessly stole from cellists.,"october: i want to play something unfortunately, i'd like to play a sense of his secretly.",adequate
لذا اعذروني .. من فضلكم,"so, please forgive me.","so you know, please.",low overlap
انا جين مك جونيجال. انا مصممة العاب,i'm jane mcgonigal. i'm a game designer.,i'm jenniferate. i designed games.,low overlap
انني اصنع الالعاب منذ ١٠ سنوات وهدفي للعقد القادم هو محاولة تسهيل انقاذ العالم الحقيقي كما هو الحال لانقاذ العالم الافتراضي,"i've been making games online now for 10 years, and my goal for the next decade is to try to make it as easy to save the world in real life as it is to save the world in online games.","i'm making games for 10 years ago, and in the next decade is trying to save the real life as well as it is because the virtual world.",adequate
الان، انا لديَّ خطة لذلك وتقتضي اقناع اناس اكثر بما فيهم جميع الحضور، لامضاء وقت اكثر للعب العاب اكبر وافضل,"now, i have a plan for this, and it entails convincing more people, including all of you, to spend more time playing bigger and better games.","now, i have a plan, so i've got a plan to convince people more people than all of the audience, to spend more time of playing games and preferred.",adequate
نحن الان نمضي ثلاثة بلايين ساعة اسبوعيا في الالعاب الجماعية,right now we spend three billion hours a week playing online games.,we're now going to take three billion hours a week in the collective games.,adequate
بعضكم قد يعتقد هذه فترة طويلة جدا للعب,"some of you might be thinking, ""that's a lot of time to spend playing games.",some of you may think this is very long period of playing.,adequate
اكثر من اللازم، اذا نظرنا الي عدد المشاكل العاجلة التي نحتاج الي اصالحها في الحقيقة,"maybe too much time, considering how many urgent problems we have to solve in the real world.""","more than the men, if we look at the number of hard problems that we need to self-interest in fact.",adequate
"ولكن، استنادا الي بحثي، في ""معهد للمستقبل""، فالعكس هو الصحيح.","but actually, according to my research at the institute for the future, actually the opposite is true.","but, we came back to my research, in the future, the reality of the right thing.",adequate
فثلاثة بلايين ساعة ليست بالوقت الكافي من اللعب لحل مشكلات العالم المستعجلة.,three billion hours a week is not nearly enough game play to solve the world's most urgent problems.,three billion hours don't have enough time to solve the problems that are annoying.,adequate
في الواقع، فانا اؤمن باننا لو اردنا الحياة لقرن قادم علي هذا الكوكب، علينا زيادة ذلك الاجمالي بشكل كبير.,"in fact, i believe that if we want to survive the next century on this planet, we need to increase that total dramatically.","in fact, i believe that if we want life to poverty on this planet, we have to increase this huge increase.",adequate
ولقد حسبت الاجمالي المطلوب بحوالي ٢١ بليون ساعة لعب كل اسبوع.,i've calculated the total we need at 21 billion hours of game play every week.,and i've been based on the work that's required by about 21 billion hours a week play every week.,adequate
اذا، قد تكون هذه الفكرة غير منطقية بعض الشيء، لذا، ساقولها مجددا، علَّها تثبت. اذا اردنا حل مشكلات مثل المجاعات، الفقر، تغير المناخ، الصراعات الدولية، السمنة، اعتقد اننا في حاجة الي التطلع الي اللعب علي الانترنت ما لا يقل عن ٢١ بليون ساعة اسبوعياً،,"so, that's probably a bit of a counter-intuitive idea, so i'll say it again, let it sink in: if we want to solve problems like hunger, poverty, climate change, global conflict, obesity, i believe that we need to aspire to play games online for at least 21 billion hours a week, by the end of the next decade.","so, if you might be this idea of a little bit of the thing, so i say it again, i'm going to prove it. if we want to solve the problems like the conflict, the global climate change, the international conflict, i think we need to look at play the internet.",adequate
بنهاية العقد القادم. لا. انا جادة. انني كذلك.,no. i'm serious. i am.,by the end of the next decade. i don't know. i'm too.,over-generation
وها هو السبب. هذه الصورة ببساطة,here's why.,and here's the reason. this is simply the picture.,over-generation
تجمل سبب اعتقادي بان الالعاب اساسية جداً لمستقبل بقاء الجنس البشري. حقاً.,this picture pretty much sums up why i think games are so essential to the future survival of the human species. truly.,i think the reason i believe that games are very fundamental to the future of human sex. really.,adequate
هذه صورة التقطها مصور يدعي فيل تولدانو.,this is a portrait by photographer phil toledano.,this is a picture that i took a photograph called a piano that was born.,over-generation
اراد التقاط المشاعر اثناء ممارسة الالعاب. وهكذا ، وضع كاميرا امام اللاعبين، اثناء اللعب.,"he wanted to capture the emotion of gaming, so he set up a camera in front of gamers while they were playing.","he wanted to capture emotions during games and so forth, put a camera in front of the players, while playing play.",adequate
وهي مشاعر كلاسيكية لممارسي اللعب.,and this is a classic gaming emotion.,and it's a classic feelings of play.,adequate
الان، لو لم تكن من هواة اللعب قد لا تلاحظ لبعض اللمحات الدقيقة في هذه الصورة.,"now, if you're not a gamer, you might miss some of the nuance in this photo.","now, if you didn't have a game to notice some of the microphone in this picture.",adequate
قد تري ملامح العجلة، القليل من الخوف، ولكن تركيز شديد، تركيز عميق جداً علي معالجة مشكلة صعبة جداً.,"you probably see the sense of urgency, a little bit of fear, but intense concentration, deep, deep focus on tackling a really difficult problem.","you can see the wheel, a little bit of fear, but it's very rapidly, very profound, very deep focus on a very difficult problem.",adequate
لو كنت من هواة اللعب، ستلاحظ بعض العلامات هنا، تجعد العيون الي الاعلي، و حول الفم هي علامة للتفاؤل. والحاجبين ارتفعا علامةً للدهشة،,"if you are a gamer, you will notice a few nuances here: the crinkle of the eyes up, and around the mouth is a sign of optimism, and the eyebrows up is surprise.","if you're an amateurs, you'll notice some of the signs here, the eyes go up to the top, and around the mouth is a sign of optimism.",adequate
هذا اللاعب علي حافة ما يسمي فوز اسطوري.,"this is a gamer who's on the verge of something called an ""epic win.""",that's the player on the edge of what's called an origami.,adequate
اه، لقد سمعتم بذلك. حسناً. جيد.,"oh, you've heard of that.","hi, you've heard it. okay. good.",adequate
اذاً بيننا بعض اللاعبين.,"ok, good, so we have some gamers among us.",so we've got some players.,adequate
الفوز الاسطوري هو محصِّلةٌ ايجابيَّةٌ بشكلٍ غير عادي لم تكن لديك ادني فكرة انها ممكنة الي حين ان حققتها.,"an epic win is an outcome that is so extraordinarily positive, you had no idea it was even possible until you achieved it.",the supreme is a very positive word that you don't have a normal idea that you have no idea that it's possible to do.,repetition
كاد يكون ابعد من الخيال. وحين تصل لذاك تُصدم لاكتشافك ما انت قادرٌ عليه حقيقةً. ذلك هو الفوز الاسطوري.,"it was almost beyond the threshold of imagination, and when you get there, you're shocked to discover what you're truly capable of. that's an epic win.","it's as far beyond the imagination, and when you get up, so you don't discover what you can actually be able to do the fact that's true.",adequate
هذا لاعبٌ علي حافة فوزٍ اسطوري.,this is a gamer on the verge of an epic win.,that's a nice player on the edge of the airline.,adequate
وهذا هو الوجه الذي نحتاج الي رؤيته علي ملايين من مُحِلِّي المشاكل حول العالم ونحن بصدد مواجهة تحديات القرن القادم. وجه شخص، وبالرغم من كل المصاعب يقف علي حافة فوز اسطوري.,"and this is the face that we need to see on millions of problem-solvers all over the world as we try to tackle the obstacles of the next century -- the face of someone who, against all odds, is on the verge of an epic win.","and this is the face that we need to see on millions of problems around the world, and we're facing the next century challenges.",adequate
الان، للاسف هذا هو الوجه الذي نراه غالباً في حياتنا اليومية ونحن نحاول العمل علي مواجهة المشكلات العاجلة,"now, unfortunately this is more of the face that we see in everyday life now as we try to tackle urgent problems.","now, unfortunately, this is the face that we often see in our daily lives, and we're trying to work on the face of the mood problems.",adequate
"هذا ما اسميه وجه ""انا لست جيداً في الحياة""","this is what i call the ""i'm not good at life"" face.","this is what i call ""i'm not good in life.""",adequate
في الواقع تلك انا من مثَّلها. هل ترون؟ نعم. جيد.,this is actually me making it. can you see? yes. good.,"in fact, i'm about it. do you see? yeah. good.",adequate
"هذه انا امثل ""انا لست جيدة في الحياة""","this is me making the ""i'm not good at life"" face.","this is me like, ""i'm not good in life.""",adequate
هذه قصاصة من حارتي القديمة في بيركلي كاليفورنيا حيث حضرت للدكتوراة عن سبب تفوقنا في الالعاب عوضا عن حياتنا الحقيقية,"this is a piece of graffiti in my old neighborhood in berkeley, california, where i did my phd on why we're better in games than we are in real life.","this is the old story of my old in california, where i had a ph.d.d., about why we've built in games instead of our real life.",adequate
وهذه مشكلة تواجه الكثير من اللاعبين,and this is a problem that a lot of gamers have.,and this is a problem with a lot of the players.,adequate
نشعر باننا لسنا بالكفائة ذاتها في الحياة كما نحن بالالعاب,we feel that we are not as good in reality as we are in games.,we feel that we're not in the light itself in life as we are.,adequate
ولا اعني هنا النجاح فقط ولو ان ذلك جزء,"i don't mean just good as in successful, although that's part of it.","i mean, i don't mean, and if that's part.",adequate
فنحن ننجز اكثر في عالم الالعاب. ولكنني اعني,we do achieve more in game worlds.,we're doing more in games. but i mean.,adequate
ولكنني اعني جيد كمتحمس لفعل امر مهم، ملهم للتعاون والتفاعل.,but i also mean good as in motivated to do something that matters -- inspired to collaborate and to cooperate.,"but i mean, it's good how to do something important, they're inspired to collaborate and interact.",adequate
ونحن في عوالم الالعاب اؤمن بان العديد منا يصبح النسخة الافضل من انفسنا، مستعدون للمساعدة في لحظة، والالتزام المتواصل علي حل مشكلة مهما احتاج الامر، للنهوض بعد الفشل والمحاولة من جديد.,"and when we're in game worlds, i believe that many of us become the best version of ourselves -- the most likely to help at a moment's notice, the most likely to stick with a problem as long at it takes, to get up after failure and try again.","and we're in the worlds of games, i believe that many of us are the best version of ourselves, ready to help help the moment, and the commitment to the problem is no matter what it needs, to fail and try and try a new.",adequate
وفي الحياة الحقيقية، حين نواجه الفشل، حين نواجه العقبات، في الغالب لا نشعر بتلك الاحاسيس. نشعر بالغلبة.,"and in real life, when we face failure, when we confront obstacles, we often don't feel that way.","and in real life, when we face failure, when you face the obstacles, often we don't feel those feelings. we feel the sensitivity.",adequate
نشعر بالقهر. نشعر بالقلق، وربما بالاكتئاب، بالاحباط او التشاؤم.,"we feel overcome, we feel overwhelmed, we feel anxious, maybe depressed, frustrated or cynical.","we feel the core. we feel worrying, and maybe it's disappointed or slowing.",adequate
ولا تصيبنا هذه المشاعر ابدا ونحن نلعب، فهي غير موجودة في الالعاب.,"we never have those feelings when we're playing games, they just don't exist in games.","and we don't answer these feelings, and we're playing, they're not there in games.",adequate
وهذا ما اردت دراسته حين كنت في الدراسات العليي,so that's what i wanted to study when i was a graduate student.,and that's what i wanted to study when i was in my studies.,adequate
ما هو السبب في الالعاب الذي يستحيل معه الشعور باننا عاجزين عن تحقيق اي شيء؟,what about games makes it impossible to feel that we can't achieve everything?,what is the reason in games that they're not supposed to feel that we're sad to achieve anything?,adequate
كيف يمكننا اخذ هذه المشاعر من الالعاب ونقلها الي الحياة الحقيقية؟,how can we take those feelings from games and apply them to real-world work?,how can we take these feelings of games and move it into real life?,adequate
لذا تفحصت العاب مثل ورلد اوف ووركرافت، والتي هي في الحقيقة بيئة تعاونية مثالية لحل المشاكل.,"so i looked at games like world of warcraft, which is really the ideal collaborative problem-solving environment.","so i checked games like skin and zoos, which is in fact, a perfect environment to solve problems.",adequate
وبدات بملاحظة بعض الامور والتي تجعل الفوز الاسطوري ممكنة في العوالم الافتراضية.,and i started to notice a few things that make epic wins so possible in online worlds.,and i started a moment in some of the things that make the winner was possible in the virtual worlds.,adequate
لذا فاول ما تلاحظه انك حين تظهر في احد هذه الالعاب وخصوصاً في ورلد اوف ووركرافت، ستجد العديد والعديد من الشخصيات المستعدون ان يثقوا بك مباشرة في مهمة لانقاذ العالم.,"the first thing is whenever you show up in one of these online games, especially in world of warcraft, there are lots and lots of different characters who are willing to trust you with a world-saving mission, right away.","so it's trying to notice that when you show up in one of these games and especially in your skin and your skin, and you find a lot of people, and there's many different characters that you're going to trust directly at a mission to save the world.",adequate
ولكن ليست اي مهمة، بل هي مهمة مطابقة لمستواك في اللعبة. اليس كذالك؟,"but not just any mission, it's a mission that is perfectly matched with your current level in the game.","but not any task, but it's important for fruit in the game. right?",adequate
فانت تستطيع القيام بها.,right? so you can do it.,you can do it.,adequate
انهم لا يعطونك ابدا تحديات لا تستطيع انجازها.,they never give you a challenge you can't achieve.,they don't give you a challenge that you can't achieve.,adequate
ولكنها باقصي ما تستطيع فعله. لذا فعليك المحاولة الجادة.,"but it is on the verge of what you're capable of, so you have to try hard.",but it's a story that you can do. so you have to do serious action.,adequate
ولا توجد بطالة في ورلد اوف ووركرافت. لا يوجد من يجلس هنا وهناك يفرك اصابعه مللاً. هناك دوما امر محدد ومهم.,"but there's no unemployment in world of warcraft; no sitting around, there's always something specific and important to be done.","and there's no unemployment in your skin, and you don't exist. there is no one of the sitting here, there is still a specific thing.",adequate
وهناك العديد من فرص التعاون.,there are also tons of collaborators.,there are many opportunities for collaboration.,adequate
حيثما ذهبت، المئات من الالاف من الناس مستعدون للعمل معك لتحقيق مهمتك الاسطورية,"everywhere you go, hundreds of thousands of people ready to work with you to achieve your epic mission.","where i went, hundreds of thousands of people ready to work with you to achieve your mission.",adequate
وهو امر لا نجده في الحياة الحقيقية بسهولة الشعور بان علي اطراف اصابعنا يوجد العديد من المتعاونين.,"that's not something we have in real life that easily, this sense that at our fingertips are tons of collaborators.","and that's something that we don't find in real life easily feel that we're on the side of our fingers, there are many collaborators.",adequate
اضافة الي هذه القصة الاسطورية، هذه القصة الملهمة عن سبب وجودنا هناك، وما نعمله. ثم نحصل علي رد الفعل الايجابي.,"and there's this epic story, this inspiring story of why we're there, and what we're doing, and we get all this positive feedback.","in addition to this story, this story is an important story about why we've got there, and what we do. then we get a positive reaction.",adequate
لقد سمعتم عن رفع الرتبة والقوة زائد واحد، والذكاء زائد واحد.,"you guys have heard of leveling up, +1 strength, +1 intelligence.","you've heard of the family lifts and a single leader, and the intelligence of one leader.",adequate
اننا لا نحصل علي ذلك التقييم الايجابي المستمر في الحقيقة,we don't get that kind of constant feedback in real life.,we don't get that positive assessment in fact.,adequate
حين انزل عن هذه المنصة لن احصل علي التحدث زائد واحد، الافكار المجنونة زائد واحد، الافكار المجنونة زائد عشرين.,"when i get off this stage, i'm not going to have +1 speaking, and +1 crazy idea, +20 crazy idea.","when it comes back to this platform, i'm not going to talk to one plus one, the characters of one leader, the young ideas, 20.",adequate
انا لا احصل علي ذلك التقييم في الحياة الحقيقية.,i don't get that feedback in real life.,i don't get that evaluation in real life.,adequate
الان، المشكلة في البيئة الافتراضية مثل ورلد اوف ووركرافت في انها مرضية جداً ان تكون علي وشك الفوز الاسطوري طوال الوقت، اننا نقرر امضاء جميع وقتنا في هذه الالعاب.,"now, the problem with collaborative online environments like world of warcraft is that it's so satisfying to be on the verge of an epic win all the time, we decide to spend all our time in these game worlds.","now, the problem in virtual environment, like skinny and glass, and it turned out that it's a very mental disease that would be about to win all the time, we decided to spend all of our time in this games.",adequate
انها افضل من الحياة الحقيقية.,it's just better than reality.,it's better than real life.,adequate
لذا فحتي الان، قام لاعبي ورلد اوف ووركرافت مجموعين بامضاء ٥،٩٣ مليون عام في حل المشاكل الافتراضيّة لازيروث.,"so, so far, collectively all the world of warcraft gamers have spent 5.93 million years solving the virtual problems of azeroth.","so i'm here, to give my skin and zoos, a whole bunch of space, a million years in virtual problems.",adequate
هذا ليس بالضرورة امر سيء.,"now, that's not necessarily a bad thing.",that's not necessarily a bad thing.,adequate
قد يبدو علي انه امر سيء.,it might sound like it's a bad thing.,it might seem like it's a bad thing.,adequate
ولكن لوضع ذلك في سياق الكلام: قبل ٥،٩٣ مليون سنة وكان ذلك عندما قام اسلافنا الاوائل وقوفاً علي اقدامهم.,but to put that in context: 5.93 million years ago was when our earliest primate human ancestors stood up.,"but to put that in the context of speech: before, a million years ago, and that's when our ancestors came up with their feet.",adequate
كان اول كائن واقفاً.,that was the first upright primate.,the first thing was the first object and standing.,adequate
لذا، فحين نتحدث عن الوقت الذي نستثمره في اللعب، الطريقة الوحيدة لجعلها منطقية او حتي للتفكير فيها، هو التحدث عن الوقت علي ضخامة التطور البشري، وهو امر غير عادي.,"so when we talk about how much time we're currently investing in playing games, the only way it makes sense to even think about it is to talk about time at the magnitude of human evolution, which is an extraordinary thing.","so, let's talk about the time we invest in play, the only way to make it, or even think of it, is that time talking about human evolution, and it's a normal thing.",adequate
ولكنه ايضا مهم. لانه تبين اننا بامضاء كل هذا الوقت في اللعب، فاننا في الواقع نغير ما نحن قادرين عليه كبشر.,"but it's also apt, because it turns out that by spending all this time playing games, we're actually changing what we are capable of as human beings.","but it's important. because it turns out that we've actually spent all this time in play, we actually change what we are capable of human beings.",adequate
نحن نتطور لنصبح كائنا اكثر تعاوننا وودية.,we're evolving to be a more collaborative and hearty species.,we're evolution not going to become more collaborative and slavery.,adequate
هذا صحيح. انا اوؤمن بذلك.,this is true. i believe this.,that's true. i believe it.,adequate
"تاملوا في هذه الاحصائية المثيرة للاهتمام. لقد نشرت مؤخراً من قبل باحث في جامعة كارنيجي ميلون. الشاب في المتوسط اليوم في دولة ذات ثقافة العاب قوية سيمضي ١٠,٠٠٠ ساعة من اللعب، قبل بلوغه ٢١.","so, consider this really interesting statistic; it was recently published by a researcher at carnegie mellon university: the average young person today in a country with a strong gamer culture will have spent 10,000 hours playing online games by the age of 21.","they hope in this very interesting statistic, we've been recently published a researchers at carnegie university. the guy in the average age of the average country in the culture of a strong 160s, 1,000 hours before the age of play, 21st century ago.",repetition
"الان ١٠,٠٠٠ ساعة جدا للاهتمام لسببين","now 10,000 hours is a really interesting number for two reasons.","now 105 hours, it's very interesting for two reasons.",adequate
"الاول، الاطفال في الولايات المتحدة لديهم ١٠,٠٨٠ ساعة بالتمام يقضونها في المدرسة من الصف الخامس وحتي التخرج من الثانوية اذا كنت تحضر دون غياب اذا، فلدينا نظام","first of all, for children in the united states, 10,080 hours is the exact amount of time you will spend in school, from fifth grade to high school graduation, if you have perfect attendance.","the first, children in the united states have 10 hours, 40-hour meeting them in school, and even high school, if you bring back without the absence, we have a system.",adequate
كامل من التعليم الموازي حيث يتعلم الشباب بنفس القدر عن بقدر ما يتعلمون عن كل شيء اخر في المدرسة.,"so, we have an entire parallel track of education going on, where young people are learning as much about what it takes to be a good gamer as they're learning about everything else in school.","full of education, where young people learn the same as much as much more about what they learn about everything else in school.",adequate
"والبعض منكم قد قرا علي الارجح كتاب مالكولم جلادويل الجديد ""القيم الشاذة"" وسمعتم عن نظريته عن النجاح نظرية الـ ١٠,٠٠٠ساعة للنجاح.","some of you have probably read malcolm gladwell's new book ""outliers,"" so you would have heard of his theory of success, the ""10,000 hours"" theory of success.","some of you may have reader's probably a book ""the new era,"" and you call him a theory about the success of the 180s.",adequate
"انها مبنية علي هذا البحث العلمي المعرفي الرائع اننا اذا تمكنا من التميز لمدة ١٠,٠٠٠ ساعة في الدراسة المتعبة، في اي شيء عند سن الـ ٢١، سنكون مبدعين فيه. سنكون بالبراعة في ما نعمل","it's based on this great cognitive-science research that says if we can master 10,000 hours of effortful study at anything by the age of 21, we will be virtuosos at it.","it's based on this great scientific research that we're able to distinguished for 105,000 hours, in the study, at anything at the age of 21st, we'll be creative.",adequate
كاعظم اناس في العالم,as the greatest people in the world.,as most of the most people in the world.,adequate
ولذا، ما ننظر اليه الان هو جيل كامل من الشباب البارعين في اللعب.,"and so, now what we're looking at is an entire generation of young people who are virtuoso gamers.","so, what we're looking at now is a whole generation of young people in play.",adequate
"فالسؤال الكبير هو, ""ما الذي يبرع فيه اللاعبون؟""","so, the big question is, ""what exactly are gamers getting so good at?""","the big question is, ""what does the players do?""",adequate
لاننا لو استطعنا معرفة ذلك سيكون لدينا مورد لم يسبق له مثيل للبشرية.,"because if we could figure that out, we would have a virtually unprecedented human resource on our hands.",because if we can know that would have no resource without human beings.,adequate
هذا هو عدد البشر اليوم الذين يمضون ساعة يومياً علي في اللعب.,this is how many people we now have in the world who spend at least an hour a day playing online games.,that's the number of humans that spend a day in play.,adequate
هؤلاء هم الموهوبون في اللعب. ـ٥٠٠ مليون شخص بارعون بشكل غير عادي في شئٍ ما.,"these are our virtuoso gamers, 500 million people who are extraordinarily good at something.",these are the bonobos are in play. 200 million people who are not normal in something.,adequate
وفي العقد القادم سيكون لدين بليون لاعب اخر وهم بارعون جداً في ذلك الامر.,"and in the next decade, we're going to have another billion gamers who are extraordinarily good at whatever that is.","and in the next decade, it's going to have another billion players, and they're very accelerating at that.",adequate
اذا لم تعلم بعد، فهو قادم.,"if you don't know it already, this is coming.","if you don't know, it's led.",adequate
صناعة اللالعاب ستنتج اجهزة مقتصدة في الطاقة وتعمل علي شبكات الهاتف اللاسلكية بدلاً عن شبكة الانترنت عريضة النطاق ليتمكن اللاعبين حول العالم تحديدا في الهند، الصين، البرازيل من اللعب علي النت.,"the game industry is developing consoles that are low-energy and that work with the wireless phone networks instead of broadband internet, so that gamers all over the world, particularly in india, china, brazil, can get online.","the humility industry is going to produce devices in energy and work on wireless networks rather than the internet, so the players can be able to player around the world in china, brazil, to play with the website.",adequate
يتوقعون بليون لاعب اضافي خلال العقد القادم.,they expect one billion more gamers in the next decade.,they expect a billion light in the next decade.,adequate
"ليكون الاجمالي ١,٦ بليون لاعب.",it will bring us up to 1.5 billion gamers.,it's going to be 17 billion players.,adequate
فبدات افكر تجعل تلك الالعاب هؤلاء اللاعبين بارعين.,so i've started to think about what these games are making us virtuosos at.,i started thinking to make those games with two players.,adequate
وهذه هي النتائج الاربعة التي توصلت اليها. الاولي هي التفائل العاجل.,here are the four things i came up with. the first is urgent optimism.,and this is the four of the four things that i've got. the first one is the masterpiece.,repetition
حسناً. فكروا في ذلك كدافع ذاتي هائل.,"ok, think of this as extreme self-motivation.","well, think about that as a huge self-interest.",adequate
التفائل العاجل هو الرغبة للعمل فوراً لمواجهة مشكلة، مصحوبة بالايمان باننا لدينا امل كبير في النجاح.,"urgent optimism is the desire to act immediately to tackle an obstacle, combined with the belief that we have a reasonable hope of success.","the mood of the mood is the desire to work out of a problem, a destructive problem with faith that we have a huge hope in success.",adequate
اللاعبون يؤمنون دائماً بان الفوز الاسطوري ممكن، وانها دوما تستحق المحاولة، والمحاولة الان.,"gamers always believe that an epic win is possible, and that it's always worth trying, and trying now.","the players always believe that the myth is possible, and it's always worth trying, and trying to try.",adequate
اللاعبون لا يتكاسلون.,gamers don't sit around.,the players don't wash.,adequate
اللاعبون موهوبون في حياكة نسيج اجتماعي محكم.,gamers are virtuosos at weaving a tight social fabric.,the players are denied in the partnership of your social science.,adequate
هناك العديد من الابحاث الشيقة التي تظهر باننا نحب الناس اكثر بعد اللعب معهم، حتي ولو هزمونا هزيمة نكراء.,"there's a lot of interesting research that shows we like people better after we play a game with them, even if they've beaten us badly.","there's a lot of interesting research that we're showing more people after playing with them, even if we shake our nonsense.",adequate
والسبب، اننا نحتاج الي ثقة كبيرة لللعب مع شخص.,"and the reason is, it takes a lot of trust to play a game with someone.","and the reason, we need a big trust to play with someone.",adequate
نثق بانهم سيمضون وقتهم معنا، بانهم سيلعبون بنفس القوانين، سيقدرون نفس الاهداف، سيبقون مع اللعبة حتي النهاية.,"we trust that they will spend their time with us, that they will play by the same rules, value the same goal, stay with the game until it's over.","we trust them to spend time with us, they're going to play the same laws, they will lose the same goals, and they'll stick with the game until the end.",adequate
ولذا، فاللعب سوياً يبني في الواقع الروابط والثقة والتعاون.,"and so, playing a game together actually builds up bonds and trust and cooperation.","and so, playing together building together in the links and collaborators and collaboration.",adequate
ونحن حقيقة نبني علاقات اجتماعية اقوي نتيجة لذلك.,and we actually build stronger social relationships as a result.,and we're actually building social relationship to that.,adequate
الانتاجية السعيدة. انا احبها.,blissful productivity. i love it.,the happy productivity. i love it.,adequate
"هناك سبب وراء امضاء لاعب ""عالم فن الحروب"" متوسط ٢٢ ساعة لعب اسبوعياً،","you know, there's a reason why the average world of warcraft gamer plays for 22 hours a week -- kind of a half-time job.","there's a reason that's behind the white players, the average of war ii, a week playing a week.",adequate
وذلك اننا نعلم، حين نلعب، باننا اسعد حين نعمل بجد، مقابل الراحة او التسكع.,"it's because we know, when we're playing a game, that we're actually happier working hard than we are relaxing, or hanging out.","and that's that we know, when we play, we're happier when we work hard, for profit or nine or nine.",adequate
نعلم باننا مستغلين، كبشر، لنعمل عمل شاق ذا معني.,"we know that we are optimized as human beings, to do hard and meaningful work.","we know that we're independent, humans, we don't work for a sense of meaning.",adequate
واللاعبون مستعدون للعمل الشاق طوال الوقت، اذا اُعطوا العمل المناسب.,"and gamers are willing to work hard all the time, if they're given the right work.","and manipulation are ready to work all the time, if they feed the right work.",adequate
اخيرا، المعني الاسطوري.,finally: epic meaning.,"finally, the real meaning.",adequate
اللاعبون يحبون الارتباط بالمهمات المذهلة لقصص انسانية علي مستوي الكوكب.,gamers love to be attached to awe-inspiring missions to human planetary-scale stories.,the players love the most amazing ones for humanity on the planet.,low overlap
معلومة صغيرة تساعد علي وضع هذا في المنظور. جميعكم يعرف ويكيبيديا، اكبر ويكي في العالم.,"so, just one bit of trivia that helps put that into perspective: so, you all know wikipedia, biggest wiki in the world.","a small teacher helps to put this perspective on the perspective. you all know wikipedia, the largest technology in the world.",adequate
"ثاني اكبر ويكي في العالم، بنحو ٨٠,٠٠٠ مقال هو ويكي ورلد اوف ووركرافت","second biggest wiki in the world, with nearly 80,000 articles, is the world of warcraft wiki.","second is the largest and the world in the world, co20s, and it's cocold, and you know.",adequate
يستخدمه خمس ملايين شخص شهريا,five million people use it every month.,he uses five million people.,adequate
لقد جمعوا معلومات عن ورلد اوف ووركرافت اكثر من اي موضوع اخر علي الانترنت في اي ويكي اخر في العالم,they have compiled more information about world of warcraft on the internet than any other topic covered on any other wiki in the world.,"they've collected data on paper and scanner, more than any other subject on the internet and other words in the world.",adequate
انهم يتنون قصة اسطورية,they are building an epic story.,they're crazy story.,low overlap
انهم يبنون مصدر معلومات اسطوري عن ورلد اوف ووركرافت,they are building an epic knowledge resource about the world of warcraft.,they're building the source of mythic information and skin and flocks.,adequate
حسنا، فتلك اربع قوي خارقة لتشكل لاعبين متفائلين ومتحمسين,"okay, so these are four superpowers that add up to one thing: gamers are super-empowered hopeful individuals.","well, you've got four strong forces to form a lot of big players, and they're open.",low overlap
هؤلاء اناس يؤمنون انهم قادرون علي تغير العالم,these are people who believe that they are individually capable of changing the world.,these people believe that they're able to change the world.,adequate
والمشكلة الوحيدة هي انهم يؤمنون انهم قادرين علي تغير عوالم افتراضية وليس العالم الحقيقي.,"and the only problem is, they believe that they are capable of changing virtual worlds and not the real world.",the only problem is that they believe that they can change the virtual worlds and not real world.,adequate
وتلك هي المشكلة التي احاول حلها.,that's the problem that i'm trying to solve.,and that's the problem that i try to solve.,adequate
هناك اقتصادي يدعي ادوارد كاسترونوفا.,there's an economist named edward castronova.,there's an economic name called editors.,adequate
انا عمله رائع. انه ينظر الي سبب استثمار الناس للطاقة والوقت,his work is brilliant. he looks at why people are investing so much time and energy and money in online worlds.,i'm doing great. it's looking at the reason for the energy and time.,low overlap
"والمال في العوالم الافتراضية. ويقول، ""نحن نشهد ما لا يمكن تعريفه باقل من نزوح جماعي الي العالم الافتراضي.""","and he says, ""we're witnessing what amounts to no less than a mass exodus to virtual worlds and online game environments.""","and the world's virtual worlds, and says, ""we're seeing what we can't define a definition of mass of mass destruction to the virtual world.""",adequate
وهو اقتصادي. فهو منطقي.,"and he's an economist, so he's rational.",it's economic. it makes sense.,low overlap
ويقول... علي عكسي -- انا مصممة العاب، فانا مندفعة.,"and he says -- not like me, i'm a game designer; i'm exuberant.","and he says -- ""i'm designed, i'm a games, i am a business.",adequate
ولكنه يقول، انَّ هذا منطقي تماماً، لان اللاعبين يمكنهم الانجاز اكثر علي الالعاب من ما يمكنهم في الحقيقة.,"but he says that this makes perfect sense, because gamers can achieve more in online worlds than they can in real life.","but he says, that this makes sense, because the players can achieve more games than they can actually be able to actually.",adequate
يمكنهم الحصول علي علاقات اجتماعية اقوي في الالعاب من علاقاتهم في الحياة الحقيقية. يحصلون علي تقيم افضل ومردود اعلي في الالعاب من حياتهم الحقيقية.,they can have stronger social relationships in games than they can have in real life; they get better feedback and feel more rewarded in games than they do in real life.,they can get a social relationships in games from their real relationships in real life. they get better and the best and colder in games than their real lives.,repetition
يقول انه من المنطقي حالياً ان يمضي اللاعبون وقت اكبر في العالم الافتراضي من الحقيقي.,"so he says, for now it makes perfect sense for gamers to spend more time in virtual worlds than the real world.",it says that it's rational to spend the biggest time in the real world.,adequate
الان، انا ايضا اوافقه علي ذلك المنطق، مؤقتاً.,"now, i also agree that that is rational, for now.","now, i'm also agree on that logic, painful.",adequate
ولكنَّه ليس باي حال وضع مثالي.,"but it is not, by any means, an optimal situation.",but it's not any perfect place.,adequate
علينا البدا بجعل الحياة الحقيقية اشبه بلعبة.,we have to start making the real world work more like a game.,we've got to do real life like a game.,adequate
انا استلهم من شيئ حدث قبل ٢٥٠٠عام.,"i take my inspiration from something that happened 2,500 years ago.","i'm inspired by something that happened by 200,000 years ago.",adequate
هذه نرد عتيق، مصنوعة من مفاصل الغنم. حسناً.,"these are ancient dice, made out of sheep's knuckles.","this is my mind, made out of the peps. okay.",adequate
قبل حصولنا علي العاب رائعة كانت لدينا مفاصل الاغنام.,"before we had awesome game controllers, we had sheep's knuckles.",before we got a great games that we had a sleeppe.,adequate
وهي تمثل اول ادوات الالعاب التي صممها البشر. ولو كنت علي اطلاع باعمال المؤرخ اليوناني القديم، هيرودوت، قد تكونوا علي علمٍ بهذا التاريخ. وهو تاريخ من اخترع الالعاب ولماذا.,"and these represent the first game equipment designed by human beings, and if you're familiar with the work of the ancient greek historian herodotus, you might know this history, which is the history of who invented games and why.","and it's the first tools of games that are designed by humans, and if you've been able to look at the ancient greek building, that you might be aware of this history, which is a history of games and why games were invented.",adequate
يقول هيرودوت ان الالعاب، تحديداً العاب النرد اخترعت في مملكة ليديا في زمن مجاعة.,"herodotus says that games, particularly dice games, were invented in the kingdom of lydia, during a time of famine.","he says the game of games, particularly the playing games were invented in the queen of a famine in the time of famine.",adequate
اتضح، انه كانت هناك مجاعة شديدة، جعلت ملك ليديا يقرر انهم بحاجة للقيام بامر مجنون.,"apparently, there was such a severe famine that the king of lydia decided they had to do something crazy.","it turns out, it's too big, it made a king of me decide that they need to do something crazy.",adequate
الناس كانت تعاني. الشعب كان يتقاتل.,people were suffering. people were fighting.,people were suffering. people were fighting.,adequate
كان امر جلل. ويحتاج الي حل متطرف.,"it was an extreme situation, they needed an extreme solution.",he was paralyzed. he needed an extreme solution.,adequate
لذا، كما جاء عن هيرودوت، اخترعوا العاب النرد وقد اسسوا سياسة علي مستوي المملكة. في اليوم الاول، ياكل الجميع. وفي اليوم التالي، علي الجميع اللعب.,"so, according to herodotus, they invented dice games, and they set up a kingdom-wide policy: on one day, everybody would eat, and on the next day, everybody would play games.","so, as he came from hong, they invented the game games and they made a policy policy at the first time, everyone left, and in the next day, everybody.",adequate
وينغمسون في الالعاب لان الالعاب ممتعة. وتغمسنا في حالة من الانتاجية السعيدة، سيهملون واقع انهم لم ياكلوا.,"and they would be so immersed in playing the dice games, because games are so engaging, and immerse us in such satisfying, blissful productivity, they would ignore the fact that they had no food to eat.","they're moving in games because games are fun. and so we're in a case of the remote productivity, they will be able to eat.",adequate
وفي اليوم التالي، يلعبون. وفي اليوم التالي ياكلون.,"and then on the next day, they would play games; and on the next day, they would eat.","and in the next day, playing. and the following day they eat.",adequate
"ورواية عن هيرودوت, فقد امضوا ١٨ عام علي ذلك الحال، نجوا من مجاعة، بالاكل يوم واللعب اليوم التالي.","and according to herodotus, they passed 18 years this way, surviving through a famine, by eating on one day, and playing games on the next.","and they've been sentenced, and they lost 185 years on that case, they worked from famine, every day and play the next day.",adequate
وهذا، في رايِ، بالضبط،,"now, this is exactly, i think, how we're using games today.","and that, in my opinion, exactly, exactly.",low overlap
ما نستخدم من اجله الالعاب اليوم. نحن نستخدم الالعاب للهروب من معاناة الحياة الحقيقية. نستخدم الالعاب الابتعاد عن كل ما هو خرب في الحياة الواقعية، كل ما هو غير مرض في الحياة، ونحصل علي ما نحتاجه من الالعاب.,"we're using games to escape real-world suffering -- we're using games to get away from everything that's broken in the real environment, everything that's not satisfying about real life, and we're getting what we need from games.","what we're using games today, we use games for the microscope with the real life. we use the first games, using games for all is a bit of life in fact, everything that's not a disease in life, and we get what we need for games.",repetition
ولكنها لا تنتهي بالضرورة هناك.,but it doesn't have to end there.,but it doesn't necessarily end up there.,adequate
وهذا مذهل جداً.,this is really exciting.,and that's pretty amazing.,low overlap
بناءا علي هيرودوت، بعد ١٨ عاماً لم تتحسن المجاعة، فقرر الملك انهم سيلعبون لعبة اخيرة.,"according to herodotus, after 18 years the famine wasn't getting better, so the king decided they would play one final dice game.","builds on hong, after 12 years later, they didn't improve the famine, and they decide that they're going to play a short game.",adequate
وقسموا المملكة باكملها الي نصفين.,they divided the entire kingdom in half.,and they heard the entire kingdom to half.,adequate
لعبوا لعبة نرد واحدة. والفائز في اللعبة سيذهب في مغامرة اسطورية.,"they played one dice game, and the winners of that game got to go on an epic adventure.",they played one game with one. and the fathers in the game will go in the adventure.,adequate
سيتركون ليديا وسيبحثون عن مكان جديد ليعيشوا تاركين ورائهم عدد كاف من البشر للعيش علي الموارد المتاحة علي امل اخذ حضارتهم الي مكان اخر يمكِّنهم من الازدهار.,"they would leave lydia, and they would go out in search of a new place to live, leaving behind just enough people to survive on the resources that were available, and hopefully to take their civilization somewhere else where they could thrive.",it's going to be able to look at a new place to live and live the number of human people who live in the resources that i hope to take place to another place where they're growing up for prosperity.,adequate
الان، هذا يبدو مجنونا، اليس كذلك؟,"now, this sounds crazy, right?","now, this seems to us, right?",adequate
ولكن مؤخراً، ادلة جينية اظهرت ان الاتروريون، الذين قادوا الامبراطورية الرومانية، في الواقع يشتركون في نفس الجينات مع الليديين القدامي.,"but recently, dna evidence has shown that the etruscans, who then led to the roman empire, actually share the same dna as the ancient lydians.","but recently, the religious evidence showed that the intelligence, who led the empirerical empire, in fact that the same genesis in the same genetics with the veterans.",repetition
ومؤخراً، اقترح العلماء ان قصة هيرودوت المجنونة حقيقية.,"and so, recently, scientists have suggested that herodotus' crazy story is actually true.","and recently, scientists suggest that the story is a real crazy story.",adequate
وقد وجد الجيولوجيون ادلة علي برودة عالمية دامت قرابة 20 عام والتي يمكن ان تفسر المجاعة,"and geologists have found evidence of a global cooling that lasted for nearly 20 years, that could have explained the famine.","and he found out there was a universal access to a global age of 20-year-olds, which can explain the metaphor.",adequate
فهذه القصة المجنونة يمكن ان تكون حقيقية.,so this crazy story might be true.,this is the crazy story can be real.,adequate
قد يكونوا حقاً قد انقذوا حضارتهم باللعب، بالهروب الي الالعاب ١٨ عاماً ومن ثمَّ اصبحوا ملهمين جداً، وتعلموا الكثير عن كيف يشتركون في الالعاب، لدرجة انَّهم انقذوا الحضارة كاملة بتلك الطريقة.,"they might have actually saved their culture by playing games, escaping to games for 18 years, and then been so inspired, and knew so much about how to come together with games, that they actually saved the entire civilization that way.","they were really saved by playing games, with games for games, and then they were full of them, and they were inspired, and learn a lot about how they're playing with games, so that they save them as a whole way.",repetition
حسناً، يمكننا فعل ذلك.,"okay, we can do that.","well, we can do that.",adequate
نحن نلعب وور كرافت منذ ١٩٩٤. تلك كانت اللعبة الستراتيجية الاولي,we've been playing warcraft since 1994.,we're playing and looked at 10 years ago. that was the first six-year strategy.,over-generation
من سلسلة وورلد او ووركرافت. كان ذلك منذ ١٦ عاماً.,that was the first real-time strategy game from the world of warcraft series.,"it's a series of oregon, and it turned out. that was 10 years ago.",adequate
لقد لعبو النرد ١٨ عاماً،,that was 16 years ago.,he played 10 years old.,adequate
ونحن نلعب ووركرافت ١٦ عاماً. انا اقول باننا جاهزون لمغامرتنا الاسطورية.,"they played dice games for 18 years, we've been playing warcraft for 16 years.","and we're playing with 10 years old, i'm saying that we are ready to store our ability to develop our evolution.",low overlap
الان، لقد جعلوا نصف الحضارة,i say we are ready for our own epic game.,"now, they made half of the civilization.",low overlap
تذهب للبحث عن عالم جديد. ومن هنا حصلت علي ٢١ بليون ساعة اسبوعيا من اللعب.,"now, they had half the civilization go off in search of a new world, so that's where i get my 21 billion hours a week of game-play from.",you go to search about a new world. and here i got 21 billion hours a week of play.,adequate
لنجعل نصفنا يوافق علي امضاء ساعة يومياً من اللعب، حتي نحل مشاكل الحياة الحقيقية.,"let's get half of us to agree to spend an hour a day playing games, until we solve real-world problems.","we won't make half a hour of play every day of play, until we solve real life problems.",adequate
"الان، اعرف انكم تسئلون، كيف سنحل مشاكل الحياة الحقيقية في الالعاب؟""، هذا ما كرست عملي له","now, i know you're asking, ""how are we going to solve real-world problems in games?""","now, i know you're asking, how are we going to solve the real life in games?""",adequate
علي مر السنوات الماضية، في معهد المستقبل.,"well, that's what i've devoted my work to over the past few years, at the institute for the future.","over the past years, at the future institute.",severe omission
لدينا هذا الاعلان في مكتبنا ببالو التو، وهو يعبر عن نظرتنا عن كيف نحاول التجاوب مع المستقبل.,"we have this banner in our offices in palo alto, and it expresses our view of how we should try to relate to the future.","we have this advertis in our office of the distribution, and it's going to look about how we're trying to experiment with the future.",adequate
نحن لا نريد ان نحاول التنبؤ بمستقبل.,we do not want to try to predict the future.,we don't want to predict the future.,adequate
ما نريد فعله هو صنع المستقبل.,what we want to do is make the future.,what we want to do is make the future.,adequate
نريد تخيل افضل النتائج الممكنة ومن ثم نريد دعم الناس لجعل ذلك المستقبل حقيقة.,"we want to imagine the best-case scenario outcome, and then we want to empower people to make that outcome a reality.",we want to imagine the best outcomes and then we need to support people to make that future.,adequate
نريد تخيل فوزٍ اسطوري، ومن ثم اعطاء الناس الموارد لتحقيق ذلك الفوز الاسطوري.,"we want to imagine epic wins, and then give people the means to achieve the epic win.","we want to imagine a myth, and then giving people resources to achieve that blobia.",adequate
ساُريكم سريعا ثلاث العاب من صنعي وهي محاولة لاعطاء الناس القدرة لصنع فوزٍ اسطوري في مستقبلهم.,i'm just going to very briefly show you three games that i've made that are an attempt to give people the means to create epic wins in their own futures.,"i'm going to show you three games of a kidnaissance, and it's trying to give people the ability to make a winner in their future.",adequate
هذا عالم بدون بترول.,this is world without oil.,this is a world without oil.,adequate
صنعنا هذه اللعبة في ٢٠٠٧.,we made this game in 2007.,we made this game in 2004.,adequate
هذه لعبة علي النت حيث تحاول النجاة في وقت يشح فيه البترول.,this is an online game in which you try to survive an oil shortage.,this is a game where you're trying to survive at the time of oil.,adequate
شح البترول خيالي، ولكننا وفرنا المواد اللازمة لتصدق انها حقيقية، ولتعيش حياتك الحقيقية كما لو ان البترول قد انتهي. فحين دخولك علي اللعبة,"the oil shortage is fictional, but we put enough online content out there for you to believe that it's real, and to live your real life as if we've run out of oil.","we're charged by horses, but we've got material to believe that it's real, and to live your life as if you're going to finish up.",adequate
لرفع المقاطع والصور,"to post videos, to post photos.",so they raise the cards and the pictures.,low overlap
لقد جربنا اللعبة مع ١٧٠٠ لاعب في ٢٠٠٧. وقد تابعناهم لثلاث اعوام منذ ذلك.,"we piloted this game with 1,700 players in 2007, and we've tracked them for the three years since.","we've tried in the game with 1,000 players in 200,000 players, and we sold them three years ago.",adequate
ويمكنني ان اقول لكم انها تجربة مغيرة.,and i can tell you that this is a transformative experience.,and i can tell you that it's an experimenter experiment.,adequate
لا يريد احد تغيير طريقة حياته فقط لانها ستكون مفيدة للعالم، او لان علينا ذلك.,"nobody wants to change how they live, just because it's good for the world, or because we're supposed to.","nobody wants to change the way its life, because it will be useful for the world, or because we have to do that.",adequate
"ولكن اذا غمستهم في مغامرة اسطورية وتقول لهم ""لقد نفذ البترول"".","but if you immerse them in an epic adventure and tell them, ""we've run out of oil.","but if they leave them in the adventure, they say, ""you've got the oil oil.""",adequate
هذه قصة ومغامرة مثيرة لك.,this is an amazing story and adventure for you to go on.,this is a very exciting story for you.,adequate
تحدي نفسك لتري كيف ستعيش. معظم لاعبينا حافظوا علي العادات التي تعلموها في هذه اللعبة.,"challenge yourself to see how you would survive,"" most of our players have kept up the habits that they learned in this game.",the challenge of yourself to see how you live. most of our help us keep the habits that have learned in this game.,adequate
في اللعبة التالية لانقاذ العالم، قررنا رفع الاهداف، لمشاكل اكبر من البترول.,"so for the next world-saving game, we decided to aim higher -- bigger problem than just peak oil.","in the next game because the world, we decided to raise goals, the biggest problems than oil.",adequate
صنعنا لعبة اسمها سوبر ستركت في معهد المستقبل.,we did a game called superstruct at the institute for the future.,"we made a game called syria, you'll leave at the future institute.",adequate
الفرضية كانت، ان حاسباً عملاقاً حَسَبَ انه بقي للبشرية ٢٣ عام.,"and the premise was, a supercomputer has calculated that humans have only 23 years left on the planet.","the assumption was, that the computer is a sense of humanity's worth of humanity.",adequate
واسم هذا الحاسب نظام انذار الابادة العالمية بالطبع.,"this supercomputer was called the global extinction awareness system, of course.",and i share this computer system that the world's system of course.,adequate
طلبنا من الناس الدخول لموقعنا تقريبا مثل افلام جيري بريكيمير.,we asked people to come online -- almost like a jerry bruckheimer movie.,we asked people to go up almost like a british movies.,adequate
تعرفون افلام جيري بريكيمير، تكوِّن فريق الاحلام. لديك رائد الفضاء، العالم، صاحب السوابق، وعليهم جميعا العمل لانقاذ العالم،,"you know jerry bruckheimer movies, you form a dream team -- you've got the astronaut, the scientist, the ex-convict, and they all have something to do to save the world.","you know a british film, you know, it's a team of dreams. you have the smell of space, the world, the righter, and you all work because the world's saving the world.",adequate
لكن في لعبتنا، بدلاً عن خمس اشخاص فقط في فريق الاحلام، قلنا ان الجميع في فريق الاحلام، ومهمتك ان نتخترع مستقبل الطاقة، مستقبل الغذاء، مستقبل الصحة، مستقبل الامن ومستقبل الشبكة الاجتماعية،,"but in our game, instead of just having five people on the dream team, we said, ""everybody's on the dream team, and it's your job to invent the future of energy, the future of food, the future of health, the future of security and the future of the social safety net.""","but in our game, rather than five people in the dreams of peace team, we said that everybody in dreams, and if we want to invent the future of energy future, the future, a future of health, security future, and social network of social network.",adequate
كان لدينا ٨٠٠٠ شخص لعبو لثمان اسابيع.,"we had 8,000 people play that game for eight weeks.","we had 200,000 people played a second for weeks.",adequate
وتوصلو الي ٥٠٠ حل بديع جداً ويمكنك البحث علي جوجل عن Superstruct ورؤية ذلك.,"they came up with 500 insanely creative solutions that you can go online, google ""superstruct,"" and see.","and they're getting up to 200 incredible solution and you can search google google, and you see that.",adequate
والان، واخيرا، اللعبة الاخيرة اطلقت في ٣ مارس. هذه لعبة صنعت مع معهد البنك الدولي.,"so, finally, the last game, we're launching it march 3rd. this is a game done with the world bank institute.","now, finally, the last game came up in maria, this is a game that i made with the world bank.",adequate
لو اتممت اللعبة تصبح مرخَّصاً من قبل معهد البنك الدولي، كمبدع اجتماعي، دفعة 2010.,"if you complete the game, you will be certified by the world bank institute as a social innovator, class of 2010.","if i hope the game becomes a little bit of the world bank institute, as a social, a socialist, 2010.",adequate
بالعمل مع جامعات حول منطقة الصحراء الافريقية، وندعوهم لتعلم مهارات الابداع الاجتماعي,"working with universities all over sub-saharan africa, and we are inviting them to learn social innovation skills.","working with universities around the african desert area, and let them teach them to learning social skills.",adequate
لدينا قصة مصورة. لدينا تطوير في مهارات مثل الفهم المحلي، العلاقات العلمية الاستدامة، الرؤية، والاعتمادية,"we've got a graphic novel, we've got leveling up in skills like local insight, knowledge networking, sustainability, vision and resourcefulness.","we have a typical story. we have developed in skills like local understanding, the science relationships, the vision of view, vision, and the importance of view.",adequate
اود ان ادعوكم جميعا بان تشاركو الشباب في هذه اللعبة من كل انحاء العالم، وخصوصا في الدول النامية والذين قد يستفيدوا من العمل معا لمحاولة تخيل ابداعهم الاجتماعي لانقاذ العالم,"i would like to invite all of you to please share this game with young people, anywhere in the world, particularly in developing areas, who might benefit from coming together to try to start to imagine their own social enterprises to save the world.","i'd like to invite you all share that young people in this game from all over the world, especially in developing countries who may benefit from working together to try to try and save their social world to save the world.",adequate
اذا، سانهي الان,"so, i'm going to wrap up now.","so, i'm going to finish up now.",adequate
واود ان اطرح سؤالا,i want to ask a question.,i'd like to ask a question.,adequate
ما ذا تتوقعون ان يحصل الان؟,what do you think happens next?,what do you expect to get?,adequate
لدينا كل هؤلاء اللاعبين الرائعين، لدينا هذه الالعاب وهي تجريبية نوعا ما، ولكن لم تنقذ اياً منها العالم بعد.,"we've got all these amazing gamers, we've got these games that are kind of pilots of what we might do, but none of them have saved the real world yet.","we have all these incredible players, we have these games, and it's a kind of experimental, but it didn't save them after the world.",adequate
اتمني ان توافقوني الراي بان اللاعبين طاقات بشرية يمكننا استخدامها للقيام باعمال حقيقية، بان الالعاب ادوات قوية للتغيير.,"well i hope you will agree with me that gamers are a human resource that we can use to do real-world work, that games are a powerful platform for change.","i hope you'll agree that the players are able to use it to do a real business, that games are powerful tools for change.",adequate
ولدينا كل هذه القوي الخارقة، الانتاجية السعيدة، القدرة علي حياكة نسيج اجتماعي محكم، هذا الشعور بالتفائل العاجل، والرغبة في معني الفوز الاسطوري. اتمني حقيقة ان نعمل سوياً,"we have all these amazing superpowers: blissful productivity, the ability to weave a tight social fabric, this feeling of urgent optimism and the desire for epic meaning.","we have all these superior forces, the remote productivity, the ability to knitting the social partnership, this sense of mood, and the desire to be in the meaning of the means that we're really working together.",adequate
ونلعب الالعاب المهمة، لنحيا علي هذا الكوكب لقرن قادم. وهذا املي بان تنضمو الي,"i really hope that we can come together to play games that matter, to survive on this planet for another century.","and play games, let's play on this planet for a century that led us. and that's my mother's wish to grow up.",adequate
في صنع ولعب مثل هذه الالعاب.,"that's my hope, that you will join me in making and playing games like this.",it's made to play like this games.,severe omission
حين انظر الي العقد القادم، اوقن بامرين، باننا نستطيع صنع اي مستقبل نتخيله، واننا نستطيع لعب الالعاب التي نرغب بها. اذاً، اقول دعوا الالعاب المغيرة للعالم تبدا.,"when i look forward to the next decade, i know two things for sure: that we can make any future we can imagine, and we can play any games we want, so i say: let the world-changing games begin.","when i look at the next decade, i believe that we can create any future we can imagine, and if we can play games that we want to play. so let's play games begin to change the world.",repetition
شكراً.,thank you.,thank you.,adequate
"علي مدي فترة وجيزة قمت بالاهتمام بتاثير الدواء الوهمي, والذي يبدو علي انه من الغريب بالنسبة لساحر الاهتمام بشيء كهذا, الا اذا نظرتم لذلك بالمفاهيم التي انظر اليها انا, والتي هي: ""شيء وهمي يقوم شخص ما بتصديقه لدرجة يصبح بالنسبة لذلك الشخص شيء حقيقي.""","for some time i have been interested in the placebo effect, which might seem like an odd thing for a magician to be interested in, unless you think of it in the terms that i do, which is, ""something fake is believed in enough by somebody that it becomes something real.""","it's how much of the time i've been interested in the case of the phant medicine, which seems like this funny for a sense of attention to something like this, if you look at the concepts that i look at it, which is the thing that is, and they're doing something that's true.",repetition
"بكلمات اخري, حبوب الدواء المصنوعة من السكر لها تاثير قابل للقياس في انواع معينة من الدراسات, تاثير الدواء الوهمي, فقط لان الشخص يعتقد ان ما يحدث له هو شيء دوائي او نوعاً من ... لمعالجة الالم, علي سبيل المثال, اذا صدق كفاية بان لذلك تاثير قابل للقياس في الجسم يدعي تاثير الدواء الوهمي.","in other words, sugar pills have a measurable effect in certain kinds of studies, the placebo effect, just because the person thinks that what's happening to them is a pharmaceutical or some sort of a -- for pain management, for example, if they believe it enough there is a measurable effect in the body called the placebo effect.","in other words, with a variety of sugar, a lot of sugar effect on certain kinds of studies, the effect of the phantom drug, because someone thinks what's happening is something that's interesting or a sense of pain, but for example, if you believe it's a drug effect on the body.",adequate
شيء زائف يصبح حقيقي لان احدهم اعتقد ذلك عن هذا الشيء.,something fake becomes something real because of someone's perception of it.,"something that becomes real, because someone think about this thing.",adequate
"وحتي نتكلم بوضوح اود ان ابدا بعرض خدعة سحرية, بسيطة وسهلة جداً.","in order for us to understand each other, i want to start by showing you a rudimentary, very simple magic trick.","and even speaking, i'd like to start showing up a magic trick, simple, simple and a very simple moment.",adequate
وسوف اطلعكم فيما بعد علي سر هذه الخدعة. انها خدعة ظهرت في كل كتب السحر الخاصة بالاطفال منذ سنوات الـ 1950.,and i'm going to show you how it works. this is a trick that's been in every children's magic book since at least the 1950s.,and i'm going to show you later on this trick. it's a trick that came out in every single magician books in the 1950 years ago.,adequate
"انا شخصياً تعلمتها من ""السحر للكشافة اليافعة"" في سنوات الـ 1970.",i learned it myself from cub scout magic in the 1970s.,i'm a person i learned from the middle of the fibers of the high-year-olds in 1970.,adequate
"سوف اقوم بعرضها, ومن ثم ساقوم بشرحها.","i'll do it for you, and then i'll explain it.","i'll show them, and then i'm going to explain it.",adequate
وفي النهاية ساشرح لكم لماذا قمت بشرحها.,and then i'll explain why i explained it.,"and finally, i'm going to explain why i've explain it.",adequate
"اذن, لنري ما سيحدث.","so, here's what happens.",so let's see what's going to happen.,low overlap
"السكين, كما يمكنكم رؤيتها. يدي, كما يمكنكم رؤيتها ايضاً.","the knife, which you can examine; my hand, which you could examine.","empowering, as you can see. i can see it too.",adequate
سوف اقوم باحكام القبض علي السكين بقبضتي بالشكل التالي.,i'm just going to hold the knife in my fist like this.,i'm going to give you a rubber on the knife with the next one.,adequate
ساقوم بارجاع كم ثوبي الي الخلف.,i'll get my sleeve back.,i'm going to go out how hot i go back to the back.,over-generation
ولكي تتاكدوا بان لا شيء سيظهر من كم الثوب ساقوم بالضغط علي معصمي هنا بالضبط.,and to make sure nothing goes up or down my sleeve i'm just going to squeeze my wrist right here.,"and in order to make sure something that's going to show up as a snow, i'm going to cut up with my shirt here.",adequate
"وهكذا يمكنكم التاكد بان لا شيء يمكنه العبور, طالما انا اضغط هنا من والي كم ثوبي.","that way you can see that at no time can anything travel, as long as i'm squeezing there nothing can go up or down my sleeve.","and so you can make sure that nothing can play, as long as i'm covered here, and as a barbie.",adequate
والهدف من هذا سهل للغاية.,and the object of this is quite simple.,and the goal of this is very easy.,adequate
"سوف افتح يدي, متاملاً, اذا كل شيء سار علي ما يرام, مغناطيسية جسمي الطبيعية ستمسك بالسكين.","i'm going to open my hand, and hopefully, if all is well, my pure animal magnetism will hold the knife.","i'm going to open my hand, if every thing is okay, it's okay, a magnetic body.",adequate
"في الحقيقة لقد قبضت علي السكين باحكام لدرجة يمكنني ان اهزها, ومع ذلك فالسكيـن لن تسقط ابداً.","in fact it's held so tightly in place that i can shake it, and the knife does not come off.","in fact, i've been caught on the knife, so i can't sell it, and yet, it's not going to stop.",adequate
"لا شيء يمكنه العبور من والي كم ثوبي, انها ليست خدعة. حيث يمكنكم رؤية وفحص كل شيء.","nothing goes up or down my sleeve, no trickery. and you can examine everything.","nothing can play out and even as a barbie, it's not a trick, where you can see and look at everything.",adequate
"اذن, فهذه خدعة اقوم عادةً بتعليمها للاطفال الذين يهتمون بالسحر, لانه يمكنك ان تتعلم بشكل كبير عن المخادعة والتضليل عن طريق تعلم هذا -- بالرغم من كونها خدعة بسيطة جداً من ناحية منهجية.","so, this is a trick that i often teach to young children that are interested in magic, because you can learn a great deal about deception by studying this very -- even though it's a very simple trick methodologically.","so, that's a trick i usually teach them for children who care about magic, because you can learn a huge amount of brain and evidence of learning about it -- although it is a very simple trick.",adequate
من المحتمل ان اغلب الحضور هنا يعرفون هذه الخدعة.,probably many of you in the room know this trick.,most of the audience will probably know this trick.,adequate
الذي حدث هو كالاتي:,what happens is this.,what happened was like my comes.,adequate
امسكت السكين بيدي.,i hold the knife in my hand.,the knife's knife.,severe omission
"بعدها قلت باني ساقوم بالضغط علي معصمي لتتاكدوا بان لا شيء سيعبر من والي كم ثوبي, هذه كانت كذبة.","i say i'm going to grab hold of my wrist to make sure nothing goes up or down my sleeve, that is a lie.","and then i said i'm going to cut down with my shirt to make sure that nothing is going to be forced and to see how much, this was a false memory.",adequate
السبب وراء قبضي علي معصمي هو في الواقع سر هذه الخدعة الوهمية.,the reason i'm holding onto my wrist is because that's actually the secret of the illusion.,the reason why i spend on my shirt is actually secretly secret trick.,adequate
"في اللحظة التي ستتحرك يدي من الجهة التي تقابلكم الي الجهة البعيدة عنكم, هذا الاصبع هنا, السبابة سوف ينتقل من حيث كان, الي موضع يشير به بالشكل التالي.","in a moment when my hand moves from facing you to being away from you, this finger right here, my index finger is just going to shift from where it is, to a position pointing out like this.","in the moment you'll open my hand from the side that you're going to go on the side of you, that's the black hole here, the cloud will move from where it was, to the point of the next place.",adequate
جميل جداً.,nice one.,so beautiful.,low overlap
يبدو كان احدهم هناك قد فاتته فترة الطفولة.,someone who didn't have a childhood is out there.,someone seemed there was a while of my childhood bill.,adequate
"اذن, فانها تبدا من هنا.","so, it goes like this, from here, right.","so, it starts out here.",adequate
وينتقل اصبعي عندما اقوم بادارتها.,and as i move around my finger shifts.,and i went down to my finger when i do it.,adequate
"ويمكننا التحدث عن السبب الذي جعل ذلك مضلل, لماذا لم تلاحظوا بان هناك فقط ثلاثة اصابع هنا في الاسفل, انه العقل, والطريقة التي يعالج بها المعلومات, انه لا يعد واحد, اثنان, ثلاثة. انه يجمعها كلها.","and we could talk about why this is deceptive, why you don't notice there are only three fingers down here, because the mind, and the way it processes information, it doesn't count, one, two, three. it groups them.","and we can talk about the reason that made it better, why don't you notice that there's only three fingers here at the bottom, the brain, the way that the brain can treat information, it's not only one, two, three, that's the whole thing.",adequate
"ولكن هذا ليس كل شيء, صحيح؟ فبعدها اقوم بفتح يدي.",but that's not really what this is about. right? and then i open my hand up.,"but that's not everything, right? after i open my hand.",adequate
"واضح بانها ليست ملتصقة بفعل الجاذبية الجسدية, وانما بفعل الخدعة, فالسبابة موجودة هناك.","obviously it's clinging there, not by animal magnetism, but by chicanery, my index finger being there.","it's clear that they're not committed to doing gravity, and if they do the trick, the answer is there.",adequate
"وعندما اقوم باغلاق اصبعي, نفس الشيء, وعندما ارجع يدي, هذه الحركة تكون عبارة عن تغطية لعملية ارجاع اصبعي للخلف.","and then when i close my finger, same thing, as i move back, this motion kind of covers the moving back of my finger.","and when i do my finger, the same thing, when i go on my hand, this movement would be covered with the legs of my finger.",adequate
بعدها اسحب يدي هذه بعيداً. واقوم باخراج السكين.,i take this hand away. you give the knife out.,and then i'd love my hand away. and i'm going to get the knife.,adequate
هذه خدعة يمكنك ان تفعلها مع اصدقائك وجيرانك. شكراً.,there is a trick you can do for your friends and neighbors. thanks.,this trick you can do with your friends and your neighbors. thank you.,adequate
"والان, ما علاقة كل هذا بتاثير الدواء الوهمي؟","now, what does that have to do with the placebo effect?","now, what's relationship with all this phant medicine?",low overlap
"لقد قرات دراسة, قبل حوالي سنة تقريباً والتي فتحت دماغي علي مصراعيه من فرط الدهشة.",i read a study a year or so ago that really blew my mind wide open.,"i've read a study, about almost almost almost a year that i opened my brain on my arm of amazing branches.",adequate
"انا لست طبيب او باحث, لذا فبالنسبة لي, كان هذا شيء مذهل حقاً.","i'm not a doctor or a researcher, so this, to me, was an astonishing thing.","i'm not a doctor or a doctor, so for me, this was really amazing thing.",adequate
"كما تبيّن, لو اعطيت الدواء الوهمي علي شكل قرص ابيض, والذي شكله يشبه قرص الاسبرين, انه عبارة عن قرص ابيض دائري الشكل, ولديه تاثير ما قابل للقياس.","it turns out that if you administer a placebo in the form of a white pill, that's like aspirin shaped -- it's just a round white pill -- it has some certain measurable effect.","as it turns out, if you gave the illusion of a white medicine, which looks like the spanish, it's kind of like a black hole, it is a white hole, and it has a effect of scale.",adequate
"ولكن اذا قمت بتغيير الطريقة التي تعطي بها هذا الدواء الوهمي, مثلاُ ان تصنع قرص اصغر, وتلونه باللون الازرق, وتطبع عليه جملة ما, تكون في الواقع ذات تاثير اكبر علي نحو قابل للقياس.","but if you change the form that you give the placebo in, like you make a smaller pill, and color it blue, and stamp a letter into it, it is actually measurably more effective.","but if you change the way that you give this phant medicine, for example, you make a little smaller little smaller, and they're typing it in blue, and it's typing, actually the effect of the effect on the scale of scale.",adequate
بالرغم من انه لا الاولي ولا الثانية لديهما اي تاثير دوائي -- انها فقط اقراص من السكر.,even though neither one of these things has any pharmaceutical -- they're sugar pills.,even though it's not the second and i don't have any psychological impact -- they're just a lot of sugar.,adequate
ولكن القرص الابيض ليس افضل من القرص الازرق.,but a white pill is not as good as a blue pill.,but white ones are not better than the blue monkeys.,adequate
ماذا؟ هذا جعلني انقلب راساً علي عقب.,what? that really flipped me out.,what? that made me feel a hole on a track.,adequate
ومع هذا فقد تبيّن بان هذا ليس كل شيء.,"turns out though, that that's not even where it stops.","and yet, it turns out that this isn't everything.",adequate
"اذا كان لديك كبسولات, فانها فعالة اكثر بكثير من حبوب الدواء بكل اشكالها.","if you have capsules, they're more effective than tablets in any form.","if you have chocolate, it's much more effective than the medicine of its medicine.",adequate
"كبسولة ملوّنه, صفراء من الطرف الاول وحمراء من الطرف الاخر افضل من الكبسولة البيضاء.","a colored capsule, that's yellow on one end and red on the other is better than a white capsule.","as a piece of hand, yellow, yellow line from the first side and the other side of the other handouts of white capsule.",adequate
كمية الجرعة الماخوذه لها علاقة بهذا.,dosage has something to do with this.,the amount of the dopamine has a relationship with this.,adequate
قرص واحد مرتين باليوم ليس مفيد كاخذ ثلاثة اقراص -- انا لا اتذكر الاحصائيات الان. اعذروني.,one pill twice a day is not as good at three pills -- i don't remember the statistic now. sorry.,one of the two billion years old enough to take three drives -- i don't remember statistics. i'm not remember the statistics.,adequate
ولكن القصد هو ...,but the point is ...,but the texture is.,adequate
... كمية الجرعات لها علاقة بهذا.,... these dosages have something to do with it.,the amount of surgery has a relationship with this.,low overlap
والشكل ايضاً له علاقة بهذا.,and the form has something to do with it.,and it's also made a relationship with this.,adequate
واذا اردت الحصول علي الفائدة القصوي من الدواء الوهمي عليك بالابرة.,"and if you want the ultimate in placebo, you've go to the needle.","and if you want to get the shortage of the phant medicine, you've got to meet.",adequate
"صحيح؟ حقنه مكوّنه من -- بضع سنتيمترات مكعبة من شيء معيّن غير فعال, تقوم بحقن ذلك للمريض ...","right? a syringe with some inert -- a couple ccs of some inert something, and you inject this into a patient ...","right? it's right? a couple of you're going to put a little bit of a game of something that's really effective, you really do it for the patient.",adequate
"حسناً في الواقع تلك تكون صورة قوية في اذهانهم, انها اقوي بكثير من القرص الابيض.","well this is such a powerful image in their mind, it's so much stronger than the white pill.","well, that's actually a strong image in their minds, it's much stronger than white.",adequate
"انها حقاً, هذا الشكل البياني, سوف اعرضه عليكم في فرصةٍ اخري عندما يكون لدينا عرض شرائح.","it's a really, this graph, well i'll show it to you some other time when we have slides.","it's really, this graph, i'm going to show you in another opportunity when we have slides.",adequate
"القصد هو القرص الابيض غير مفيد كالقرص الازرق وغير مفيد كالكبسولة, وغير مفيد كالابرة.",the point is the white pill is not as good as the blue pill is not as good as the capsule is not as good as the needle.,"the black hole is not useful as bluefinite as the blueprints, and other words, like a country, and so they're like a needle.",adequate
ولا اي واحده من ما ذكر له فائدة من ناحية دوائية. انه فقط اعتقادكم الذي يجعلها حقيقية داخل اجسامكم ومنحها تاثير قوي عليكم.,"and none of it has any real pharmaceutical quality, it's only your belief that makes it real in your body and makes a stronger effect.",and it's not one of what you've mentioned is a useful version of the tropics. it just think that you think of your own bodies within your body and it has a strong effect on you.,adequate
اريد ان افحص اذا كان بامكاني اخذ هذه الفكرة وتطبيقها علي خدعة سحرية.,i wanted to see if i could take that idea and apply it to a magic trick.,i want to check if i can take this idea and apply it to a magic trick.,adequate
واخذ شيء من الواضح انه خدعه مزيفة وجعلها تبدو كما لو كانت حقيقية.,and take something that is obviously a fake trick and make it seem real.,something that's obvious that it's a light and make it look like if it was real.,adequate
وكما نعلم من تلك الدراسة انه عندما تريد شيء اقرب الي الواقع تستخدم الابرة.,"and we know from that study that when you want reality, you go to the needle.","and as we know, we know that when you want something closer to the father is using the needle.",adequate
"انها ابرة بطول 7 انشات, تستخدم لتثبيت القبعة. انها حادة جداً جداً. اود ان اقوم بتعقيمها قليلاً.","this is a seven-inch hatpin. it's very, very sharp, and i'm going to just sterilize it a tiny bit.","it's a seven-year-old daughter, you use it to install the hatred. it is very hard. i'd like to do it a little bit.",adequate
هذا لحمي الحقيقي. انه ليس لحم داميان الذي ينمو بطريقة خاصة.,this is really my flesh. this is not damian's special-grown flesh.,this is the real protection. it's not a protective meat that grows in a special way.,adequate
هذا جلدي ها هنا. هذا ليس تاثير هوليوود.,that's my skin right there. this is not a hollywood special effect.,this sat here. this is not the effect of david.,adequate
ساقوم الان بثقب جلدي واخراج هذه الابره من الجهة الثانية.,i'm going to pierce my skin and run this needle through to the other side.,i'm going to do with your sat down and checks that's on the second.,adequate
"اذا كنت تشعر بالغثيان -- اذا كان يغمي عليك بسهولة -- لقد قمت بذلك امام بعض من اصدقائي في غرفة الفندق ليلة البارحة, وبعض الاشخاص الذين لا اعرفهم, كان هناك امراة كادت ان يغمي عليها.","if you're queasy -- if you faint easily -- i was doing this for some friends in the hotel room last night, and some people that i didn't know, and one woman almost passed out.","if you feel an adult -- if you've got to easily -- i did it in front of my friends in the cold room, some of the cold night, some people i don't know, there was a woman that was like a woman.",adequate
"لذا, فانا اقترح اذا كنت من الذين يغثي عليهم بسهولة انظر بعيداً لحوالي 30 ثانية -- عندي فكره اخري, ساقوم بالجزء الصعب الاول في الخلفية.","so, i suggest if you get queasy easy that you look away for about the next 30 -- in fact, you know what, i'll do the first bad part behind it.","so, i suggest if i've been able to make sure that they've got to look away from about 30 seconds -- i have another idea, i'm going to really hard part in the background.",adequate
"انت ستتمكن من الرؤية, يمكنك ان تنظر بعيداً لو اردت.","you'll get to see, you can look away too if you'd like to.","you can see, you can look away if you want to.",adequate
"اذن, هذا ما سيحدث, هنا تماماً, هنا يبدا لحمي في الجزء السفلي من ذراعي قمت بعمل ثقب صغير.","so, here is what happens, right here, the beginning of my flesh at the lower part of my arm i just make a little pierce.","so, that's what's going to happen here, right here to protect me in the bottom part of my arms, i've made a little hole.",adequate
انا اسف يا رجل. هل اخيفك بهذا؟,"i'm sorry, man. am i freaking you out?","i'm sorry, man. do you add to this?",adequate
"بعدها امرر الابره قليلاً في جلدي, وفي النهاية تخرج من الجهة الاخري كما ترون.","ok, and then just through my skin a tiny bit, and then out the other side like this.","and then he ran his little bit in my skin, and finally, coming out of the other side, as you can see.",adequate
"الان, عملياً فنحن في نفس الموقف الذي كنا به مع خدعة السكين.","now, essentially we're in the same position we were in with the knife trick.","now, my work is, we're in the same situation that we've been working with the knife trick.",adequate
نوعاً ما.,sort of.,it's kind of.,adequate
"ولكن ليس باستطاعتكم عد اصابعي, هل يمكنكم ذلك؟",but you can't count my fingers right now can you?,"but not you can't find your fingers, can you do that?",adequate
"اذن, اسمحوا لي ان اريكم اصابعي. واحد, اثنان ثلاثة, اربعة, خمسة.","so, let me show them to you. that's one, two three, four, five.","so let me show you one. two, two, three, four, five, five.",adequate
"نعم, حسنا...","yes, well...","yeah, right.",low overlap
اعلم ما يعتقد به الناس عندما يرون هذا.,i know what people think when they see this.,i know what people think about when they see this.,adequate
"يعتقدون ""حسنا, انه ليس ابله كفاية ليثقب جلده فقط كي يسلينا لبضعة دقائق.","they go, ""well, he's certainly not dumb enough to stab himself through the skin to entertain us for a few minutes.","they think, ""well, it's not apple enough for me to track it just as long as we're born for a few minutes.",adequate
"لذا, اسمحوا لي ان اريكم نظره خاطفة.","so, let me give you a little peek.","so, let me show you a little bit like this.",adequate
كيف يبدوا لكم هذا؟ جميل جداً.,how's that look out there? pretty good.,how do they look like this? pretty beautiful.,adequate
"نعم, اعلم ذلك والاشخاص الذين يجلسون في الخلف يقولون ""حسناً, انا لم اري ذلك حقيقة.""","yeah, i know. and the people in the back go, ""ok, i didn't really see that.""","yes, i know that and the people sitting behind saying, ""well, i didn't see that fact.""",adequate
الاشخاص في غرفة البث يبداون بالدخول الي هنا الان.,people in the satellite room are starting to move in now.,the people in the cold room starts to go up here now.,adequate
اسمحوا لي ان اريكم نظرة قريبة علي هذا.,let me give you good close look at this.,let me show you a look close to this.,adequate
انه حقاً جلدي. انه ليس من تاثيرات هوليوود المميزة.,that really is my skin. that is not a hollywood special effect.,it really sat down. it's not the effect of hollywood.,adequate
"هذا لحمي, ويمكنني تحريك هذا بشكل دائري.","that's my flesh, and i can twist that around.","this is my dream, and i can move this in circular.",adequate
"انا اسف. اذا كنت تشعر بالغثيان, فابعد نظرك بعيداً, لا تنظر الي هذا.","i'm sorry. if you're getting queasy, look away, don't look at the thing.","i'm sorry. if you feel a female, you're trying to move away, you don't look at this.",adequate
"الناس الجالسون في الخلف. او الناس الذين يشاهدون هذا عبر الفيديو بعد عدة سنوات من الان سيعتقدون ""حسناً, هذا يبدو انيق نوعاً ما هناك نوعاً من التاثير, لانه لو كان هذا حقيقي فانه سيكون -- انظروا يوجد ثقب هنا وثقب هناك, لو كان هذا حقيقي فلا بد ان ينزف الدم.","people in the back or people on video years from now watching this will go, ""well yeah, that looks kind of neat in some sort of effect there, but if it were real he would be -- see there's a hole there and a hole there, if it were real he would be bleeding.","people are sitting in the back. or the people who watch this video through a few years of now, you think, ""well, this looks like a kind of impact, because if it's really real -- there's a real time -- you'll look at this point here, if there is a real life.",adequate
حسناً اسمحوا لي باظهار بعض الدم لكم.,well let me work up some blood for you.,well let me show you some blood to show you.,adequate
"نعم, ها هو ذا.","yes, there it is.","yes, here's a memory.",adequate
من الطبيعي الان ان اخرج الابره.,"normally now, i would take the needle out.",from the natural landscape now is to get out of it.,low overlap
"سوف اقوم بتنظيف ذراعي, وساريكم بانه ليس هناك جروح.","i would clean off my arm, and i would show you that there are no wounds.","i'm going to clean up my arms, and i'll show you that there's not a horse.",adequate
"ولكني اعتقد انه في هذا السياق ومع فكرة اخذ شيء زائف وتحويله الي شيء حقيقي, ساقوم بترك الابره هنا, والخروج من خشبة المسرح.","but i think in this context and with the idea of taking something fake and making it into something real, i'm just going to leave it there, and walk off the stage.","but i think it's in this context and with a sense that i take something and turn it into something real, i'm going to leave it here, and go out of the stage.",adequate
سوف اراكم في بعض المرات في الايام القليلة المقبلة.,i will be seeing you several times over the next few days.,i'm going to see you in some times in the next few days.,adequate
اتمني انكم تتشوقون لذلك. شكراً جزيلاً لكم.,i hope you're looking forward to that. thank you very much.,i hope you're laughing so much. thank you very much.,adequate
لقد تعرفت علي الكثير من الاسماك في حياتي ..,"so, i've known a lot of fish in my life.",i knew a lot of fish in my life.,adequate
ولكنني احببت فقط اثنتين,i've loved only two.,but i loved just two.,adequate
هذه هي الاولي .. لقد كانت اكثر من علاقة عاطفية .,"that first one, it was more like a passionate affair.","this is the first one, it's more than emotion.",adequate
"لقد كانت سمكة جميلة لذيذة , مزخرفة , غنية باللحم افضل ما يمكن بيعه من علي قائمة الطعام","it was a beautiful fish: flavorful, textured, meaty, a bestseller on the menu.","it was a beautiful fish for the helium, a rich self-elect, the best part of the food list of food.",adequate
يا لها من سمكة .,what a fish.,"oh, it's a fish.",adequate
بل و اكثر لقد تم تربيتها في مزارع السمك باعلي المعاير المطلوبة للاستدامة,"even better, it was farm-raised to the supposed highest standards of sustainability.","but more, it's been trained in the fish accelerating fish that are required to be sustainable for sustainability.",adequate
مما يجعلك تشعر بصورة جيدة عند بيعها .,so you could feel good about selling it.,and it makes you feel good at it.,adequate
ولقد كنت في علاقة مع هذه الجميلة .. لعدة اشهر,i was in a relationship with this beauty for several months.,"and i was in a relationship with this beautiful, for several months.",adequate
"ويوما ما , اتصل رئيس الشركة .. وسالني ان كان بامكاني التحدث في مؤتمر عن استدامة مزرعة الاسماك تلك","one day, the head of the company called and asked if i'd speak at an event about the farm's sustainability.","and rome, the president of the company, and i asked me that i could talk about a conference about the fish farm.",adequate
"فاجبت "" حتماً ""","""absolutely,"" i said.","and i said, ""yes.""",adequate
انها شركة تحاول حل .. مايعتبر المشكلة الاخطر لطباخيها .. وهي كيف نُبقي السمك علي لائحة طعامنا المتوفر ؟,here was a company trying to solve what's become this unimaginable problem for us chefs: how do we keep fish on our menus?,"it's a company trying to solve, what's the brother's important problem, and that's how do we keep fish in the fish that we don't afford?",adequate
لمدة 50 عام المنصرمة كنا نصطاد من البحار كما ازالة الاشجار من الغابات,"for the past 50 years, we've been fishing the seas like we clear-cut forests.","for 50 years, we were texting out of the sea, as we cut the trees from the forest.",adequate
ومن الصعب توضيح الدمار الذي حدث,it's hard to overstate the destruction.,and it's hard to think of the blood vessels that happened.,over-generation
"ف 90% من الاسماك الكبيرة , والتي نُحب التونا , القفندر , السلمون , سمك سياف البحر دمرت","ninety percent of large fish, the ones we love -- the tunas, the halibuts, the salmons, swordfish -- they've collapsed.","90 percent of the big fish, which they love us, the art, the swellers, the sea fish.",adequate
ولم يعد منها شيء تقريباً,there's almost nothing left.,and it's no longer.,low overlap
وسواء كان هذا ايجابياً ام سلبياً فان الزراعة السمكية ستصبح جزء من مستقبلنا,"so, for better or for worse, aquaculture, fish farming, is going to be a part of our future.",and the air was this positive or so the fisheries are going to be part of our future.,adequate
وهنالك الكثير من الاعتراضات ضدها فمزارع الاسماك تلوث المحيط .. معظمها يقم بذلك علي الاقل وهي غير فعالة .. لناخذ التونا علي سبيل المثال يوجد عيب كبير في مزارعها,"a lot of arguments against it: fish farms pollute -- most of them do anyway -- and they're inefficient. take tuna, a major drawback.","and there's a lot of assumptions against the acceleration of the fish oil industry -- most of the ocean, most of them, at least it's ineffective, for example, there is a great deal in the accelerating.",repetition
لانها تملك نسبة تغذية 15 الي 1,it's got a feed conversion ratio of 15 to one.,because it's got 15 food to one.,adequate
اي انك تحتاج اطعامها 15 باوندا من السمك الحر لكي تحصل علي 1 باوند من سمك التونة في المزرعة,that means it takes fifteen pounds of wild fish to get you one pound of farm tuna.,"you need to feed them 15 pounds of fish, so you get one of the tuna on the farm in the farm.",adequate
اي استدامة سيئة,not very sustainable.,it's not bad.,adequate
بالاضافة الي ان مذاقها سيء,it doesn't taste very good either.,"and in addition, it's really bad.",low overlap
لذا لدينا هنا .. اخيراً ! شركة تريد القيام بالامور علي النحو الصحيح .,"so here, finally, was a company trying to do it right.","so we have here, finally, companies want to do things right.",adequate
واردت مساعدتهم,i wanted to support them.,i wanted them to help them.,adequate
ففي اليوم الذي يسبق المؤتمر . اتصلت برئيس العلاقات العامة لتلك الشركة .,"the day before the event, i called the head of p.r. for the company.",in the day i've ever heard the public relationships of the company of this company.,adequate
"ولندعوه "" دون """,let's call him don.,"and he's called ""no.""",low overlap
"سئلته "" دون , فقط لكي افهم الامور جيداً , انتم مشهورون جداً ... في زراعة الاسماك خارج البحر .. وانتم لاتلوثون المحيط حتي الان""","""don,"" i said, ""just to get the facts straight, you guys are famous for farming so far out to sea, you don't pollute.""","it's so hard to understand things, you're very good, you are very popular, in transplantating fish out of the sea, and you don't even have the ocean.",adequate
"فاجاب "" نعم هذا صحيح نحن كذلك حتي الان ... فمخلفات الاسماك لدينا توزع ... ولا يتم تركيزها ""","""that's right,"" he said. ""we're so far out, the waste from our fish gets distributed, not concentrated.""","and he said, ""yes, that's right now, because of the fish waste, and we don't concentrate.",low overlap
"ثم اضاف .. "" نحن تقريباً عالم مستقبل بذاتنا ..","and then he added, ""we're basically a world unto ourselves.","and then, we're almost a world of our best world.",adequate
"ونسبة التغذية لدينا 2.5 الي 1 ""","that feed conversion ratio? 2.5 to one,"" he said.",and the nutrition has two.5 to one.,low overlap
""" الافضل في السوق ""","""best in the business.""","""the best in the market.""",adequate
"2.5 الي 1 , ممتاز","2.5 to one, great.","two.5 to one, perfect.",adequate
من ماذا 2.5 الي 1 ؟ مالذي تطعمونها ؟,"""2.5 what? what are you feeding?""",what's two.5? what are you going to support them?,adequate
"اجاب "" بروتينات مستدامة ""","""sustainable proteins,"" he said.","he said, ""i've got sustainable proteins.""",adequate
"اجبت "" ممتاز "" واغلقت الهاتف","""great,"" i said. got off the phone.","she said, ""well, i've done the phone.",adequate
"وفي تلك الليلة كنت مستلقٍ علي السرير وفكرت في نفسي .. "" ما هي البروتينات المستدامة بحق الاله ؟ ""","and that night, i was lying in bed, and i thought: what the hell is a sustainable protein?","and in that night, i was flying on the bed, and i thought, ""what is the proteins that are the right?",adequate
"لذا في اليوم التالي وقبل المؤتمر هاتفت "" دون ""","so the next day, just before the event, i called don.","so in the next day, i mean, ""no.""",adequate
"سئلته "" دون , هل يمكنك اعطائي بعض الامثلة عن البروتينات المستدامة ؟ ""","i said, ""don, what are some examples of sustainable proteins?""","""no, can you give me a couple of examples of sustainable proteins?",adequate
فاجابني انه لا يعلم . وسوف يسال عن الامر,he said he didn't know. he would ask around.,and i said that i don't know. i'm going to ask it.,adequate
"حسناً , بدات اهاتف بعض الاشخاص في الشركة ولم يستطع اياً منهم ان يعطيني اجابة واضحة حتي في النهاية تم تحويلي الي .. المسؤل البيولوجي","well, i got on the phone with a few people in the company; no one could give me a straight answer until finally, i got on the phone with the head biologist.","well, i started with some of the company in the company and couldn't have them to give me a clear answer until the end of my life.",adequate
"ولندعوه "" دون "" ايضاً",let's call him don too.,"and he's called ""no.""",low overlap
"قلت "" دون ... اعطني بعض الامثلة عن البروتينات المستدامة ""","""don,"" i said, ""what are some examples of sustainable proteins?""","i said, ""no, give me some examples of sustainable proteins.""",adequate
"حسناً , لقد عدد لي بعض العوالق .. وبعض اطعمة السمك .. ومن ثم قال و"" كرات الدجاج ""","well, he mentioned some algaes and some fish meals, and then he said chicken pellets.","well, the number of me, some of the fish and some fish, and he said, ""but,"" and he says, ""the chicken.""",adequate
"تعجبت "" كرات الدجاج ؟؟ ""","i said, ""chicken pellets?""","""how are the chicken? ""what?",low overlap
"قال "" نعم فالريش , الجلد ... العظام , الزوائد , تجفف وتعالج الي اطعمة ""","he said, ""yeah, feathers, skin, bone meal, scraps, dried and processed into feed.""","he said, ""yes, the skin, the bone, the benefits, the treatment, and treat it into the intersection.",adequate
"فسئلته "" كم نسبة ... الدجاج في طعامكم ؟ ""","i said, ""what percentage of your feed is chicken?""","so he asked him, ""what percentage of your food?""",adequate
"كنت اعتقد , كما تعلمون , 2%","thinking, you know, two percent.","i thought, you know, two percent.",adequate
"فاجاب "" نحو 30% ""","""well, it's about 30 percent,"" he said.","he said, ""what's about 30 percent.""",adequate
"فقلت "" دون , ماهو الامر المستديم .. في اطعام الاسماك الدجاج ؟ ""","i said, ""don, what's sustainable about feeding chicken to fish?""","and i said, ""what's worth of the chicken?""",adequate
"وبعد صمت طويل علي الهاتف قال "" يوجد الكثير من الدجاج في العالم !!! ""","there was a long pause on the line, and he said, ""there's just too much chicken in the world.""","and after a long time on the phone said, "" there's a lot of chicken in the world!""",adequate
لم اعد احب هذه السمكة .,i fell out of love with this fish.,i didn't love this fish.,adequate
"لا , ليس لانني معتدٌ بنفسي قليلاً وليس لانني اقرف سريعاً من الطعام","no, not because i'm some self-righteous, goody-two shoes foodie.","no, it's not because i'm a little bit, and i don't spend a quick time of food.",over-generation
رغم انني كذلك,i actually am.,even though i'm also.,low overlap
"لا , فقد توقفت عن حب هذه السمكة لانني "" اُقسم "" بعد تلك المحادثة بدات اشعر بطعم الدجاج في تلك السمكة .","no, i actually fell out of love with this fish because, i swear to god, after that conversation, the fish tasted like chicken.","no, i stopped with this fish, because i'm like ""the talk after the conversation started to feel the chicken in that fish.",adequate
هذه هي السمكة الثانية . ولها قصة حبٍ مختلفة .,"this second fish, it's a different kind of love story.",this is the second fish. and it's a different story.,adequate
"انها من النوع الرومانسي , انها من النوع الذي كلما ازددت معرفة بالسمكة .. كلما احببتها اكثر .","it's the romantic kind, the kind where the more you get to know your fish, you love the fish.","it's a romantic kind of romantic type, that's the kind of the whenever i've got to know -- the more i love.",adequate
"وقد تذوقتها اول مرة في مطعم ,, في جنوب اسبانيا",i first ate it at a restaurant in southern spain.,"and she gave her first time in a restaurant, in southern spain.",adequate
فقد كان ليَّ صديقةٌ صحفية تخبرني عنها طيلة الوقت ..,a journalist friend had been talking about this fish for a long time.,i had a journalist to tell me about it all the time.,adequate
وقد عرفتنا علي بعضنا البعض - انا والسمكة -,she kind of set us up.,and we've known about each other -- i'm a partnership.,low overlap
"وقد جاءت الي طاولة الطعام براقة , تكاد تومض , بحلة بيضاء","it came to the table a bright, almost shimmering, white color.","and he came to the table of food table, and she came back, on a white house.",adequate
وكان طاهي المطعم قد بالغ في طهيها ..,the chef had overcooked it.,and he was like a restaurant in her way.,low overlap
مرتين اكثر من اللازم,like twice over.,twice as much more than the men.,over-generation
ولكن وبصورة مدهشة مازالت لذيذة ..,"amazingly, it was still delicious.",but it's pretty amazing.,low overlap
من يمكنه ان يجعل سمكة بهذه اللذة ... حتي بعد ان بالغ في طهيها؟,who can make a fish taste good after it's been overcooked?,"it can make a fish in this helium, even after doing it?",adequate
انا لا استطيع هذا ! ولكن ذلك الرجل يستطيع .,"i can't, but this guy can.",i can't do this! but that guy can.,adequate
"ولندعوه "" ميجيل "" في الواقع اسمه الحقيقي "" ميجيل """,let's call him miguel -- actually his name is miguel.,"and it's called ""i record"" -- the real name of ""mixel.""",adequate
"ولكنه لم يكن هو الذي طبخ السمكة , حتي انه ليس طباخاً علي الاقل ليس في المعني الذي نعرفه .","and no, he didn't cook the fish, and he's not a chef, at least in the way that you and i understand it.","but it wasn't that fish cooking, even though it's not a cooking at least not in meaning that we know.",adequate
"فهو عالم بيولوجي في "" فيتا لا بالما """,he's a biologist at veta la palma.,it's a physiological world in paula.,low overlap
وهي مزرعة اسماك في جنوب غرب اسبانيا,it's a fish farm in the southwestern corner of spain.,and it's a fish farm in south spain.,adequate
"تقع علي طرف نهر "" جاوداليجيفر """,it's at the tip of the guadalquivir river.,you fall in the end of the jorder river.,adequate
حتي 1980 .. كانت هذه المزرعة ملكاً للارجنتينين,"until the 1980s, the farm was in the hands of the argentinians.","even 1980, this was a farm for two years.",adequate
كانوا يربون فيها الماشية .. علي ما كان سابقاً ارضٌ رطبة,they raised beef cattle on what was essentially wetlands.,"they were brutalized, on what was before a terrible land.",adequate
فقد جففوا الارض,they did it by draining the land.,they've lost the floor.,low overlap
ببناء شبكة من قنوات التصريف لتصريف المياه خارجاً من الارض الي النهر,"they built this intricate series of canals, and they pushed water off the land and out into the river.",building a network of the rural channels to get water out of the earth to the river.,adequate
ولكن هذا لم ينجح معهم .. اقتصادياً علي الاقل .,"well, they couldn't make it work, not economically.",but that didn't work with them at least.,low overlap
وقد دمرت النظام البيئي هناك ..,"and ecologically, it was a disaster.",the ecosystem ended up there.,low overlap
فقد قتل مايقارب 90% من الطيور وكانت تلك المنطقة مليئة بالطيور ..,"it killed like 90 percent of the birds, which, for this place, is a lot of birds.","he was killed by 90 percent of the birds, and that region was full of birds.",adequate
ولذلك في عام 1982 شركة اسبانية لديها ضمير بيئي .. اشترت تلك الارض .,"and so in 1982, a spanish company with an environmental conscience purchased the land.","and so in 1982, he had a poor company, she bought that floor.",adequate
ومالذي فعلوه هناك ؟,what did they do?,and what did they do there?,adequate
لقد اعادوا تدفق المياه ..,they reversed the flow of water.,they liked the flow of water.,adequate
"فقد عكسوا "" حرفياً "" عنفة المجري .",they literally flipped the switch.,they've literally lost the opposite of the galaxy.,adequate
وبدلاً من اخراج المياه خارجاً فقد استخدموا الشبكة لاعادة المياه,"instead of pushing water out, they used the channels to pull water back in.","instead of outside the water, they used the network to reinvent the water.",adequate
فغمروا القنوات بالمياه,they flooded the canals.,they put the channels in the water.,adequate
"ونتج عن ذلك 27000 فدان من مزارع السمك البص , البوري .. والجمبري .. الخ وضمن تلك العملية "" ميجيل "" وشركته استطاعوا اعادة احياء النظام البيئي بعد تدميره","they created a 27,000-acre fish farm -- bass, mullet, shrimp, eel -- and in the process, miguel and this company completely reversed the ecological destruction.","and so, it's about 27,000 meters of fish accelerating fish, visualized, and beauty, the accent -- that process, and i recorded it, and he could reinvent the ecosystem after the destruction of the destruction.",adequate
انها مزرعة اسماك رائعة,the farm's incredible.,it's a great farm.,low overlap
اعني انك لن تري مثلها مثيل ..,"i mean, you've never seen anything like this.","i mean, you're not going to see it like this.",adequate
فانت تحدق في الافق في مليون ميل الي الامام وكل الذي تراه هو القنوات المغمورة بالمياه والمستنقعات الكثيفة والغنية,"you stare out at a horizon that is a million miles away, and all you see are flooded canals and this thick, rich marshland.","you're moving in thousands of miles in a million miles away, and all you see is the channels of the water and the sand and the dense and the technology.",repetition
"لقد كنت هنالك مع "" ميجيل "" منذ وقت قريب",i was there not long ago with miguel.,i've been there with a record at a time close time.,adequate
"وهو رجلٌ رائع جداً ثلاثة ارباعه "" شارلز داروين "" والربع المتبقي "" التمساح دندي ""","he's an amazing guy, like three parts charles darwin and one part crocodile dundee.","and he's a very great guy, three-year-old, charles darwin and the dr.",adequate
"حسناً . نحن الان نتجول في الارض الرطبة .. وانا الهث واتعرق والطين وصل الي ركبتي .. و "" ميجيل "" يُلقي عليَّ محاضرة بعلوم الاحياء بكل هدوء ..","okay? there we are slogging through the wetlands, and i'm panting and sweating, got mud up to my knees, and miguel's calmly conducting a biology lecture.","well, we're walking around the floor, and i'm cheating and i swallowed and i got to my knitting my knees, ""i'm going to take a lecture of science in all of the quiet.",adequate
"وهاهو , يشير الي نوع نادر من طير الكتف الاسود","here, he's pointing out a rare black-shouldered kite.","and here, you know, the kind of refrigerators to the black friday.",low overlap
وهنا يعدد الاحتياجات المعدينة للعوالق النباتية,"now, he's mentioning the mineral needs of phytoplankton.",and here's no longer the equipment for the lack of evidence.,adequate
"وهنا , هنا يري تجمع ما ... يذكره بالزرافات التنزانية","and here, here he sees a grouping pattern that reminds him of the tanzanian giraffe.","and here, he's seeing what you're seeing.",severe omission
"فقد تبين لي ان "" ميجيل "" قضي افضل اوقات مسيرته العملية .. في حديقة "" ميكاموي "" الوطنية في افريقيا","it turns out, miguel spent the better part of his career in the mikumi national park in africa.","it turns out, ""i've recorded a better spent the best time of his process, in a park, a garden of national juda in africa.",adequate
فسئلته كيف غدا .. خبيراً في الاسماك هكذا ..,i asked him how he became such an expert on fish.,so he asked him how rich the fish in the fish like this.,adequate
"فاجاب "" السمك ؟؟ انا لا اعرف شيئاً عنها ! ..","he said, ""fish? i didn't know anything about fish.","he said, ""what? i don't know something about it!",adequate
"انا خبيرٌ في العلاقات ""","i'm an expert in relationships.""",i'm an expert in the relationship.,adequate
ثم انطلق يُكمل حديثه عن .. بعض الطيور النادرة والعوالق .. والنباتات المائية الغريبة ..,"and then he's off, launching into more talk about rare birds and algaes and strange aquatic plants.","and then he went on a talk about some of the cold birds and the peculiar, the green water.",adequate
ولاتفهموني بصورة خاطئة .. فقد كان ذلك مذهلاً - كما تعلمون - شيءٌ كما مجتمع حيوي كامل بدون اي قيود ..,"and don't get me wrong, that was really fascinating, you know, the biotic community unplugged, kind of thing.","and they had a little bit wrong, but it was amazing -- you know -- something like a whole living community without any value.",adequate
شيءٌ رائع .. ولكني كنت واقعاً في الحب,"it's great, but i was in love.","it's a great thing, but i was a reality in love.",adequate
وكان عقلي منتشياً بتلك .. القطعة الشهية من السمك التي اكلت في الليلة السابقة,and my head was swooning over that overcooked piece of delicious fish i had the night before.,and i was my mindful of this piece of fish that i ate in the last night.,adequate
"فقاطعته قائلا .. "" ميجيل , مالذي يجعل اسماكك ذات مذاق رائع ؟ ""","so i interrupted him. i said, ""miguel, what makes your fish taste so good?""","so i took him to say, ""mill, what makes you feel like?",adequate
فاشار الي العوالق النباتية .,he pointed at the algae.,so i'm sharing to the lack of evidence.,adequate
""" اعلم يا رجل هذا , العوالق , العوالق النباتية .. العلاقات , انها رائعة . ...","""i know, dude, the algae, the phytoplankton, the relationships: it's amazing.","""i know, i know, this guy, the penciliation, the relationship, it's great.",adequate
ولكن مالذي تاكله اسماكك ؟,but what are your fish eating?,but what do you eat fish?,adequate
"ماهي نسبة التغذية لديكم ؟ ""","what's the feed conversion ratio?""",what percentage of the feedback?,adequate
"حسناً , اكمل قوله .. ان نظامهم هذا غنيٌ جداً حيث ان السمك ياكلون ما يؤكل في حياتهم البحرية ..","well, he goes on to tell me it's such a rich system that the fish are eating what they'd be eating in the wild.","well, i've done to say, that their system is so rich, where fish eat what they eat in the marine life.",adequate
"اي اجزاء نباتية , عوالق نباتية .. عوالق حيوانية . انه ما تاكله الاسماك ..","the plant biomass, the phytoplankton, the zooplankton, it's what feeds the fish.","any of the pieces of vegetable, remittances, but it's what you eat fish.",adequate
النظام صحيٌ جداً وهو متجددٌ تماماً بصورة ذاتية,"the system is so healthy, it's totally self-renewing.","a very impossible system, and it's completely vulnerable.",low overlap
لذا لانحتاج لاطعامه شيئاً,there is no feed.,so because it needs to feed something.,low overlap
هل سمعتم من قبل بمزرعة لاتطعم حيواناتها ؟,ever heard of a farm that doesn't feed its animals?,do you have heard by the farm of animals for their animals?,adequate
"ثم في ذلك اليوم لاحقاً , كنت اقود سيارتي حول المنشاة مع "" ميجيل "" فسئلته "" بالنسبة لمكان يبدو طبيعي هكذا "" ليس كمثل اي مزرعة رايت من قبل , "" كيف تقيس مدي نجاحك ؟ ""","later that day, i was driving around this property with miguel, and i asked him, i said, ""for a place that seems so natural, unlike like any farm i'd ever been at, how do you measure success?""","and then in that day, i was going to drive my car around a walk with ""mixel"" -- it's not a normal place like, ""how do you see, how do you measure the success of your success?""",adequate
كانت تلك اللحظة كما يحدث .. مع المخرج السينمائي حين يطلب تغير موقع التصوير ..,"at that moment, it was as if a film director called for a set change.","that's a moment, as it's happening with the movie, when you ask photography, it changes the website.",adequate
حيث كنا ندور علي منعطف .. ورايت اجمل مشهد .. لالاف والاف من طيور النحام الزهرية منبسطة علي مدي البصر كنسيج زهري,"and we rounded the corner and saw the most amazing sight: thousands and thousands of pink flamingos, a literal pink carpet for as far as you could see.","we were able to prevent the fire, and i saw a scene of thousands of thousands and thousands of birds, thousands of microphone on the blueprints.",repetition
"فقال "" هذا هو النجاح ""","""that's success,"" he said.","he said, ""that's success.""",adequate
""" انظر الي بطونها , انها زهرية ..","""look at their bellies, pink.","""look, i look at it, it's still.",adequate
"انها مليئة بالفرائس ""","they're feasting.""",it's full of friday.,over-generation
"فرائس ؟؟ "" لقد اصبت بالتشويش",feasting? i was totally confused.,"so i thought? ""oh, i've got a friday.",adequate
"وقلت "" ميجيل , اليست هذه الفرائس هي اسماكك ؟؟ ""","i said, ""miguel, aren't they feasting on your fish?""","and i said, ""don't you?",adequate
"واجاب "" نعم ""","""yes,"" he said.","and he said, ""yes.""",adequate
""" نحن نخسر 20% من اسماكنا ... وبيوض الاسماك للطيور ""","""we lose 20 percent of our fish and fish eggs to birds.","""we lose 20 percent of our fish and the fish for birds.""",adequate
"حسناً , السنة السابقة هذه المنشاة احتضنت 600000 طير مايقارب 250 نوعاً مختلفاً منها","well, last year, this property had 600,000 birds on it, more than 250 different species.","well, the last year of this, we've got 600,000 students, about 25 different kinds of them.",adequate
"وقد غدت اليوم , اكبر وواحدة من اهم المحميات الخاصة في كل اوروبا ""","it's become, today, the largest and one of the most important private bird sanctuaries in all of europe.""","and i went back today, bigger and one of the most important places in europe.""",adequate
"فقلت "" ميجيل , اليس تجمع مزدهر من الطيور .. هو اسوء شيء قد يحدث لمزرعة اسماك ؟ ""","i said, ""miguel, isn't a thriving bird population like the last thing you want on a fish farm?""","and i said, ""well, don't you get a crowd of birds -- something that's happening to fish?""",adequate
"فحرك راسه وقال "" لا ""","he shook his head, no.","so he left his head and said, ""no.""",adequate
"واضاف "" نحن نزرع بشكل منتشر .. وليس بشكل مكثف .","he said, ""we farm extensively, not intensively.","and it's like, ""we're growing up and not friday.",low overlap
هذه شبكة نظام حيوي متكامل ...,this is an ecological network.,this is a integration network of integration system.,adequate
حيث ياكل طير النحام الجمبري,the flamingos eat the shrimp.,they eat the friday nights.,adequate
وياكل الجمبري العوالق النباتية,the shrimp eat the phytoplankton.,and all of the friday nights.,adequate
"لذا فكلما كانت بطون الطيور زهرية اكثر .. كلما كان النظام يعمل بصورة افضل ""","so the pinker the belly, the better the system.""","so every time they were just a little bit more bird, the more system works better.""",adequate
"حسناً لنراجع هذا .. مزرعة لا تطعم حيواناتها , ومزرعة تقيس مستوي نجاحها .. نسبةً الي صحة مفترسي حيواناتها .","okay, so let's review: a farm that doesn't feed its animals, and a farm that measures its success on the health of its predators.","well, let's go back in that farm can't fix them, and the farm, measuring her level, a percentage of her animals.",adequate
مزرعة اسماك ولكن في نفس الوقت محمية طيور .,"a fish farm, but also a bird sanctuary.","a fish farm, but at the same time is a bird.",adequate
"اه , بالمناسبة , طيور النحام تلك .. لا يجب ان تكون هنا في الاصل .","oh, and by the way, those flamingos, they shouldn't even be there in the first place.","oh, by the way, the bird birds, that don't have to be here in originally.",adequate
فهي تُعشعش في مدينة .. علي بعد 150 ميلاً حيث ظروف التربة هناك .. افضل لبناء الاعشاش .,"they brood in a town 150 miles away, where the soil conditions are better for building nests.","it's been refused in a city of 150 miles, where the soil conditions are the best to build projects.",adequate
وكل صباح تطير .. 150 ميلاً الي المزرعة ..,"every morning, they fly 150 miles into the farm.","and every morning, 150 miles to farm.",adequate
وفي كل مساء تطير 150 ميلاً لكي تعود,"and every evening, they fly 150 miles back.","and in every evening, 150 miles to go back.",adequate
وهي قادرة علي ذلك لانها تتبع .. الخط المتقطع .. للطريق السريع,they do that because they're able to follow the broken white line of highway a92.,and it's able to do it because it follows a quick line.,adequate
نعم حقاً,no kidding.,"yes, really, really.",low overlap
"وكنت اتخيل في نفس الوقت مسيرة لطيور البطريق .. ونظرت الي "" ميجيل ""","i was imagining a ""march of the penguins"" thing, so i looked at miguel.","and i thought about the same time for the penguins, and i looked at ""milla.""",adequate
"وقلت "" ميجيل "" هل فعلاً تطير تلك الطيور 150 ميلاً الي المزرعة ومن ثم تطير .. 150 ميلاً اخري لكي تعود ؟","i said, ""miguel, do they fly 150 miles to the farm, and then do they fly 150 miles back at night?","and i said, ""do you really fly those birds to farm and then, 150 miles back to go back?""",adequate
هل تفعل ذلك من اجل فراخها ؟,"do they do that for the children?""",do you do it for free?,adequate
"نظر الي كما لو انني اقتبست جملة من اغنية "" ويتني هيوستن """,he looked at me like i had just quoted a whitney houston song.,"he looked at me as if i'm borrowing a sentence from a song, and it's a cost.",adequate
"وقال "" لا ... بل انها تفعل ذلك لان الطعام هنا افضل ""","he said, ""no; they do it because the food's better.""","and he said, ""no, it's doing it because food here's better.""",adequate
"نسيت ان اخبركم عن جلد سمكتي المحبوبة , والتي كانت لذيذة جداً , انا لا احب جلد السمك .. لا احبه سواء كان مقمراً او حاراً مقرمشاً ..","i didn't mention the skin of my beloved fish, which was delicious -- and i don't like fish skin; i don't like it seared, i don't like it crispy.","i forgot to tell you about the starfish, which was so sorry, i didn't love fish, i don't like fish, whether it's an article or a calculator.",adequate
انه صلب وطعمه كنكهة الاسفلت .. !,"it's that acrid, tar-like flavor.",it's a community and support it as long as the worst night.,over-generation
وعادة لا اطبخه - جلد السمك -,i almost never cook with it.,and happiness don't cook it.,adequate
ولكن عندما جربته في ذلك المطعم في جنوب اسبانيا .. لم يكن طعمه كجلد السمك علي الاطلاق,"yet, when i tasted it at that restaurant in southern spain, it tasted not at all like fish skin.","but when he hit him at the restaurant in southern spain, he didn't support fish like fish at all.",adequate
"فقد كان مذاقه "" نظيفاً وناعماً "" كما لو انك تاكل قضمة من المحيط","it tasted sweet and clean, like you were taking a bite of the ocean.","it was a friday, and even though, as if you eat the circle of the ocean.",adequate
"فذكرت ذلك لميجيل , فاوما براسه","i mentioned that to miguel, and he nodded.","so i remember that for a record, and i'd like him.",adequate
"وقال "" ان جلد السمك مثل الاسفنج .","he said, ""the skin acts like a sponge.","and he said, ""we've got fish like art.",adequate
كما انه خط الدفاع الاول قبل ان يخترق اي شيء الجسد,it's the last defense before anything enters the body.,it's the first defense line before they chose anything to experience.,adequate
"وقد تطور لكي يمتص الملوثات ""","it evolved to soak up impurities.""",and it's evolved to grow up.,adequate
"ومن ثم اضاف "" ولكنه لا يوجد لدينا ملوثات ""","and then he added, ""but our water has no impurities.""","and then we add up, but we don't have a balance.",adequate
"حسناً , مزرعة لا تطعم اسماكها .. ومزرعة تقيس نجاحها .. علي مدي نجاح مفترسي اسماكها","ok. a farm that doesn't feed its fish, a farm that measures its success by the success of its predators.","well, farmland can't fix them, and farm her success, over the success of its fish success.",adequate
"ومن ثم ادركت عندما قال , انها مزرعة بدون ملوثات , وحصل لدي سوء فهم كبير هنا .. لان الماء الذي يُساق الي المزرعة قادم من نهر "" جواداليجيفير ""","and then i realized when he says, ""a farm that has no impurities,"" he made a big understatement, because the water that flows through that farm comes in from the guadalquivir river.","and then i realized when he said, it's a farm without olaminated, and i have a lot of understanding here, because the water that's got a farm to a farm that led to the farm river.",repetition
انه النهر الذي يحمل معه .. كل تلك الاشياء التي يحملها الانهار هذه الايام ملوثات كيميائية ومخلفات المبيدات,"it's a river that carries with it all the things that rivers tend to carry these days: chemical contaminants, pesticide runoff.","it's the river that's carrying with him, all of those things that are carrying now, these days, chemicals and piles.",adequate
وعندما تعبر المياه هذا النظام .. وتتركه تخرج بصورة اكثر نقاءا مما دخلت به ..,"and when it works its way through the system and leaves, the water is cleaner than when it entered.","and when the water goes through this system, and you leave it much more than i walked in.",adequate
فهذا النظام صحيٌ جداً لدرجة انه ينقي المياه,"the system is so healthy, it purifies the water.","that's a very difficult system, so it's so hot water.",adequate
"اذا ليس فقط انها لا تطعم اسماكها وليس فقط انها تقيس نجاحها .. بواسطة نجاح مفترسي اسماكها انما ايضاً مزرعة تعمل "" حرفيا "" كمصنع تنقية مياه ليس فقط للاسماك .. انما لي ولك علي حدً سواء","so, not just a farm that doesn't feed its animals, not just a farm that measures its success by the health of its predators, but a farm that's literally a water purification plant -- and not just for those fish, but for you and me as well.","so it's not only that they're not only for fish and not just that it is measuring, by the success of fish, but it is also a farm that you're literally making water supply, not just because it doesn't just work, but you't matter whether it.",repetition
لان مياه المزرعة عندما تغادر فانها تغادر المحيط الاطلنطي,"because when that water leaves, it dumps out into the atlantic.","because the farm of farm, when they leave the atlantic ocean.",adequate
"ترمي في المحيط , نعم اعلم . لكنها ستصل الي وستصل اليك كذلك لان قصة الحب هذه .. بقدر ما فيها من رومانسية فيها ايضاً الفائدة","a drop in the ocean, i know, but i'll take it, and so should you, because this love story, however romantic, is also instructive.","you see in the ocean, yes, but it's going to get to you, and you'll get you, because that's the story of love as much as a romantic love in it.",adequate
"ويمكنك القول عنها انها وصفة لمستقبل الطعام الصحي . سواء كنا نتحدث عن سمك "" الباس "" او لحم الماشية","you might say it's a recipe for the future of good food, whether we're talking about bass or beef cattle.","and you can say it's a recipe for the health of food, whether we're talking about the fish fish, or the friday.",adequate
فالذي نحتاج اليه اليوم .. مفهوم جديدٌ جذرياً للزراعة نظام يكون فيه طعم الطعام جيدٌ فعلاً,"what we need now is a radically new conception of agriculture, one in which the food actually tastes good.","so what we need to do today is a new concept of agriculture system, a good food system.",adequate
ولكن لكثير من الناس .. فهذا جذريٌ جداً,"but for a lot people, that's a bit too radical.","but for many people, it's a very radical.",adequate
فنحن لسنا واقعيون - نحن متذوقي الاطعمة - لاننا عشاق,"we're not realists, us foodies; we're lovers.","we're not realistic -- we are at the brightest, because we are stakes.",over-generation
فنحن نحب اسواق المزراع ونحب المزارع العائلية الصغيرة ونتحدث عن الطعام المحلي وناكل الاطعمة العضوية,"we love farmers' markets, we love small family farms, we talk about local food, we eat organic.","we love the worst farmers and love the small families and talk about local food, and we eat organic food.",adequate
"وعندما تقترح ان هذه الاشياء هي التي ستؤمن غذاء المستقبل الصحي فسيظهر احدهم ليقول "" اسمع يا صاح , انا احب طير النحام الزهري ولكن كيف ستطعم العالم ؟","and when you suggest these are the things that will ensure the future of good food, someone, somewhere stands up and says, ""hey guy, i love pink flamingos, but how are you going to feed the world?""","and when i suggest that these things are going to believe in the future sanitation, and someone would say, "" hear me, i'm like, i love the pink flavor, but how are you going to support the world?""",adequate
كيف ستقوم باطعام العالم ؟,how are you going to feed the world?,how are you going to feed the world?,adequate
هل يمكن ان اكون صريحاً ؟,can i be honest?,can i be honest?,adequate
انا لا احب هذا السؤال .,i don't love that question.,i don't love this question.,adequate
"لا , ليس لاننا في الاصل ننتج .. مايكفي من الوحدات الحرارية لاطعام العالم .","no, not because we already produce enough calories to more than feed the world.","no, because we're originally built from calories to feed the world's not food.",adequate
لان 1 مليار شخص سيباتون جوعي اليوم .,one billion people will go hungry today.,because one billion people will prove a day.,adequate
1 مليار - اكبر من اي رقم سابق للجوعي - بسبب التفاوت الصارخ في توزيع الاغذية وليس بسبب الكمية .,"one billion -- that's more than ever before -- because of gross inequalities in distribution, not tonnage.",one billion — — it's bigger number of consciousness -- because of the spinal cords in the distribution of food distribution and not as much.,adequate
والان انا لا احب هذا السؤال لانه يحدد المنطق الذي يقوم عليه نظام غذائنا لمدة ال50 عام المنصرمة,"now, i don't love this question because it's determined the logic of our food system for the last 50 years.",now i don't love this question because it tells the logic of our food system for 50 years.,adequate
"فنحن نطعم الحبوب للحيوانات العاشبة .. والمبيدات الحشرية للمحاصيل , والكيميائيات للتربة والدجاج للاسماك , وعلي جميع الاصعدة الزراعية يُطرح سؤالٌ بسيط "" اذا كان بالامكان اطعام اُناسٌ اكثر بسعر اقل فاي ضرر من هذا سياتي ؟ ""","feed grain to herbivores, pesticides to monocultures, chemicals to soil, chicken to fish, and all along agribusiness has simply asked, ""if we're feeding more people more cheaply, how terrible could that be?""","we're going to support love for 10 million animals and pesticides, and chemists, a chemical, family and family, and in terms of farmland, a simple question, if you can feed more expensive, but it's less than a little bit more harmful, so that's going to make it?",low overlap
لقد كان هذا الدافع .. وكان هذا المُشرع لكل ما سبق . انها خطة عمل للزراعة الامريكية,"that's been the motivation, it's been the justification: it's been the business plan of american agriculture.","it was the motivation, and this was spread for every time. it's a business plan for the american agriculture plan.",adequate
ويجب علينا ان نسميها باسمها الحقيقي انها خطة للتصفية خطة تؤدي الي تاكل سريع للنظام البيئي المتكامل الذي يجعل الانتاج الكثيف ذاك مُمكناً,"we should call it what it is: a business in liquidation, a business that's quickly eroding ecological capital that makes that very production possible.","and we've got to call them the real name of real name, it's a plan that you're going to eat a fast-scale environmental system that makes a sand addict.",adequate
ان هذا ليس عملاً وهذه ليست زراعة,"that's not a business, and it isn't agriculture.","that's not a job, and this is not growing.",adequate
فسلة غذائنا اليوم مهددة ليس بسبب انخفاض العرض من الغذاء انما بسبب انخفاض المصادر,"our breadbasket is threatened today, not because of diminishing supply, but because of diminishing resources.","our food waste today is not because of the supply of food, it's because of resources.",adequate
وليس بسبب اخر اختراع للمولد او للجرار انما بسبب خصوبة التربة وليس بسبب المضخات انما بسبب المياه النقية وليس بسبب المناشير انما بسبب الغابات وليس بسبب شبكات وقوارب الصيد انما بسبب السمك الحر في البحر,"not by the latest combine and tractor invention, but by fertile land; not by pumps, but by fresh water; not by chainsaws, but by forests; and not by fishing boats and nets, but by fish in the sea.","and it's not because of the invention of the born, it is because of a soil, not because the soil, but because of water, it doesn't exist because of forests and not because they don't catch fish in the sea.",repetition
هل تريدون اطعام العالم ؟,want to feed the world?,do you want food?,adequate
لنسال انفسنا اولا : كيف سنقوم باطعام انفسنا ؟,let's start by asking: how are we going to feed ourselves?,let's ask ourselves first: how are we going to feed ourselves?,adequate
"او افضل من هذا , كيف يمكننا صنع ظروفاً .. تُمكن كل مجتمع .. من اطعام نفسه بنفسه",or better: how can we create conditions that enable every community to feed itself?,"or better than that, how can we make conditions, every community, every society of food itself.",adequate
لنقم بذلك .. علينا ان لاننظر الي النماذج الزراعية الحديثة,"to do that, don't look at the agribusiness model for the future.","let's do it, we have to look at new materials.",adequate
"لانها فعلاً قديمة , ومتعبة","it's really old, and it's tired.","because it's really old, and a game.",adequate
فهي مُكلفة ومليئة بالكيمياويات والمعدات الصناعية ولاتنتج علي الاطلاق طعاما طعمه جيد,"it's high on capital, chemistry and machines, and it's never produced anything really good to eat.","it's expensive and expensive, expensive, industrialized, industrial and products at all, like a good taste.",adequate
ولكن بدلاً من ذلك علينا ان ننظر الي النموذج البيئي,"instead, let's look to the ecological model.",but rather than that we have to look at the ecosystem.,adequate
وهو النظام الذي يعتمد علي خبرة عملية عمرها .. 2 مليار سنة,that's the one that relies on two billion years of on-the-job experience.,it's the system that depends on a 2 billion years old.,adequate
"لننظر الي "" ميجيل "" المزارعين مثل "" ميجيل ""","look to miguel, farmers like miguel.","let's look at ""the farmers like ""i record.""",adequate
"المزراع ليست منعزلة بنفسها عن العالم , مزارع تجدد لا تستنزف مزارع تزرع علي مبدا النشر والتوزيع لا علي مبدا التكثيف مزارعون ليسوا فقط منتجين .. انما ايضاً خبراء في العلاقات","farms that aren't worlds unto themselves; farms that restore instead of deplete; farms that farm extensively instead of just intensively; farmers that are not just producers, but experts in relationships.","the conflict is not preventing in the same way of the world, the accelerator doesn't play the acceleration of the accelerometer and distribution on a principle that is not only a farmer that they're not only experts. it's also available.",repetition
لانهم هم نفسهم الاشخاص ... الخبراء في الطعم ايضاً,"because they're the ones that are experts in flavor, too.","because they are the same people, the experts are also support.",adequate
واذا اردت ان اكون صريحاً فهم طهاةٌ افضل مما يمكن ان اصل اليه يوماً,"and if i'm going to be really honest, they're a better chef than i'll ever be.","and if i want to be honestly understand, it's better than i can get to.",adequate
"وكما تعلمون , فانا مرتاح لهذا .. لانه ان كان هذا هو طعام المستقبل فسوف يكون طعاماً شهياً","you know, i'm okay with that, because if that's the future of good food, it's going to be delicious.","as you know, i've been comfortable for this, because if this is the future food, it's going to be a famous food.",adequate
شكراً,thank you.,thank you.,adequate
لقد نشات علي جرعات دائمة من الخيال العلمي,i grew up on a steady diet of science fiction.,i grew up on a circle of science fiction.,adequate
فعندما كنت في المدرسة الثانوية كنت استقل الباص الي المدرسة لمدة ساعة كل يوم,"in high school, i took a bus to school an hour each way every day.","so when i was in high school, i was arrested to school for every hour every day.",adequate
وكنت دائما اُطالع احد الكتب كتب الخيال العلمي والتي اخذت عقلي الي عوالم اُخري وقد اشبعت بصورة تامة الرغبة الفضولية التي كنت املك,"and i was always absorbed in a book, science fiction book, which took my mind to other worlds, and satisfied, in a narrative form, this insatiable sense of curiosity that i had.","and i always asked one of the books of science fiction wrote, which i took my mind to the other worlds, and i thought, i was able to create the space that i had.",adequate
"وكما تعلمون فان الفضول عادة يُظهر نفسه دوماً فعندما لا اكون في المدرسة اكون خارج المنزل في الغابات اتجول لمسافات طويلة وااخذُ ""عينات"" كالضفادع و الافاعي و الحشرات ومياه البرك واحضرها الي المنزل لكي القي نظرة عليها بواسطة الميكروسكوب","and you know, that curiosity also manifested itself in the fact that whenever i wasn't in school i was out in the woods, hiking and taking ""samples"" -- frogs and snakes and bugs and pond water -- and bringing it back, looking at it under the microscope.","and as you know, it's often showing itself, when i don't be at school, i'm outside the house in the forest, and i've got a long distance, and look like the eyes and the insects, the insects and there's insects, and we bring it into a look at the microscope to the microscope.",adequate
اتعلمون . لقد كنت مهوساً بالعلم,"you know, i was a real science geek.",you know. i was interested in science.,adequate
ولكن كان كل ذلك سببه رغبة مني بمحاولة فهم العالم وفهم حدود الامكانيات الممكنة,"but it was all about trying to understand the world, understand the limits of possibility.","but it was like that, despite my desire to try to understand the world and understand the limits of the potential.",adequate
وحبي للخيال العلمي كان ينعكس امامي في العالم المحيط بي لان ذلك كان يحدث في اواخر الستينيات فقد كنا ذاهبون الي القمر وكنا نكتشف اعماق المحيطات,"and my love of science fiction actually seemed mirrored in the world around me, because what was happening, this was in the late '60s, we were going to the moon, we were exploring the deep oceans.","and the sense of science fiction was to prevent the world in the ocean, because that was happening in the late 1960s, we were going to be able to discover the depth of the ocean.",adequate
وكان جاك كوستو يدخل غرف معيشتنا - عبر التلفاز - بواسطة برامجه المُميزة ليرينا حيوانات واماكن وعوالم عجيبة لم تكن تخطر علي بال احدٍ من قبل,jacques cousteau was coming into our living rooms with his amazing specials that showed us animals and places and a wondrous world that we could never really have previously imagined.,"and he was like costing the room with our living room -- through television -- by the distinct programs of our own animals, and the worlds of the worlds that weren't until one of the other before.",repetition
"لذا , فقد كان منطقيا كما يبدو اهتمامي بالخيال العلمي انذاك","so, that seemed to resonate with the whole science fiction part of it.","so, it was a sense, like my interest in the scientific imagination at the time.",low overlap
ويمكن القول اني كنت فنان ايضاً,and i was an artist.,and i can say i was an artist.,adequate
فقد كنت اجيد الرسم والتلوين,i could draw. i could paint.,i was asked to paint and color.,adequate
"واتقنتها حينها اذ لم يكن هنالك العاب الكترونية ولا هذا الكم الهائل من الافلام المصنوعة بالكمبيوتر وكل هذا الخيال في الاعلام لذا كان يتوجب علي صنع تلك "" الصور "" في مخيلتي","and i found that because there weren't video games and this saturation of cg movies and all of this imagery in the media landscape, i had to create these images in my head.","and i realized that if there wasn't an electronic games, and this huge amount of filmmakers in computer, and all of the media fiction, so i had to make these pictures in my imagination.",adequate
"كما تعلمون , فجميعنا يفعل هذا عندما كنا اطفالاً فقد كنا نقرا كتابا وعبر وصف الكاتب للمشاهد كنا نتخيل الصور في مخيلتنا كما لو انها شاشة عرض سينمائية","you know, we all did, as kids having to read a book, and through the author's description, put something on the movie screen in our heads.","you know, all of us doing this when we were children, we decided to read a book and a writer and described as we could imagine pictures in our imagination as if it's a film.",adequate
وتبعاً لذلك - النقص في الصور - كنت ارسم والون مخلوقات وعوالم فضائية ورجال اليون ومراكب فضائية وكل ما يتعلق بذلك,"and so, my response to this was to paint, to draw alien creatures, alien worlds, robots, spaceships, all that stuff.","and of course, in the picture of images -- i've been painting and creatures and other worlds and thousands of men and partnerships, and all about it.",low overlap
"وفي صف الرياضيات كان دوما "" يُمسك "" بي وانا ارسم خلف دفتر التمارين",i was endlessly getting busted in math class doodling behind the textbook.,"and in the mathematics of mathematics was always touching, and i'm painting behind two crocodiles.",adequate
كان كل ذلك هو الابداع .. الذي كان يجب ان اجد منفذاً له,that was -- the creativity had to find its outlet somehow.,"that was all of the creativity, which i had to find a separate idea.",adequate
ثم حدث شيئٌ مثير . فبرنامج جاك كوستو جعلني متحمساً جداً لفكرة وجود عالم فضائي هنا علي الارض !,and an interesting thing happened: the jacques cousteau shows actually got me very excited about the fact that there was an alien world right here on earth.,and then it's a very interesting thing. jack art program made me very excited to have the idea of the presence of space here on the planet.,adequate
صحيح اني قد لا اذهب الي عالم الفضاء يوما ما علي سفينة فضائية . فهو امر غير مُرجح علي ما يبدو,i might not really go to an alien world on a spaceship someday -- that seemed pretty darn unlikely.,it's true that i'm not going to go into space -- something that's not quite unusual.,adequate
ولكن هنالك عالم يمكنني الذهاب اليه فعلاً هنا علي الارض . وهو عالم غني وكثيف جداً كما تلك العوالم التي كنت اتخيلها بواسطة قراءة الكتب,"but that was a world i could really go to, right here on earth, that was as rich and exotic as anything that i had imagined from reading these books.","but there's a world that i can really go here on the earth, and that's the world, and i'm very important as the worlds that i've ever imagined by reading books.",adequate
لذا قررت ان اصبح غواصاً عندما كنت في 15 من عمري,"so, i decided i was going to become a scuba diver at the age of 15.",so i decided to become a story when i was 15 years old.,adequate
وكانت المشكلة الوحيدة انني كنت اقطن في قرية صغيرة في كندا تبعد 600 ميلا عن اقرب محيط,"and the only problem with that was that i lived in a little village in canada, 600 miles from the nearest ocean.","the only problem was that i was going to fall in a small village in canada, 600 miles away from the closer ocean.",adequate
ولكن هذا لم يحبطني او يبعدني عن حلمي,but i didn't let that daunt me.,but that's why i didn't get me back to my dream of my dream.,over-generation
فقد بقيت اُصر علي والدي حتي وجد اخيراً مركزا لتعليم الغوص في مدينة بوفلو في نيويورك تماما بعد الحدود التي علي مقربة من مكان اقامتي,"i pestered my father until he finally found a scuba class in buffalo, new york, right across the border from where we live.","i had stayed in my father, finally found a center for a dive in a city of new york city in new york after the border that i'm standing in my legs.",repetition
"وقد حصلت فعلا علي شهادة غوص في مسبح في "" واي ام سي ايه "" في نهاية الخريف في بوفلو في نيويورك","and i actually got certified in a pool at a ymca in the dead of winter in buffalo, new york.","and i've actually got a dive back in the '50s, and it's going to be able to do it in the end of the fall in new york.",adequate
ولكني لم اري المحيط .. المحيط الحقيقي الا بعد عامين من حينها حيث انتقلنا الي كالفورنيا,"and i didn't see the ocean, a real ocean, for another two years, until we moved to california.","but i didn't see the ocean, the real ocean after two years later, where we moved into california.",adequate
ومنذ ذلك الوقت وخلال 40 عام قضيت 3000 ساعة تحت الماء 500 ساعة منها في الغواصات,"since then, in the intervening 40 years, i've spent about 3,000 hours underwater, and 500 hours of that was in submersibles.","and since then over 40 years, i've spent 3,000 hours under 500 hours of them in the rich platforms.",adequate
وادركت ان تلك البيئة الموجودة في المحيطات العميقة وحتي تلك الاقل عمقاً انها غنيةٌ جدا بحياة رائعة تفوق فعلاً كُل مخيلتنا,"and i've learned that that deep-ocean environment, and even the shallow oceans, are so rich with amazing life that really is beyond our imagination.","and i realized that the environment in the deep ocean, and even at least, it's very deep, very, very great life of a great life, really like all of our imagination.",adequate
"لاني "" مخيلة "" الطبيعة مخيلة لا حدود لها مقارنة مع .. ضالة المخيلة البشرية",nature's imagination is so boundless compared to our own meager human imagination.,"because it's ""the nature of nature is not limit to its limit, compared with the brain of human brain.",adequate
ومازلت وحتي اليوم اقف متعجباً مما رايت عندما كنت اغوص الي الاعماق,"i still, to this day, stand in absolute awe of what i see when i make these dives.","and i still have to stand up, and i've seen when i had to dive into the depths.",adequate
"ومازل عشقي للمحيطات "" متاججاً "" وقويا كما هو دوماً","and my love affair with the ocean is ongoing, and just as strong as it ever was.","and so i'm still randomly in the ocean, and so it's always like that.",low overlap
ولكن عندما قررت اختيار وظيفتي كراشد اخترت صناعة الافلام,"but when i chose a career as an adult, it was filmmaking.","but when i decided to choose my job as a crowd, i chose the movie industry.",adequate
وبدا لي ان هذه هي الطريقة المثلي لكي اوفق رغبتي بالقاء القصص مع رغبتي بصنع الصور,and that seemed to be the best way to reconcile this urge i had to tell stories with my urges to create images.,and he began to me that this is the good way to spend my desire to keep my stories with my desire and make pictures.,adequate
فعندما كنت طفلاً كنت دوما ارسم قصص رسومية,"and i was, as a kid, constantly drawing comic books, and so on.","so when i was a child, i was always paint the national story.",adequate
لذا صناعة الافلام .. كانت هي الطريقة المثلي لوضع الصور ضمن القصص معاً .. وبدا هذا منطقي جدا لي,"so, filmmaking was the way to put pictures and stories together, and that made sense.","so the movie industry was the way to put pictures together, and it really makes sense for me.",adequate
"وحتما فان القصص التي اخترت ان اقصها كانت قصص الخيال العلمي مثل "" الينز "" و "" تيرمنيتور "" وفلم "" ذا ابيس ""","and of course the stories that i chose to tell were science fiction stories: ""terminator,"" ""aliens"" and ""the abyss.""","and i opened, the stories that i chose it was the science fiction of science fiction, like ""mir, and i've always thought, ""the my father.""",adequate
"وفي فلم "" ذا ابيس "" كنت اضع مع حبي للاعماق والغوص حبيَ لصناعة الافلام","and with ""the abyss,"" i was putting together my love of underwater and diving with filmmaking.","and i didn't like, ""dear, i'd put my love with deep love and i love my love for the movie industry.",repetition
وهكذا كما ترون .. دمجت هذين الشغفين,"so, you know, merging the two passions.","so, as you can see these two partnerships.",adequate
"شيء مثير خرج من تجربة فلم "" ذا ابيس "" حيث كان يتوجب علينا حل .. مشكلة في ذلك الفلم وهي صناعة مخلوق مائي سائل وقد استخدمنا الرسوميات المولدة بواسطة الحاسوب "" سي جي ""","something interesting came out of ""the abyss,"" which was that to solve a specific narrative problem on that film, which was to create this kind of liquid water creature, we actually embraced computer generated animation, cg.","something that came out of my father's experiment, ""i've got to solve a problem in this film, and it's a sense of a liquid, and we used the texture, and i used the music with a computer.",adequate
"ونتج عن ذلك اول شخصية رسومية "" سائلة "" مولدة عن طريق الحاسوب في الافلام حينها .","and this resulted in the first soft-surface character, cg animation that was ever in a movie.","and so that's the first national personality of a computer, a computer in the movies then.",adequate
"ورغم هذا فلم يحقق الفلم اية ارباح بل وانه كاد يخسر ويمكنني ان اقول اني شهدت شيئاً ممتعاً , حيث اصاب الجمهور حينها حول العالم افتتان بهذا السحر المرئي .","and even though the film didn't make any money -- barely broke even, i should say -- i witnessed something amazing, which is that the audience, the global audience, was mesmerized by this apparent magic.","and yet, i didn't make any sense of profit, but it's like a bridge, and i can tell me that i've seen something fun, where the audience had happened next to the world, that's happening with this visual world.",adequate
"انه كما تعلمون قانون "" ارثر كلارك "" الذي يقول "" انه من الصعب التفريق بين اي تكنولوجيا متقدمة والسحر","you know, it's arthur clarke's law that any sufficiently advanced technology is indistinguishable from magic.","it's like, ""you don't want to say, ""that's hard to make a difference between the front technology and a magic technology.",low overlap
فقد كانوا يرون شيئاً سحرياً,they were seeing something magical.,they were seeing something different.,adequate
وهذا ما جعلني متحمساً جداً,and so that got me very excited.,and that's what made me very excited.,adequate
"وقلت في نفسي "" واو .. هذا امر يجب ان يحتضنه .. الفن السينمائي ""","and i thought, ""wow, this is something that needs to be embraced into the cinematic art.""","and i said, ""oh, this is something that you have to celebrate art.""",adequate
"لذا ومع فلم "" تيرمينيتور 2 "" والذي كان الفلم الذي تلا السابق اخذت الامور الي بعد ابعد ..","so, with ""terminator 2,"" which was my next film, we took that much farther.","and yet, i didn't know, i was two, which was the movie that i took the past, and i took things beyond.",adequate
"فبالعمل مع "" اي ال ام "" صنعنا مخلوق من سائل معدني .. في ذلك الفلم . ونجاح ذلك مبهم لنا فما كنا نعرف تاثيره علي الفلم","working with ilm, we created the liquid metal dude in that film. the success hung in the balance on whether that effect would work.","so, it's also working with the mom, and we've made a creature of a steel, in that film, and that's built for us, so we knew the effect on the movie.",adequate
ولكنه نجح .. وقد صنعنا السحر مرة اُخري ولكننا حققنا نفس النتيجة مع الجمهور .. برغم اننا حصلنا علي ارباح اكثر من الفلم السابق,"and it did, and we created magic again, and we had the same result with an audience -- although we did make a little more money on that one.","but it worked, and we made magic again, but we've got the same result with the audience, even though we got more wind than the past.",adequate
"وهكذا . وبرسم خط بين هاتين النقطتين "" التجربتين "" رايت انه سيكون هنالك عالم جديد بالكامل عالمٌ جديدٌ بالكامل من الابداع لمُمثلي الافلام","so, drawing a line through those two dots of experience came to, ""this is going to be a whole new world,"" this was a whole new world of creativity for film artists.","and so, i draw the line between these two pieces of these two notes, ""i've seen it's going to be a whole new world of creative world.",adequate
"لذا انشات شركة مع "" ستان وينستون "" صديقي العزيز "" ستان وينستون "" والذي هو خبير مكياج ومصمم شخصيات في ذلك الوقت , وقد اطلقنا علي الشركة اسم "" ديجيتال دومين ""","so, i started a company with stan winston, my good friend stan winston, who is the premier make-up and creature designer at that time, and it was called digital domain.","so i started a company with the stanford friend and i said, ""matherers, which is an expert and designers of time, and we call the company called the name of dr.",adequate
وكان هدف الشركة ومفهومها ان نقفز فوق الماضي قفزات كبيرة بان نتجاوز التصوير البصري وهكذا .. الي الصناعة الرقمية مباشرة,"and the concept of the company was that we would leapfrog past the analog processes of optical printers and so on, and we would go right to digital production.","and it was a company, and the concept that we had to stand up over the past, that we jumped the visual images and so forth, into digital industry.",adequate
وقد قمنا بهذا فعلا وقد اعطانا هذا تقدم امام منافسينا لوهلة من الزمن,and we actually did that and it gave us a competitive advantage for a while.,"and we actually did this, and gave us this progress in front of us for a moment of time.",adequate
ولكننا تخلفنا عن هذا التقدم في منتصف التسعينات اي في تصميم المخلوقات والشخصيات والتي كانت في الاصل سبب تاسيس الشركة,but we found ourselves lagging in the mid '90s in the creature and character design stuff that we had actually founded the company to do.,but we thought about this progress in the middle of the 1990s in the '90s of the species and the characters that were originally built in the company.,repetition
ولكن ورقة العمل هذه رفضت حينها .. ولقد اخبرني الاشخاص الذين يعملون في الشركة حينها انه لايمكن القيام بذلك لمدة فترة من الزمن,"and the envelope pushed back, and i was told by the folks at my company that we weren't going to be able to do this for a while.","but the paper i refused, and i said, ""you know, the people who work on the company, then it can't do it for a period of time.",adequate
"لذا فقد اجلت ذلك , وقمت بالعمل علي ذلك الفلم الذي تغرق فيه سفينة كبيرة .","so, i shelved it, and i made this other movie about a big ship that sinks.","so i did that, and i did work on this film that slices in a big ship.",adequate
"لقد قدمت الفلم للاستديو علي انه قصة "" روميو وجوليت في سفينة "" وستكون هذه الملحمة رومانسية فلمٌ عاطفي","you know, i went and pitched it to the studio as ""'romeo and juliet' on a ship: ""it's going to be this epic romance, passionate film.""","i offered a video for a studio; it's a story, and i was born in a ship, and you're going to be romantic love.",adequate
"ولكن "" بصراحة "" اريد ان اقوم بهذا الفلم .. لاني كنت اريد ان اغوص الي حطام سفينة التيتانيك","secretly, what i wanted to do was i wanted to dive to the real wreck of ""titanic.""","but frankly, i want to do this film because i wanted to dive into a ship to a ship.",adequate
لهذا كنت اريد صنع هذا الفلم .,and that's why i made the movie.,so i wanted to make this film.,low overlap
وكانت هذه الحقيقة . ولكن الاستوديو لم يكن يعلم ذلك,"and that's the truth. now, the studio didn't know that.",this was the fact. but the studio didn't know that.,adequate
"ولكنني اقنعتهم . فقد قلت "" سوف نقوم بالغوص الي الحطام , لاننا نريد تصويراً حقيقياً .","but i convinced them. i said, ""we're going to dive to the wreck. we're going to film it for real.","but i made them. i said, ""i'm going to dive into the sensitivity, because we want to make a real opportunity.",adequate
وسنستخدمها في مقدمة الفلم,we'll be using it in the opening of the film.,and we're going to use it in front of the movie.,adequate
"وهذا المشهد هامٌ جداً وسوف يكون ضربة اعلامية ""","it will be really important. it will be a great marketing hook.""","and this is very important, and it will be the media.",adequate
وقد اقنعتهم بتمويل رحلة استكشافية .,and i talked them into funding an expedition.,and i've convinced them a journey to explore the expeditions.,adequate
يبدو هذا جنونا . ولكن هذا يعود الي الجو العام الذي .. تدفعنا مخيلتنا اليه لانتاج واقع حقيقي .,sounds crazy. but this goes back to that theme about your imagination creating a reality.,this sounds crazy. but that's coming back to the last year that we pay our imagination to create a real reality of real reality.,adequate
وتبعاً لذلك فقد غدا ذلك واقعاً بعد 6 اشهر اذ وجدت نفسي داخل غواصة روسية علي بعد ميلين ونصف من القطب الشمالي انظر الي التيتانيك الحقيقة مباشرة .,"because we actually created a reality where six months later, i find myself in a russian submersible two and a half miles down in the north atlantic, looking at the real titanic through a view port.","and of course, in fact, i've lost that in six months after i found myself in a rich story, and a half miles away from the north pole to look at the fact.",adequate
"لا عبر مشهد من فلم ولا عبر "" صورة ذات دقة عالية "" انما مباشرة","not a movie, not hd -- for real.","it's not a scene from a movie, and it doesn't have a high-tech picture.",adequate
ولقد اذهلني ذلك جداً,"now, that blew my mind.",and i've been fascinated by this very much.,low overlap
"وكان يتوجب علينا القيام بالكثير من التحضيرات . وقد صنعنا كميرات ,اضواء وكل ما الي ذلك ..","and it took a lot of preparation, we had to build cameras and lights and all kinds of things.","and we had to do a lot of cameras, and we made how many cameras, all into that.",adequate
ولكني ذهلت اذ كيف يمكن .. لعملية الغوص .. عمليات الغوص العميقة ان تبدو كما هي المهمة الفضائية,"but, it struck me how much this dive, these deep dives, was like a space mission.","but i thought, ""what can you do, the deep-driving process, it looks like the space.",low overlap
فكما تعلمون اينما توجد التكلنولوجيا المتقدمة فانه يتوجب التخطيط الدقيق لها,"you know, where it was highly technical, and it required enormous planning.","you know where there's the advanced physiology, it has to investigate.",adequate
"فانت تدخل في تلك "" الكبسولة "" الي الظلام الدامس والبيئة الخطرة حيث لا يوجد املٌ في ان يتم انقاذك ان لم تستطع العودة بنفسك","you get in this capsule, you go down to this dark hostile environment where there is no hope of rescue if you can't get back by yourself.","you go back in this country, and the way, there's no hope that it's not going to save you that you can't go back yourself.",adequate
"وكنت اقول في نفسي "" واو .. ان الامر كما ... لو انني اعيش في فلم خيال علمي","and i thought like, ""wow. i'm like, living in a science fiction movie.","and i was saying, ""oh, it's like, if i'm living in a science fiction.",adequate
"ان هذا رائعٌ فعلاً ""","this is really cool.""",that's really cool.,adequate
ولقد تم عضي من قبل حشرة اثناء رحلة اكتشاف عميقة في المحيط,"and so, i really got bitten by the bug of deep-ocean exploration.",and he was lost by 10 years before he discovered a deep journey in the ocean.,adequate
"طبعاً ان الفضول والعلم هما مكونا كل تلك الرحلات . لقد كانت كل شيء .. وكانت مغامرةٌ ,.. وفضول و خيال ..","of course, the curiosity, the science component of it -- it was everything. it was adventure, it was curiosity, it was imagination.","of course, it's curiosity and science is all of us that journey, it was everything -- and it was an adventure, and curiosity, imagination.",adequate
"وكانت تجربة .. لايمكن ان تقدمها لي "" هوليوود """,and it was an experience that hollywood couldn't give me.,"and it was a experiment, and it's not going to make it up to me.""",adequate
لانه كما تعلمون يمكنني ان اتخيل مخلوق ما ويمكننا صنعه بواسطة المؤثرات الخاصة . ولكن ما رايته هناك من نافذتي .. لايمكن تخيله علي الاطلاق,"because, you know, i could imagine a creature and we could create a visual effect for it. but i couldn't imagine what i was seeing out that window.","because you know, i can imagine a creature, and we can make it with special effects, but what i've seen from the windows, you can't imagine it.",adequate
واثناء تلك الرحلات الاستكشافية التي قمنا بها كنت اري مخلوقات في الفتحات الحرارية اسفل المحيط وهي مخلوقات لم اري مثلها مثيل من قبل واحيانا اري مخلوقاً لم يره احدٌ من قبل علي الاطلاق مخلوق لم يتم وصفه من قبل العلماء حينها عندما رايناه وصورناه,"as we did some of our subsequent expeditions, i was seeing creatures at hydrothermal vents and sometimes things that i had never seen before, sometimes things that no one had seen before, that actually were not described by science at the time that we saw them and imaged them.","and as the exploration of exploration that we've been seeing creatures in the thermal creatures under the ocean creatures, which i haven't seen as much like this, and we see a species that had never seen, and i didn't see one of them before it was ever described as well when we saw it.",adequate
لذا كنت مغرماً بهذا جدا .. وكنت دوما ارغب بالقيام بالمزيد,"so, i was completely smitten by this, and had to do more.","so i was very small, and i was always like to do more.",adequate
لذا اخذت قرارا يُصف بالفضول,"and so, i actually made a kind of curious decision.",so i took a reader reader.,adequate
"فبعد نجاح فلم "" التيتانيك "" قلت "" حسنا يمكنني ان اترك عملي قليلاً كصانع افلام في هوليوود وانطلق لكي اغدو مستكشفاً بدوام كامل لفترة من الزمن","after the success of ""titanic,"" i said, ""ok, i'm going to park my day job as a hollywood movie maker, and i'm going to go be a full-time explorer for a while.""","i thought, ""well, i said, ""okay, i can leave my work a little bit like a filmmaker in hollywood, and let's start to explore a whole time for a while.",adequate
وهكذا بدانا نخطط لهذه الرحلات الاستكشافية,"and so, we started planning these expeditions.",so we started to plan for this exploration of exploration.,adequate
وخلصنا الي الذهاب الي بسمارك لكي نكتشفها بواسطة العربات الالية,"and we wound up going to the bismark, and exploring it with robotic vehicles.",and we've got rid of the dancers to discover it by a mechanism.,adequate
"ومن ثم عدنا الي حطام "" التيتانيك """,we went back to the titanic wreck.,and then we went back to the accent.,adequate
اخذين معنا الات صغيرة كنا قد صنعناها متصلة بالياف بصرية,we took little bots that we had created that spooled a fiber optic.,we took us small machines that we've made it connected to visual fibers.,adequate
وكانت الفكرة بان نرسلها الي داخل السفينة ونقوم بعمل جولة داخلية لم يقم بها احدٌ من قبل,"and the idea was to go in and do an interior survey of that ship, which had never been done.",and it was the idea that we send it into the ship and we're doing a business that didn't spend one of them before.,adequate
"لم ينظر احدٌ من قبل داخل ذلك الحطام . فلم يكن هنالك هدفٌ لذلك لذا صنعنا "" تكنولوجيا "" للقيام بذلك","nobody had ever looked inside the wreck. they didn't have the means to do it, so we created technology to do it.","nobody's seen before inside that movie, there was no goal, so we made a technology, ""do you do it.""",adequate
يمكنكم تخيل انني علي سطح حطام سفينة التيتانيك داخل غواصة وانظر علي الالواح الخشبية والتي تبدو تماما كهذه حيث عزفت هنالك الفرقة الموسيقية,"so, you know, here i am now, on the deck of titanic, sitting in a submersible, and looking out at planks that look much like this, where i knew that the band had played.","you can imagine that i'm on the surface of a ship's ship inside the story, and look at woods, which looks exactly like this, where there's a piece of music.",adequate
وانا اقود هذه العربة الالكترونية الصغيرة عبر ممرات السفينة,and i'm flying a little robotic vehicle through the corridor of the ship.,and i'm reading these little electronics in the ship through the ship.,adequate
صحيح اني اقود العربة من علي بعد ولكن عقلي في داخل تلك العربة,"when i say, ""i'm operating it,"" but my mind is in the vehicle.","it's true that i'm driving out of the soil in my brain, but my brain inside of that soil.",adequate
وكنت اشعر فيزيائيا بكل شيء داخل حطام سفينة التيتانيك,i felt like i was physically present inside the shipwreck of titanic.,"and i felt like a sense of something inside of a ship, a ship called me.",adequate
"وكانت التجربة من النوع السريالي للرؤية المستقبلية لم اخض مثلها من قبل لانني كنت اعلم قبل ان انعطف اي منعطف مالذي سوف اراه هناك قبل ان تصل اضواء العربة اليه وتكشفه وذلك لانني كنت اسير في "" النموذج "" لعدة اشهر عندما كنا نصور الفلم","and it was the most surreal kind of deja vu experience i've ever had, because i would know before i turned a corner what was going to be there before the lights of the vehicle actually revealed it, because i had walked the set for months when we were making the movie.","and it was the way of the vision of the future vision for the future, because i knew before i was, i was like, i knew that the fire was going to see there before i'm going to find out there before you had to explore and explore it, and that's because i was a couple of months ago when we'd like a film.",repetition
وقد كان ذلك النموذج مطابق تماما .. للمخططات النهائية للسفينة,and the set was based as an exact replica on the blueprints of the ship.,and this model was completely matched to the final plan.,adequate
وقد كانت تجربة رائعة جدا حتماً,"so, it was this absolutely remarkable experience.",and it was a very great experience.,adequate
وقد جعلتني ادرك ان تجربة الواقع المنقول .. يمكن ان تنتج فعلا بواسطة هذه الروبوتات كما لو ان وعيك الذاتي اصبح جزءاً من هذه العربة كنوع من وجود اخر,"and it really made me realize that the telepresence experience -- that you actually can have these robotic avatars, then your consciousness is injected into the vehicle, into this other form of existence.","and it made me realize that the experience of saying, you can actually create with these robots as if self-interest becomes part of this soil.",adequate
ولقد كانت حقاً حقاً تجربة عميقة,"it was really, really quite profound.",and it really was really a profound experiment.,adequate
"وقد تكون "" لمحة "" عما قد ستؤول اليه الامور بعد عدة عقود حيث بدانا بالحصول علي مجسمات "" ذات نظم طبيعية وصناعية "" من اجل الاكتشاف او من اجل غايات اُخري لمراحل عدة تتجاوز وجود الانسان مستقبلاً والتي يمكن ان اتخيلها بصفتي هاو للخيال العلمي .","and it may be a little bit of a glimpse as to what might be happening some decades out as we start to have cyborg bodies for exploration or for other means in many sort of post-human futures that i can imagine, as a science fiction fan.","and it's not a sense of what it might be going to take things after several decades, where we started getting together with a natural form of natural systems, and for discovery for discovery, or for the other things that there are no other species that i think of science can imagine.",adequate
اذاً وبسبب هذه الرحلات الاستكشافية بدات اقدر مالذي يحدث هنالك في الاسفل مثل وجود الفتحات الحرارية في اعماق المحيط والتي راينا فيها تلك الحيوانات الرائعة جداً والتي تُعد هنا علي الارض مخلوقات فضائية,"so, having done these expeditions, and really beginning to appreciate what was down there, such as at the deep ocean vents where we had these amazing, amazing animals -- they're basically aliens right here on earth.","so, because of this exploration, i started to be able to do what's happening in the bottom of thermodynamics in the deep ocean, which we've seen these wonderful animals that are right here on earth-like creatures.",adequate
والتي تعيش في بيئة كربونية عضوية,they live in an environment of chemosynthesis.,it's living in a organic environment.,low overlap
ولاتستطيع ان تواجه ضوء الشمس معتمدة علي نظام يشابه نظامنا الذي نعتمد عليه,they don't survive on sunlight-based system the way we do.,"and so, you can face the sun's sunlight with the same system that we depend on.",adequate
هكذا .. فانت تري حيوانات تعيش بالقرب من مضخات ماء درجة حرارتها 500 مئوية.,"and so, you're seeing animals that are living next to a 500-degree-centigrade water plumes.","so, you see animals near the temperature of its temperature.",low overlap
وهو امر لايمكن تصور وجوده .,you think they can't possibly exist.,and that's something that you can't imagine.,adequate
في نفس الوقت كنت قد بدات اشغف في علوم الفضاء مرة اخري بسبب ولعي بالخيال العلمي وانا طفل,"at the same time i was getting very interested in space science as well -- again, it's the science fiction influence, as a kid.","at the same time i was starting to blow into space again, again, because of science fiction, and i'm a child.",adequate
وقد كان امراً مدهشاً للغاية,and this was fascinating.,and it was pretty amazing.,adequate
ولكن ما كنت ارمي اليه حقا هو اخذ علماء الفضاء معنا الي الاعماق,but what i wound up doing was bringing space scientists with us into the deep.,but what i was really excited about is taking space scientists to deep down.,adequate
"وباخذهم الي الاعماق حيث يمكنهم التواصل مع علماء الكواكب وعلماءالبيولوجيا الفلكية وهم اشخاص مهتمون في هذه البيئات المتميزة ولكي ناخذهم الي تلك الفتحات الحرارية لكي يروا وياخذو عينات ويجروا تجارب علي تلك "" المعدات ""","and taking them down so that they had access -- astrobiologists, planetary scientists, people who were interested in these extreme environments -- taking them down to the vents, and letting them see, and take samples and test instruments, and so on.","and then they take it into the depths where they can communicate with planets and scientists and scientists, and they're interested in these unique environments, and we take them into these thermodynamics to see and take samples and look at these equipment on these equipment.",adequate
صحيح اننا كنا ننتج حينها افلام وثائقية .. ولكننا كنا نقوم بتجارب علمية .. تحديدا في علوم الفضاء,"so, here we were making documentary films, but actually doing science, and actually doing space science.","it's true that we're making decisions, but we've been doing scientific experiments in space.",adequate
وكنت بهذا قد اغلقت الدائرة تماماً بين كوني هاو للخيال العلمي .. كما تعلمون .. كطفل . وبين القيام بكل تلك الاشياء فعلاً,"i'd completely closed the loop between being the science fiction fan, you know, as a kid, and doing this stuff for real.","and i was like this whole circle between being here for science fiction, you know, as a child, and i do all of those things really.",adequate
وكما تعلمون طوال تلك الرحلة من الاكتشاف تعلمت الكثير,"and you know, along the way in this journey of discovery, i learned a lot.","and as you know, all of this journey, i learned a lot.",adequate
تعلمت الكثير عن العلوم .. وتعلمت الكثير ايضاً عن .. القيادة .,i learned a lot about science. but i also learned a lot about leadership.,"i learned a lot about science, and i learned so much about leadership.",adequate
الان انت تظنون ان المخرج يجب ان يكون قائداً بالاساس .. قائد .. قبطان السفينة ..و هلمجراً,"now you think director has got to be a leader, leader of, captain of the ship, and all that sort of thing.","now you think that the brain should be a leader, a leader.",adequate
ولكني لم اتعلم فعلا عن القيادة .. حتي قمت بهذه الرحلات الاستكشافية,i didn't really learn about leadership until i did these expeditions.,"but i didn't really know about leadership, even i did this expeditions.",adequate
"لانه وجب علي في لحظة من اللحظات ان اسال نفسي .. "" مالذي افعله هنا ""","because i had to, at a certain point, say, ""what am i doing out here?","because i've been on a moment of moments that i ask myself, ""what are i doing here.""",adequate
""" لماذا انا هنا ؟ مالذي ساجنيه من هذا ""","why am i doing this? what do i get out of it?""","""why am i here? what's i going to go from this.""",low overlap
فنحن لا نحصل علي الارباح من هذه البرامج,we don't make money at these damn shows.,we don't get 40 of these programs.,adequate
بل ونكاد احيانا نخسر بها .. ولا تملك شهرة اثرها,we barely break even. there is no fame in it.,"you know, sometimes we lose it, and you don't have a witness.",low overlap
"وقد اعتقد الناس انني رحلت بعيداً بين فلم "" التيتانيك "" وفلم "" افاتار "" لكي المع اظافري في مكان ما علي شاطيء ما ..","people sort of think i went away between ""titanic"" and ""avatar"" and was buffing my nails someplace, sitting at the beach.","and people think i've got away from the movie that i'd like, ""theist,"" and i thought, ""do the art of art in a place on what's wrong.",adequate
لان صناعة كل تلك الافلام ... صناعة كل تلك الافلام الوثائقية لجمهور صغير جداً ومحدود ..,"made all these films, made all these documentary films for a very limited audience.","because it's making all those films -- all of those films are very small, very small and dark matter.",adequate
"بدون شهرة . بدون مجد . بدون مال . "" مالذي تفعله ؟ ""","no fame, no glory, no money. what are you doing?","without a witness. without any money. what do you do?"" ""what does it?""",adequate
"حسناً , انت تفعل هذا للمهمة ذاتها .. للتحد نفسه . والمحيط هو البيئة الاكثر تحدياً موجودة .. للاثارة الناتجة عن الاكتشاف . وتلك الرابطة الغريبة التي حصلت .. بين مجموعة من الاشخاص شكلت فريق متلاحم ..","you're doing it for the task itself, for the challenge -- and the ocean is the most challenging environment there is -- for the thrill of discovery, and for that strange bond that happens when a small group of people form a tightly knit team.","well, you're doing this task for itself, and the environment is the most challenging environment, the most exciting environment, to excitement. and that's the weird trouble that i got a group of people in the form of reforms.",adequate
لاننا عادة نقوم بهذه الامور بمجموعة من 10-12 شخص يعملون لسنوات احياناً واحيانا يقضون 2-3 اشهر متتابعة في البحار,"because we would do these things with 10, 12 people, working for years at a time, sometimes at sea for two, three months at a time.","because we usually do these things in a group of 102 people working for years, sometimes, sometimes they spend 23 months in the sea.",adequate
وهذه الرابطة جعلتني ادرك .. ان اكثر الامور اهمية .. هو الاحترام الذي تملكه اتجاههم والاحترام الذي يملكونه تجاهك .لانكم اكملتم المهمة . وهذا شيء لايمكن شرحه لشخص اخر,"and in that bond, you realize that the most important thing is the respect that you have for them and that they have for you, that you've done a task that you can't explain to someone else.","and this relates to make me realize that the most important thing is the respect of the respect, and the respect for them and respected, because you've got it towards your task. and that's something that you can explain to someone else.",adequate
"وهي تصنع رابطاً ,, رابطاً من الاحترام .","creates a bond, creates a bond of respect.","it's made a link, a link from respect to respect.",adequate
"لذا عندما عدت لكي اصنع فلمي التالي .. والذي كان "" افاتار "" حاولت ان اطبق بعض من مفاهيم القيادة تلك .. والتي تعني انه يجب احترام فريقك لكي تكسب الاحترام بالمقابل","so, when i came back to make my next movie, which was ""avatar,"" i tried to apply that same principle of leadership, which is that you respect your team, and you earn their respect in return.","so when i went back to make the next one, which was, i tried to apply some of the leadership concepts of leadership, which means that we need to make a team of respect for compassion.",adequate
وقد غير فعلا هذا الية العمل ..,and it really changed the dynamic.,and it's not really changed.,adequate
"فهنا كنت مرة اُخري ضمن فريق صغير ... في ارض مجهولة نصنع "" افاتار "" مستخدمين تكنولوجيا حديثة ليست موجودة من ذي قبل ..","so, here i was again with a small team, in uncharted territory, doing ""avatar,"" coming up with new technology that didn't exist before.","so, here's another team in a very simple team of anonymous, we create a map of new technologies that are not there before.",adequate
مثيرة بصورة هائلة ..,tremendously exciting.,exciting.,adequate
صعبة بصورة هائلة ..,tremendously challenging.,it's hard.,low overlap
وقد غدونا .. عائلة .. علي مدي 4 سنوات ونصف,"and we became a family, over a four-and-half year period.",and we've got a family over four and a half years old.,adequate
وقد غير هذا طريقة صنعي للافلام ..,and it completely changed how i do movies.,this is not a way of peace.,low overlap
"والناس تُعلق عن - كيف "" كما تعلمون "" احضرت كائنات حية من المحيط .. ووضعتها علي سطح كوكب "" باندورا ""","so, people have commented on how, ""well, you know, you brought back the ocean organisms and put them on the planet of pandora.""","people are related to how, you know, i've brought living organisms from the ocean, and put it on a planet.",adequate
بالنسبة لي كانت هذه الطريقة المثلي للقيام بهذا العمل .. فالالية نفسها .. هي التي اثرت تماما علي النتيجة,"to me, it was more of a fundamental way of doing business, the process itself, that changed as a result of that.","for me, this is the gay way to do this work, the matter of itself, the same effect on the outcome.",adequate
اذاً مالذي يمكننا فهمه من كل ما سبق ؟,"so, what can we synthesize out of all this?",so what can we understand from all the above?,adequate
ماهي الدروس المتعلمة من كل هذا ؟,"you know, what are the lessons learned?",what are the lessons from all of this?,adequate
حسناً . اعتقد اولاً .. الفضول .,"well, i think number one is curiosity.","well, i think first.",adequate
فهو اقوي شيء يمكن ان يملكه الانسان .,it's the most powerful thing you own.,it's the stronger thing that it can have human.,adequate
والمخيلة قوي .. يمكنها ان تصنع الواقع .,imagination is a force that can actually manifest a reality.,"and the force is strong, they can actually make.",adequate
و احترام فريقك .. اهم من كل .. الصفات حول العالم .,and the respect of your team is more important than all the laurels in the world.,"and respect for your team, the most important ones around the world.",adequate
"عادة ياتي الي المخرجون المبتدؤن .. ويقولون لي "" اعطنا نصيحة عن كيفية القيام بهذا ""","i have young filmmakers come up to me and say, ""give me some advice for doing this.""","they usually come to the creator, and they say, ""we give us a advice about how to do this.""",adequate
"فاجيب "" لاتضع حدودا لنفسك ..","and i say, ""don't put limitations on yourself.","he said, ""don't worry about yourself.""",low overlap
"دع الاخرين يقومون بذلك .. لاتضعها لنفسك ! ولاتراهن ضدها .. وغامر ! ""","other people will do that for you -- don't do it to yourself, don't bet against yourself, and take risks.""","let other people do it for yourself, and for teenage girls against them, and it's.",adequate
"لدي ناسا عبارة تفضلها .. "" الفشل ليس خياراً ""","nasa has this phrase that they like: ""failure is not an option.""","we've got a ""the failure of failure"" isn't a choice.""",low overlap
ولكن الفشل يجب ان يكون خياراً في الفن و الاستكشاف ..لانها تحتاج ايمان عالٍ.,"but failure has to be an option in art and in exploration, because it's a leap of faith.","but failure should be a choice in art and explore, it needs a world.",adequate
وليس هنالك اي مسعي والذي يهدف الي الابتكار تم القيام به بدون المغامرة .,and no important endeavor that required innovation was done without risk.,and there's no name to the innovation that's aimed to do without adventure.,adequate
لذا يتوجب عليك ان تاخذ علي نفسك الخوض في المخاطر,you have to be willing to take those risks.,so you have to take yourself in the risks in the risk.,adequate
"وهكذا .. فالفكرة التي اريد ان اتركها معكم .. هي "" انه مهما كنت تفعل .. فالفشل خيار .. ولكن الخوف ليس كذلك . شكراً ""","so, that's the thought i would leave you with, is that in whatever you're doing, failure is an option, but fear is not. thank you.","so, the idea that i want to leave you with you, ""that's no matter what you're doing, the choice, but not fear.",adequate
اذا كنت استطيع ان اترككم اليوم مع فكرة كبيرة واحدة، فهي ان مجمل البيانات التي نستعملها هي اكبر من مجموع الاجزاء ، وبدلا من التفكير في زيادة حجم المعلومات ، ما اود ان تفكروا فيه هو كيف يمكننا استخدام المعلومات بحيث تطابق انماط الاكداس وتمكننا من ان نري اتجاهات لم تكن لتكون مرئية لولاها.,"if i can leave you with one big idea today, it's that the whole of the data in which we consume is greater that the sum of the parts, and instead of thinking about information overload, what i'd like you to think about is how we can use information so that patterns pop and we can see trends that would otherwise be invisible.","if i can leave you today with one idea of one big idea, it's that the data that we use is bigger than pieces, and instead of thinking about the size of information, what i'd like to think about is how we can use information, so that we can match the same patterns, and we can't see it.",repetition
ما نراه الي اليمين هنا هو رسم بياني نموذجي للوفيات مرتبة حسب العمر.,so what we're looking at right here is a typical mortality chart organized by age.,what we see on the right here is a graphic model of blindness in the age of age.,adequate
هذا البرنامج الذي استخدمه هنا هو تجربة صغيرة.,this tool that i'm using here is a little experiment.,this program i used here is a little experiment.,adequate
يحمل اسم المحور ،ما استطيع ان افعله باستعمال المحور هو اني استطيع اختيار سببا معينا للوفيات ، لنختر الحوادث.,"it's called pivot, and with pivot what i can do is i can choose to filter in one particular cause of deaths -- say, accidents.","there's the name of the name, i can do it with the store is that i can choose to choice with me with me, let's choose the accidents of accidents.",adequate
وعلي الفور ، اري ان هناك نمطا مختلفا ينشا.,"and, right away, i see there's a different pattern that emerges.","and immediately, i see there's a different model.",adequate
هذا لان، في منتصف المنطقة هنا ، الناس في حالاتهم الاكثر نشاطا ، ومن هنا فانهم في حالاتهم الاكثر ضعفا.,"this is because, in the mid-area here, people are at their most active, and over here they're at their most frail.","this is because, in the middle of the region here, people in the most common cases, and they're here in their most poor cases.",adequate
يمكننا العودة الي الوراء مجددا ومن ثم اعادة تنظيم البيانات حسب سبب الوفاة ، نري ان امراض الدورة الدموية والسرطان هم الاكثر توقعا، ولكن ليس للجميع.,"we can step back out again and then reorganize the data by cause of death, seeing that circulatory diseases and cancer are the usual suspects, but not for everyone.","we can go back back again, and then reinvent the data, we can see that blood vessels and cancer, but it's not everybody.",adequate
اذا مضينا قدما و قمنا بالاختيار حسب السن ، ولنقل 40 سنة او اقل ، نري ان الحوادث هي في الواقع السبب الاكبر الذي يجب ان يكون الناس قلقين بشانه.,if we go ahead and we filter by age -- say 40 years or less -- we see that accidents are actually the greatest cause that people have to be worried about.,"if we go forward and we've invented the age of older, and we won't move 40 years or less, we see that the accidents are actually the largest reason that people should be concerned about it.",adequate
واذا ذهبنا اعمق من ذلك ، سنري ان الرجال هم الاكثر عرضة.,"and if you drill into that, it's especially the case for men.","and if we went deeper from that, we'll see the men are the most likely.",adequate
لذلك يترسخ في اذهاننا عرض تلك المعلومات ، وعرض البيانات بهذه الطريقة ، يشبه الي حد كبير السباحة في معلومات بيانية فعالة.,"so you get the idea that viewing information, viewing data in this way, is a lot like swimming in a living information info-graphic.","so we're taking up in the minds of that information, and the data in this way, it's like a huge amount of swimming in a very efficient information.",adequate
واذا كان يمكننا ان نفعل هذا مع بيانات خام، لماذا لا نفعل هذا للمحتوي كذلك؟,"and if we can do this for raw data, why not do it for content as well?","and if we can do this with a hidden data, why don't we do this for content?",adequate
ما لدينا هنا، هو الغلاف الخارجي لكل مجلات الرياضة التي انتجت علي الاطلاق.,so what we have right here is the cover of every single sports illustrated ever produced.,"what we've got here, is the exaggeration of sports that you have at all.",adequate
جميعها لدينا هنا. جميعها علي شبكة الانترنت.,it's all here; it's all on the web.,we all have here. all on the internet.,adequate
يمكنك العودة الي غرفتك واجراء هذه التجربة بعد كلامي هذا.,you can go back to your rooms and try this after my talk.,you can go back to your room and buy this experiment after both of this.,adequate
باستعمال المحور ، يمكنك العودة الي عقد من الزمان.,"with pivot, you can drill into a decade.","it's used, you can go back to a decade.",adequate
يمكنك العودة الي سنة معينة.,you can drill into a particular year.,you can go back to a certain year.,adequate
يمكنك القفز نحو قضية محددة.,you can jump right into a specific issue.,you can jump into a specific issue.,adequate
انا ابحث في هذا ، واري الرياضيين الذين ظهروا في هذه المسالة ، والرياضات.,"so i'm looking at this; i see the athletes that have appeared in this issue, the sports.","i'm looking at this, and the mathematics that came back in this issue, and liberia.",adequate
انا من المعجبين بلانس ارمسترونغ ، لذلك امضي قدما وانقر فوقه، و هذا ما يكشف، بالنسبة لي ، جميع المسائل التي كان لانس ارمسترونغ جزءا منها.,"i'm a lance armstrong fan, so i'll go ahead and i'll click on that, which reveals, for me, all the issues in which lance armstrong's been a part of.","i'm with accentrican, so i've spent over, and i spend over it, and that's what i detected, for me, all the questions that i was because i'd like to be part of them.",adequate
". الان ، اذا ما اردت اخذ القمة في هذه ، يمكن ان افكر فيها هكذا, ""حسنا ، ماذا عن القاء نظرة علي كل سباقات الدراجات؟""","now, if i want to just kind of take a peek at these, i might think, ""well, what about taking a look at all of cycling?""","now, if i want to take the sum up in this, you can think about this, ""well, what do you look at all my bicycles?""",adequate
استطيع ان اخطو خطوة الي الوراء ، والتوسع في هذا الشان.,"so i can step back, and expand on that.","i can take a step back, and the expansion in this apartment.",adequate
واري جريج ليمون الان.,and i see greg lemond now.,and i saw me right now.,adequate
وتحصل علي فكرة انه عندما تنتقل بين المعلومات بهذه الطريقة ، بالذهاب في نطاق اضيق، اوسع، في الولوج الي والولوج من ، فانت لست بصدد البحث ، انت بصدد التصفح.,"and so you get the idea that when you navigate over information this way -- going narrower, broader, backing in, backing out -- you're not searching, you're not browsing.","and you get the idea that when you move between this way, it's going to go on the narrow range, a wider, in the access, you're not looking at the research, you are trying to describe.",adequate
انت في الواقع بصدد فعل شيئ مختلف قليلا.,you're doing something that's actually a little bit different.,you're actually doing something a little different.,adequate
انه ما بين ذلك ، ونعتقد انه يغير الطريقة التي نستخدم فيها المعلومات.,"it's in between, and we think it changes the way information can be used.","it's what's between that, and we think it changes the way we use information.",adequate
لذا اريد ان امضي بهذه الفكرة الي الامام قليلا مع شيء من الجنون.,so i want to extrapolate on this idea a bit with something that's a little bit crazy.,so i want to spend this idea in a little bit beyond something crazy.,adequate
ما نحن بصدد القيام به هنا هو اننا اخذنا كل صفحات ويكيبيديا واختصرناها الي ملخص صغير.,what we're done here is we've taken every single wikipedia page and we reduced it down to a little summary.,"what we're going to do here is we take all the pages and wikipedia, and we've got to a little guy.",adequate
و كل ملخص يتالف فقط من موجز ورمزا للدلالة علي الموضوع الذي اشتق منه.,so the summary consists of just a little synopsis and an icon to indicate the topical area that it comes from.,and every person is just charged from wave and humility to the subject on the subject that i've bought it.,adequate
ساظهر فقط الخمسمائة الاوائل من صفحات ويكيبيديا الاكثر شعبية هنا.,i'm only showing the top 500 most popular wikipedia pages right here.,i'm just going to show the last 50s of the yellow line and the most popular wikipedia here.,adequate
